Date,ACHC,BKNG,BUD,CELH,CRWD,DUOL,ELF,ETSY,EXPE,GOOGL,HIMS,KDP,LULU,LYV,MNST,NVDA,ONON,PANW,PEP,PLNT,RBLX,ROST,SAM,STZ,TAP,TJX,TTWO,VST
2019-01-02,25.860000610351562,67.4355239868164,58.97414779663086,1.149999976158142,,,9.170000076293945,47.0,108.94536590576172,52.2705078125,,20.91111946105957,123.3499984741211,48.310001373291016,24.3799991607666,3.3730525970458984,,30.53499984741211,86.69365692138672,53.58000183105469,,77.88245391845703,235.02999877929688,143.22653198242188,46.31696701049805,40.39141845703125,104.01000213623047,19.090599060058594
2019-01-03,25.399999618530273,65.14107513427734,59.430477142333984,1.1333329677581787,,,9.010000228881836,46.029998779296875,105.5791244506836,50.82284164428711,,20.836231231689453,124.36000061035156,47.689998626708984,24.0,3.169262170791626,,29.950000762939453,85.88446807861328,52.79999923706055,,77.23174285888672,234.74000549316406,141.09617614746094,46.94976806640625,39.966339111328125,99.1500015258789,18.91147232055664
2019-01-04,26.139999389648438,67.27296447753906,61.81950378417969,1.1266670227050781,,,9.34000015258789,49.70000076293945,110.02528381347656,53.42972183227539,,21.26893424987793,128.5500030517578,50.0,24.895000457763672,3.3723089694976807,,30.731666564941406,87.6456527709961,54.91999816894531,,79.33264923095703,245.8800048828125,145.4792022705078,48.442569732666016,41.06068420410156,101.69999694824219,19.679189682006836
2019-01-07,26.299999237060547,67.04854583740234,62.096885681152344,1.2166670560836792,,,9.6899995803833,51.56999969482422,111.4554443359375,53.323177337646484,,21.535205841064453,134.10000610351562,50.900001525878906,24.864999771118164,3.550841808319092,,31.225000381469727,86.8919906616211,55.84000015258789,,82.66993713378906,244.50999450683594,148.53509521484375,48.337093353271484,42.16408157348633,104.41000366210938,20.011869430541992
2019-01-08,26.989999771118164,66.0732650756836,63.304832458496094,1.2599999904632568,,,9.970000267028809,53.880001068115234,113.80014038085938,53.79151916503906,,21.54352378845215,135.86000061035156,52.11000061035156,26.415000915527344,3.462442636489868,,31.738332748413086,87.72498321533203,57.619998931884766,,85.09619903564453,239.13999938964844,150.4734344482422,49.62705612182617,42.78813552856445,107.91999816894531,20.020397186279297
2019-01-09,27.5,64.60721588134766,62.848480224609375,1.25,,,9.829999923706055,52.77000045776367,111.5138168334961,53.60715103149414,,22.026159286499023,136.0,52.7400016784668,26.665000915527344,3.5305368900299072,,32.185001373291016,85.27365112304688,58.310001373291016,,83.98065948486328,233.4499969482422,131.78868103027344,49.489131927490234,42.7519416809082,107.45999908447266,19.883914947509766
2019-01-10,28.670000076293945,65.69763946533203,63.31377410888672,1.3233330249786377,,,8.199999809265137,51.34000015258789,111.10519409179688,53.46739196777344,,21.868051528930664,131.61000061035156,53.0099983215332,26.6299991607666,3.596155881881714,,32.66666793823242,85.79721069335938,58.630001068115234,,84.34321594238281,238.02999877929688,139.63800048828125,50.998146057128906,42.58916091918945,110.0,20.566335678100586
2019-01-11,29.030000686645508,65.24955749511719,65.97122192382812,1.2933330535888672,,,8.210000038146973,52.06999969482422,111.12466430664062,52.75570297241211,,22.467182159423828,132.16000366210938,53.470001220703125,27.184999465942383,3.685298442840576,,32.66166687011719,85.80516052246094,58.79999923706055,,84.78943634033203,239.6999969482422,139.00933837890625,51.3875732421875,42.92378616333008,109.02999877929688,20.293367385864258
2019-01-14,28.139999389648438,66.30670166015625,64.89750671386719,1.2000000476837158,,,8.3100004196167,52.040000915527344,112.08782196044922,52.113399505615234,,21.92630386352539,139.72999572753906,53.95000076293945,27.075000762939453,3.7251651287078857,,32.48833465576172,85.13875579833984,57.220001220703125,,84.250244140625,238.52000427246094,140.45001220703125,50.592498779296875,42.30878829956055,104.9800033569336,20.088642120361328
2019-01-15,28.770000457763672,66.51939392089844,64.88856506347656,1.213333010673523,,,8.300000190734863,54.33000183105469,113.5666275024414,53.848018646240234,,22.109365463256836,141.1300048828125,54.13999938964844,27.3799991607666,3.711050510406494,,33.36166763305664,86.463623046875,58.0,,84.45478820800781,238.22999572753906,140.16183471679688,50.6492919921875,42.79717254638672,106.48999786376953,20.242191314697266
2019-01-16,29.049999237060547,65.82453918457031,63.08113098144531,1.2066669464111328,,,8.119999885559082,54.529998779296875,112.85643005371094,53.9966926574707,,21.859737396240234,142.24000549316406,52.52000045776367,26.905000686645508,3.6855459213256836,,33.54999923706055,85.94793701171875,57.900001525878906,,83.89703369140625,234.55999755859375,139.59439086914062,49.700077056884766,42.98710250854492,105.93000030517578,20.685752868652344
2019-01-17,29.200000762939453,67.54558563232422,64.4053955078125,1.213333010673523,,,8.270000457763672,54.59000015258789,113.54717254638672,54.47297668457031,,21.868051528930664,145.13999938964844,53.119998931884766,27.135000228881836,3.756859540939331,,33.883331298828125,86.64608001708984,58.4900016784668,,84.40829467773438,236.11000061035156,140.01345825195312,50.121944427490234,43.41217803955078,105.37000274658203,20.99284553527832
2019-01-18,28.989999771118164,68.94583892822266,65.89965057373047,1.2300000190734863,,,8.359999656677246,55.83000183105469,115.26922607421875,54.87838363647461,,22.19257926940918,152.07000732421875,54.040000915527344,27.790000915527344,3.885869026184082,,33.883331298828125,87.32040405273438,58.5,,86.46273040771484,240.89999389648438,143.32260131835938,51.61473083496094,44.4613037109375,108.26000213623047,20.64310646057129
2019-01-22,28.31999969482422,66.93730163574219,65.76542663574219,1.2233330011367798,,,8.149999618530273,53.540000915527344,112.51589965820312,53.457481384277344,,22.09272575378418,149.47000122070312,52.869998931884766,27.739999771118164,3.6838128566741943,,33.83333206176758,87.19346618652344,58.189998626708984,,85.17987060546875,242.2100067138672,143.82899475097656,52.004154205322266,44.08144760131836,107.33000183105469,20.711345672607422
2019-01-23,27.889999389648438,68.32111358642578,66.1323013305664,1.1633330583572388,,,8.260000228881836,53.83000183105469,113.4887924194336,53.74394226074219,,22.059446334838867,149.85000610351562,52.79999923706055,27.59000015258789,3.6966888904571533,,34.28666687011719,87.84397888183594,57.79999923706055,,85.06834411621094,248.9600067138672,144.57989501953125,52.263771057128906,43.99101638793945,99.80999755859375,21.12079620361328
2019-01-24,27.780000686645508,70.3327865600586,66.43651580810547,1.25,,,8.239999771118164,54.34000015258789,114.23793029785156,53.72362518310547,,21.942943572998047,148.42999267578125,52.880001068115234,27.68000030517578,3.908402919769287,,35.07833480834961,86.86820220947266,57.619998931884766,,84.78012084960938,243.1199951171875,143.88136291503906,51.428138732910156,44.027191162109375,101.48999786376953,21.018430709838867
2019-01-25,27.559999465942383,70.58854675292969,66.98231506347656,1.2233330011367798,,,8.4399995803833,55.0,113.93634033203125,54.59142303466797,,21.88469696044922,151.88999938964844,53.38999938964844,27.924999237060547,3.9656026363372803,,34.95333480834961,86.74919891357422,57.56999969482422,,85.99791717529297,248.8699951171875,145.63636779785156,52.2475471496582,44.19902420043945,103.69999694824219,21.026960372924805
2019-01-28,27.489999771118164,71.0350570678711,65.9264907836914,1.2166670560836792,,,8.529999732971191,54.91999816894531,113.86824035644531,53.51844024658203,,21.88469696044922,149.6999969482422,52.83000183105469,27.780000686645508,3.4173755645751953,,34.60166549682617,86.3287353515625,57.7400016784668,,85.09619903564453,246.85000610351562,146.59678649902344,52.044715881347656,44.28041458129883,102.38999938964844,20.822235107421875
2019-01-29,27.479999542236328,70.8470687866211,66.20387268066406,1.226667046546936,,,8.4399995803833,53.52000045776367,113.90715789794922,53.03274917602539,,22.026159286499023,148.9499969482422,52.560001373291016,27.739999771118164,3.258652687072754,,34.461666107177734,86.47154998779297,57.58000183105469,,85.0311279296875,244.8300018310547,146.8150634765625,52.53150177001953,44.08144760131836,100.80999755859375,21.018430709838867
2019-01-30,27.770000457763672,71.23482513427734,67.05390167236328,1.2633329629898071,,,8.449999809265137,54.189998626708984,116.18374633789062,54.41697311401367,,22.117692947387695,148.61000061035156,53.22999954223633,28.110000610351562,3.4020237922668457,,35.47666549682617,87.91535949707031,58.04999923706055,,85.79340362548828,244.17999267578125,148.9629364013672,53.00205993652344,44.226165771484375,102.5999984741211,21.25728988647461
2019-01-31,27.360000610351562,71.78749084472656,68.39606475830078,1.363332986831665,,,8.399999618530273,54.650001525878906,116.01834106445312,55.79970932006836,,22.65024185180664,147.80999755859375,53.5099983215332,28.6200008392334,3.5595080852508545,,35.8033332824707,89.38300323486328,57.91999816894531,,85.63539123535156,249.16000366210938,151.6259765625,54.04051208496094,44.9768180847168,105.55000305175781,21.419353485107422
2019-02-01,27.770000457763672,71.95003509521484,68.75395965576172,1.3333330154418945,,,8.430000305175781,54.380001068115234,118.66463470458984,55.43940734863281,,22.641925811767578,146.1199951171875,52.77000045776367,28.975000381469727,3.5837748050689697,,36.711666107177734,89.00223541259766,57.9900016784668,,85.27283477783203,245.9199981689453,151.70457458496094,53.54561996459961,44.226165771484375,104.94999694824219,21.385236740112305
2019-02-04,27.790000915527344,72.8912353515625,69.26398468017578,1.3766670227050781,,,8.4399995803833,54.7400016784668,120.19208526611328,56.56938552856445,,22.608638763427734,146.63999938964844,53.16999816894531,29.09000015258789,3.693965196609497,,36.69333267211914,89.71621704101562,58.150001525878906,,85.83985900878906,244.27999877929688,150.8838348388672,53.423919677734375,44.30756759643555,106.30000305175781,21.666723251342773
2019-02-05,27.790000915527344,74.50769805908203,70.5614013671875,1.3833329677581787,,,8.600000381469727,55.439998626708984,122.78973388671875,57.08729934692383,,22.5587100982666,146.88999938964844,53.34000015258789,28.80500030517578,3.713031768798828,,36.48833465576172,89.56547546386719,58.400001525878906,,86.63003540039062,254.6699981689453,152.5514678955078,53.959373474121094,44.515567779541016,107.29000091552734,21.49612808227539
2019-02-06,27.719999313354492,74.69061279296875,70.0603256225586,1.363332986831665,,,8.59000015258789,52.59000015258789,124.41447448730469,55.651031494140625,,22.56703758239746,145.75999450683594,53.150001525878906,28.68000030517578,3.7885549068450928,,36.758331298828125,89.6844711303711,57.91999816894531,,86.1373519897461,251.89999389648438,150.42977905273438,53.27789306640625,44.09953308105469,92.52999877929688,21.547306060791016
2019-02-07,27.610000610351562,73.52066040039062,68.80764770507812,1.2999999523162842,,,8.609999656677246,51.529998779296875,124.40475463867188,54.80949020385742,,22.608638763427734,147.6300048828125,53.4900016784668,28.71500015258789,3.6503844261169434,,36.57500076293945,89.71621704101562,57.5,,86.07229614257812,260.25,151.9664764404297,53.19676971435547,43.882476806640625,96.38999938964844,21.777618408203125
2019-02-08,26.399999618530273,73.28684997558594,68.1365737915039,1.273332953453064,,,9.239999771118164,53.150001525878906,127.2553482055664,54.63454818725586,,23.116233825683594,148.6199951171875,54.20000076293945,28.94499969482422,3.6689558029174805,,37.436668395996094,89.6606674194336,57.36000061035156,,86.40693664550781,264.0799865722656,152.988037109375,52.68564987182617,44.262325286865234,97.13999938964844,22.118831634521484
2019-02-11,26.760000228881836,73.04830169677734,68.33341979980469,1.2066669464111328,,,9.34000015258789,53.150001525878906,123.19833374023438,54.62165832519531,,23.449073791503906,149.7899932861328,54.02000045776367,29.0,3.6263647079467773,,37.310001373291016,89.62098693847656,57.900001525878906,,87.50386047363281,261.6499938964844,151.48867797851562,53.02639389038086,44.40703582763672,93.44000244140625,22.272375106811523
2019-02-12,27.15999984741211,74.23468780517578,68.3155288696289,1.1833330392837524,,,9.40999984741211,55.83000183105469,123.14970397949219,55.88346862792969,,23.548933029174805,157.32000732421875,55.06999969482422,29.44499969482422,3.743241310119629,,37.40833282470703,90.27153778076172,58.86000061035156,,88.08953857421875,268.4200134277344,150.7608642578125,48.020687103271484,44.99491882324219,89.25,22.425920486450195
2019-02-13,27.1299991607666,75.20137023925781,69.55924224853516,1.1666669845581055,,,9.5,55.040000915527344,124.00584411621094,55.93551254272461,,23.648786544799805,155.27000427246094,55.150001525878906,29.655000686645508,3.785583734512329,,37.026668548583984,90.5333251953125,58.43000030517578,,87.97798156738281,269.32000732421875,153.2423095703125,48.41822814941406,45.29909133911133,92.13999938964844,22.2894344329834
2019-02-14,27.18000030517578,74.51045227050781,67.91288757324219,1.1433329582214355,,,9.430000305175781,54.060001373291016,123.32483673095703,55.9637565612793,,23.241052627563477,154.85000610351562,55.369998931884766,29.315000534057617,3.8264405727386475,,37.526668548583984,89.31954193115234,58.63999938964844,,86.72300720214844,270.5199890136719,152.53207397460938,48.54804229736328,44.944984436035156,93.27999877929688,22.442975997924805
2019-02-15,28.40999984741211,75.73404693603516,69.5145034790039,1.1733330488204956,,,9.380000114440918,54.65999984741211,123.64588165283203,55.48945999145508,,23.499006271362305,151.08999633789062,56.34000015258789,29.360000610351562,3.8960213661193848,,37.79499816894531,91.95336151123047,58.970001220703125,,87.39234161376953,271.3500061035156,153.36505126953125,49.416107177734375,45.60780334472656,93.30000305175781,22.61358070373535
2019-02-19,28.09000015258789,75.80964660644531,68.99555206298828,1.2100000381469727,,,9.40999984741211,55.279998779296875,124.7744369506836,55.8304328918457,,23.440759658813477,147.57000732421875,55.689998626708984,29.114999771118164,3.878688335418701,,38.31666564941406,91.96923828125,58.56999969482422,,87.07626342773438,268.92999267578125,153.1984405517578,49.57838821411133,45.83479690551758,93.2699966430664,22.681827545166016
2019-02-20,27.540000915527344,75.4441909790039,69.50556182861328,1.190000057220459,,,9.5600004196167,54.18000030517578,125.1052474975586,55.537044525146484,,23.440759658813477,148.1199951171875,55.650001525878906,29.350000381469727,3.9259824752807617,,37.77333450317383,91.88990783691406,58.47999954223633,,87.35516357421875,268.29998779296875,146.411865234375,49.8055419921875,45.862030029296875,88.66999816894531,22.724477767944336
2019-02-21,27.719999313354492,74.66632843017578,69.34452056884766,1.1666669845581055,,,9.5600004196167,53.029998779296875,124.6285171508789,54.72523498535156,,23.440759658813477,148.11000061035156,55.869998931884766,29.440000534057617,3.857145309448242,,37.6966667175293,92.1041030883789,58.25,,86.94612121582031,306.75,145.24566650390625,50.36533737182617,45.516998291015625,87.58999633789062,22.82683753967285
2019-02-22,27.700000762939453,74.83122253417969,67.14337158203125,1.1933330297470093,,,9.850000381469727,56.66999816894531,123.53887939453125,55.33731460571289,,22.866594314575195,149.25999450683594,56.86000061035156,29.219999313354492,3.9418301582336426,,38.349998474121094,92.62767028808594,58.0,,87.72696685791016,308.70001220703125,148.2356414794922,50.2436408996582,45.71675491333008,87.06999969482422,22.937728881835938
2019-02-25,27.850000381469727,74.02867126464844,66.98231506347656,1.2100000381469727,,,9.449999809265137,59.0099983215332,122.74110412597656,55.37547302246094,,22.467182159423828,148.5399932861328,56.77000045776367,29.270000457763672,3.9294495582580566,,38.97999954223633,92.07234954833984,56.720001220703125,,87.25288391113281,304.4200134277344,146.56092834472656,49.52159118652344,44.85417556762695,87.29000091552734,22.656238555908203
2019-02-26,27.43000030517578,75.03529357910156,67.28653717041016,1.2233330011367798,,,9.479999542236328,68.6500015258789,124.10314178466797,55.60741424560547,,22.09272575378418,150.97999572753906,56.349998474121094,29.3700008392334,3.8900792598724365,,39.258331298828125,92.0009765625,56.88999938964844,,87.69912719726562,306.3500061035156,148.54249572753906,49.52159118652344,45.14472961425781,87.33999633789062,22.417383193969727
2019-02-27,26.229999542236328,74.65418243408203,66.85704803466797,1.2400000095367432,,,7.300000190734863,71.73999786376953,124.72579956054688,55.651031494140625,,22.417251586914062,150.55999755859375,56.349998474121094,29.3700008392334,3.8482306003570557,,42.47999954223633,91.52496337890625,58.45000076293945,,88.10810852050781,305.6700134277344,148.40220642089844,49.57838821411133,46.81541442871094,84.62999725341797,22.306495666503906
2019-02-28,26.290000915527344,66.46965026855469,69.93505096435547,1.1866669654846191,,,7.949999809265137,71.2699966430664,119.96832275390625,55.83242416381836,,20.927766799926758,150.4199981689453,56.560001373291016,31.915000915527344,3.8236913681030273,,41.04499816894531,92.48307800292969,58.779998779296875,,88.15461730957031,312.55999755859375,148.3232879638672,50.024593353271484,46.57025146484375,87.26000213623047,22.21266746520996
2019-03-01,30.40999984741211,67.13707733154297,73.3351821899414,1.2033330202102661,,,7.949999809265137,72.7699966430664,121.87520599365234,56.92127227783203,,21.635059356689453,151.3800048828125,61.040000915527344,32.369998931884766,3.8779759407043457,,40.91166687011719,92.9149169921875,61.16999816894531,,88.18248748779297,304.8800048828125,150.7608642578125,50.15526580810547,47.23308563232422,88.31999969482422,22.647706985473633
2019-03-04,30.170000076293945,66.8918685913086,73.17411041259766,1.1666669845581055,,,7.949999809265137,68.98999786376953,121.61251068115234,57.164119720458984,,21.676671981811523,147.77999877929688,60.7599983215332,32.5099983215332,3.8861560821533203,,40.42333221435547,92.90693664550781,61.7400016784668,,87.01119995117188,306.9599914550781,149.6122589111328,50.02458953857422,46.67921447753906,87.44000244140625,21.69232749938965
2019-03-05,29.290000915527344,68.38456726074219,73.54991149902344,1.1766669750213623,,,8.0600004196167,70.61000061035156,122.55623626708984,57.945682525634766,,21.635059356689453,148.89999389648438,61.040000915527344,31.309999465942383,3.879711389541626,,39.05666732788086,92.79497528076172,63.619998931884766,,87.54106903076172,309.54998779296875,146.84152221679688,49.89390563964844,46.90620040893555,87.37000274658203,21.734968185424805
2019-03-06,28.25,68.6074447631836,73.4872817993164,1.1433329582214355,,,7.980000019073486,70.04000091552734,122.1953353881836,57.73505783081055,,22.059446334838867,149.08999633789062,60.93000030517578,30.8700008392334,3.768911600112915,,39.073333740234375,93.2988052368164,63.779998779296875,,87.78276824951172,311.739990234375,145.6051788330078,49.134368896484375,47.1513557434082,87.19999694824219,21.521718978881836
2019-03-07,28.489999771118164,67.5651626586914,71.90354919433594,1.149999976158142,,,7.789999961853027,67.23999786376953,120.1275634765625,57.036739349365234,,22.084402084350586,147.6999969482422,60.779998779296875,30.795000076293945,3.6997549533843994,,39.086666107177734,92.85096740722656,63.88999938964844,,85.90495300292969,312.3999938964844,146.9905548095703,49.03635025024414,46.9879264831543,88.41000366210938,21.27433204650879
2019-03-08,28.979999542236328,67.2052230834961,72.10039520263672,1.1699999570846558,,,8.0,67.7699966430664,118.37185668945312,56.993125915527344,,21.96790885925293,142.50999450683594,60.790000915527344,30.30500030517578,3.733961582183838,,39.10499954223633,92.1551742553711,64.04000091552734,,82.790771484375,314.0799865722656,145.7191619873047,48.554473876953125,46.05270767211914,87.04000091552734,21.436412811279297
2019-03-11,29.68000030517578,66.97335815429688,72.29724884033203,1.2066669464111328,,,8.09000015258789,70.66000366210938,118.86930847167969,58.44475555419922,,22.367324829101562,145.2899932861328,62.2400016784668,30.594999313354492,3.9942288398742676,,40.14666748046875,93.24283599853516,65.7300033569336,,84.35252380371094,319.0899963378906,147.59552001953125,49.08535385131836,46.94253921508789,89.80000305175781,21.538772583007812
2019-03-12,29.700000762939453,67.9956283569336,72.207763671875,1.2366670370101929,,,8.010000228881836,71.1500015258789,117.5818099975586,59.33634567260742,,22.658565521240234,145.7899932861328,63.130001068115234,30.114999771118164,4.028435707092285,,40.03666687011719,93.22683715820312,66.56999969482422,,84.74295806884766,313.8299865722656,148.01646423339844,49.175193786621094,47.16043472290039,89.8499984741211,22.076175689697266
2019-03-13,30.059999465942383,68.96345520019531,72.23461151123047,1.2933330535888672,,,8.569999694824219,70.1500015258789,117.5135498046875,59.42605209350586,,22.75010108947754,145.41000366210938,62.68000030517578,29.885000228881836,4.179638862609863,,40.45833206176758,93.2348403930664,67.05999755859375,,84.30603790283203,315.94000244140625,149.63858032226562,49.48554992675781,47.650760650634766,96.02999877929688,22.195600509643555
2019-03-14,30.59000015258789,68.30426788330078,71.26826477050781,1.2599999904632568,,,8.510000228881836,69.91000366210938,117.82565307617188,59.10242462158203,,22.775060653686523,144.17999267578125,63.560001373291016,29.834999084472656,4.103788375854492,,40.459999084472656,92.37110900878906,67.7699966430664,,82.9581069946289,307.6600036621094,149.59471130371094,49.40388107299805,47.30571746826172,92.43000030517578,21.899890899658203
2019-03-15,30.1200008392334,68.62897491455078,72.69989013671875,1.6166670322418213,,,9.239999771118164,69.88999938964844,118.56694030761719,58.99190902709961,,23.033018112182617,141.7899932861328,63.459999084472656,30.135000228881836,4.209133625030518,,39.95333480834961,92.49907684326172,67.30000305175781,,83.81112670898438,306.6199951171875,149.45445251464844,49.673404693603516,47.00608825683594,93.55000305175781,21.934173583984375
2019-03-18,30.459999084472656,68.79191589355469,73.43360137939453,1.6633330583572388,,,9.329999923706055,69.55000305175781,118.16703796386719,58.905174255371094,,23.1578426361084,144.3300018310547,63.08000183105469,30.299999237060547,4.187819004058838,,40.168331146240234,93.78665924072266,67.25,,84.95782470703125,312.6000061035156,150.0068359375,49.77957534790039,47.532718658447266,93.83000183105469,22.10560417175293
2019-03-19,30.940000534057617,69.09352111816406,75.044189453125,1.6566669940948486,,,9.220000267028809,68.5,119.23019409179688,59.59456253051758,,22.88323974609375,144.99000549316406,62.63999938964844,28.959999084472656,4.355380058288574,,40.41666793823242,94.44246673583984,68.06999969482422,,85.50786590576172,302.3599853515625,146.7187042236328,49.62439727783203,47.4146842956543,95.79000091552734,21.92561149597168
2019-03-20,30.270000457763672,69.50086212158203,74.65048217773438,1.6100000143051147,,,9.850000381469727,68.9000015258789,119.45452880859375,60.78252410888672,,23.099590301513672,144.35000610351562,63.150001525878906,28.25,4.322908878326416,,40.970001220703125,94.62640380859375,67.43000030517578,,85.31211853027344,298.4200134277344,144.3249969482422,48.815834045410156,47.70523452758789,96.05999755859375,21.942745208740234
2019-03-21,31.219999313354492,69.49811553955078,75.08891296386719,1.5933330059051514,,,9.880000114440918,69.44000244140625,121.0444107055664,61.263267517089844,,23.332590103149414,148.91000366210938,64.27999877929688,27.100000381469727,4.559378147125244,,41.63166809082031,95.5221176147461,67.6500015258789,,85.30278778076172,297.1600036621094,148.52500915527344,49.66522979736328,47.65983200073242,99.11000061035156,22.405601501464844
2019-03-22,30.059999465942383,67.43121337890625,72.2435531616211,1.5333329439163208,,,10.109999656677246,66.0199966430664,118.64495086669922,59.85177993774414,,23.057981491088867,143.2100067138672,62.95000076293945,26.7549991607666,4.399750232696533,,40.393333435058594,96.5457992553711,66.7699966430664,,83.46617889404297,286.0400085449219,148.6477508544922,48.554473876953125,47.52363586425781,96.0199966430664,22.26845932006836
2019-03-25,29.479999542236328,68.63758850097656,71.89458465576172,1.5399999618530273,,,10.140000343322754,67.86000061035156,119.07413482666016,59.34279251098633,,23.141191482543945,146.5800018310547,62.81999969482422,27.274999618530273,4.3075408935546875,,40.30500030517578,96.6497802734375,67.4000015258789,,83.71790313720703,286.510009765625,147.34127807617188,47.9827766418457,47.93223190307617,96.02999877929688,22.362743377685547
2019-03-26,29.649999618530273,69.2830810546875,73.3978042602539,1.5,,,10.270000457763672,67.73999786376953,119.09364318847656,58.96910858154297,,23.42411231994629,143.55999755859375,63.310001373291016,27.809999465942383,4.3841328620910645,,40.70000076293945,97.58547973632812,67.06999969482422,,84.743408203125,292.57000732421875,150.55921936035156,48.57898712158203,47.977622985839844,96.37000274658203,22.25131607055664
2019-03-27,29.200000762939453,68.62661743164062,73.78254699707031,1.4600000381469727,,,10.489999771118164,65.51000213623047,116.85028839111328,58.382808685302734,,23.232728958129883,146.8000030517578,63.33000183105469,27.440000534057617,4.374962329864502,,39.90833282470703,97.48148345947266,67.08999633789062,,85.45193481445312,290.9200134277344,149.1650390625,48.42380905151367,48.1773796081543,94.48999786376953,22.199888229370117
2019-03-28,29.420000076293945,67.71714782714844,73.9972915649414,1.4333330392837524,,,10.6899995803833,67.12999725341797,116.12850189208984,58.09832763671875,,23.274330139160156,167.5399932861328,63.900001525878906,27.229999542236328,4.393552780151367,,39.731666564941406,97.44151306152344,68.0,,85.68499755859375,290.95001220703125,151.25189208984375,48.407470703125,48.1773796081543,96.48999786376953,22.11417579650879
2019-03-29,29.309999465942383,68.3446273803711,75.13365936279297,1.4199999570846558,,,10.600000381469727,67.22000122070312,116.06997680664062,58.32730484008789,,23.274330139160156,163.8699951171875,63.540000915527344,27.290000915527344,4.450811862945557,,40.47999954223633,98.00936126708984,68.72000122070312,,86.79440307617188,294.7300109863281,153.73330688476562,48.717830657958984,48.31356430053711,94.37000274658203,22.311315536499023
2019-04-01,29.65999984741211,68.90550994873047,74.83837127685547,1.4600000381469727,,,10.789999961853027,68.16000366210938,117.28919219970703,59.422088623046875,,23.049663543701172,165.52000427246094,64.4800033569336,26.639999389648438,4.518232345581055,,40.23500061035156,97.56946563720703,69.7300033569336,,87.87584686279297,290.0299987792969,155.71495056152344,49.30587387084961,48.31356430053711,95.69000244140625,22.311315536499023
2019-04-02,29.649999618530273,69.07470703125,75.3215560913086,1.4566669464111328,,,10.449999809265137,69.7300033569336,117.47452545166016,59.74720764160156,,22.775060653686523,165.47000122070312,64.7699966430664,26.665000915527344,4.536079406738281,,40.03333282470703,97.31355285644531,70.58000183105469,,87.40971374511719,285.6099853515625,154.94334411621094,49.126190185546875,48.1955451965332,97.66000366210938,22.559886932373047
2019-04-03,29.56999969482422,69.52043914794922,75.02628326416016,1.3766670227050781,,,11.279999732971191,69.45999908447266,119.06436920166016,60.008392333984375,,22.966455459594727,166.2100067138672,64.81999969482422,26.295000076293945,4.6753830909729,,40.36833190917969,97.21760559082031,71.25,,88.54706573486328,279.70001220703125,157.55625915527344,48.87301254272461,48.27725601196289,97.91000366210938,22.448457717895508
2019-04-04,30.43000030517578,69.74251556396484,76.04630279541016,1.4066669940948486,,,11.529999732971191,68.30000305175781,119.5325698852539,60.43659973144531,,22.807483673095703,171.3699951171875,63.09000015258789,26.434999465942383,4.6664605140686035,,39.51166534423828,97.14559936523438,70.75,,90.87773895263672,284.0,167.86770629882812,49.62439727783203,49.25788116455078,93.69999694824219,22.328454971313477
2019-04-05,31.040000915527344,69.3057861328125,77.23635864257812,1.3933329582214355,,,11.869999885559082,68.22000122070312,119.48379516601562,60.040103912353516,,22.849313735961914,169.3699951171875,62.93000030517578,26.440000534057617,4.733138561248779,,39.80833435058594,97.26556396484375,71.47000122070312,,91.7447509765625,268.3299865722656,169.48983764648438,49.518218994140625,49.13076400756836,94.52999877929688,22.23417854309082
2019-04-08,30.399999618530273,70.0605697631836,77.00371551513672,1.3799999952316284,,,11.890000343322754,67.6500015258789,120.17630767822266,59.88300323486328,,23.100317001342773,169.77000427246094,63.58000183105469,26.53499984741211,4.753960132598877,,39.813331604003906,97.56946563720703,70.63999938964844,,91.98715209960938,267.80999755859375,168.64808654785156,49.64889144897461,49.330509185791016,94.29000091552734,22.079893112182617
2019-04-09,30.030000686645508,70.28577423095703,77.33478546142578,1.4266669750213623,,,11.850000381469727,66.69000244140625,120.8883285522461,59.605960845947266,,23.158885955810547,167.52000427246094,63.43000030517578,27.344999313354492,4.691247940063477,,40.128334045410156,97.7054443359375,70.44000244140625,,90.94300079345703,269.3399963378906,167.37669372558594,48.63615798950195,48.86744689941406,93.27999877929688,21.84846305847168
2019-04-10,29.90999984741211,70.73738861083984,78.05058288574219,1.4733330011367798,,,11.59000015258789,68.20999908447266,121.10293579101562,59.79230499267578,,23.47681427001953,167.4600067138672,64.5999984741211,27.485000610351562,4.761643409729004,,40.41999816894531,97.60147094726562,70.76000213623047,,91.67947387695312,268.04998779296875,166.68397521972656,48.51364517211914,49.430389404296875,95.33000183105469,22.199888229370117
2019-04-11,29.299999237060547,71.23051452636719,78.71273040771484,1.3833329677581787,,,11.550000190734863,67.6500015258789,121.52232360839844,59.94792175292969,,22.481185913085938,168.0,63.97999954223633,27.375,4.747762680053711,,40.98833465576172,97.30557250976562,71.22000122070312,,91.01758575439453,266.5899963378906,167.6221923828125,49.060855865478516,48.930999755859375,95.2699966430664,22.319889068603516
2019-04-12,29.34000015258789,71.79766845703125,79.22274780273438,1.3766670227050781,,,11.680000305175781,65.37999725341797,122.69277954101562,60.59915542602539,,22.179990768432617,169.8800048828125,64.45999908447266,26.510000228881836,4.709836959838867,,40.776668548583984,97.75343322753906,71.5,,90.77520751953125,261.2699890136719,167.06100463867188,48.98735046386719,49.003639221191406,94.11000061035156,22.371315002441406
2019-04-15,29.309999465942383,72.31311798095703,79.73277282714844,1.3133330345153809,,,11.550000190734863,66.19999694824219,122.36116790771484,60.78748321533203,,22.213451385498047,172.00999450683594,64.94000244140625,27.03499984741211,4.57821798324585,,41.369998931884766,98.8970718383789,73.29000091552734,,91.37183380126953,264.2099914550781,167.40296936035156,49.37120819091797,49.24880599975586,92.6500015258789,22.277029037475586
2019-04-16,28.989999771118164,72.13568115234375,79.38380432128906,1.2999999523162842,,,12.109999656677246,66.27999877929688,122.88786315917969,61.05412292480469,,22.104684829711914,169.3300018310547,64.93000030517578,27.100000381469727,4.665221691131592,,40.746665954589844,97.89739227294922,73.55000305175781,,92.18291473388672,268.3999938964844,166.6050567626953,48.61981201171875,49.475791931152344,90.94000244140625,22.26845932006836
2019-04-17,28.3799991607666,72.06086730957031,79.03485107421875,1.2566670179367065,,,12.510000228881836,64.25,121.74666595458984,61.46200942993164,,21.954086303710938,171.22999572753906,64.52999877929688,27.44499969482422,4.642416954040527,,39.904998779296875,101.57621002197266,72.88999938964844,,93.15249633789062,265.82000732421875,167.9816436767578,48.529972076416016,49.99333572387695,89.73999786376953,22.00274085998535
2019-04-18,29.510000228881836,72.23792266845703,80.49332427978516,1.2566670179367065,,,12.960000038146973,63.400001525878906,121.44430541992188,61.527923583984375,,22.26365089416504,173.30999755859375,65.3499984741211,27.600000381469727,4.6178765296936035,,39.24333190917969,101.64017486572266,73.41000366210938,,93.2270736694336,266.9700012207031,174.31236267089844,50.147098541259766,50.04781723022461,90.73999786376953,22.29417610168457
2019-04-22,29.639999389648438,72.23243713378906,80.17121124267578,1.2400000095367432,,,12.220000267028809,63.5099983215332,121.28823852539062,62.13701629638672,,22.46445083618164,173.02000427246094,65.5,27.485000610351562,4.671667575836182,,39.880001068115234,101.1203842163086,73.75,,91.15743255615234,271.3399963378906,180.15196228027344,49.951087951660156,49.40315246582031,91.91999816894531,22.45703125
2019-04-23,31.219999313354492,73.9385757446289,79.8580322265625,1.3066669702529907,,,12.199999809265137,65.22000122070312,122.78057098388672,62.97112274169922,,22.882780075073242,176.77999877929688,66.41999816894531,28.114999771118164,4.726198196411133,,40.18166732788086,101.64017486572266,73.11000061035156,,91.23201751708984,277.7300109863281,181.92318725585938,50.04908752441406,50.11137390136719,93.29000091552734,22.645599365234375
2019-04-24,31.860000610351562,73.13760375976562,78.92745971679688,1.2933330535888672,,,12.039999961853027,66.08000183105469,121.42478942871094,62.44874572753906,,23.00828742980957,178.27000427246094,66.08999633789062,28.40999984741211,4.738592147827148,,40.518333435058594,101.50425720214844,75.02999877929688,,91.88459014892578,276.42999267578125,184.25555419921875,51.05367660522461,50.3202018737793,93.5999984741211,22.791318893432617
2019-04-25,32.09000015258789,73.09764862060547,77.52268981933594,1.2599999904632568,,,12.029999732971191,67.8499984741211,122.1368179321289,62.81004333496094,,23.14215087890625,177.2899932861328,65.81999969482422,28.950000762939453,4.632996559143066,,40.90999984741211,100.87242126464844,75.44999694824219,,91.38114929199219,300.0,186.0266876220703,51.290523529052734,50.011505126953125,92.9000015258789,22.9713134765625
2019-04-26,32.290000915527344,73.1657943725586,78.36375427246094,1.2666670083999634,,,12.6899995803833,67.70999908447266,124.61429595947266,63.30962371826172,,23.87005043029785,177.08999633789062,66.45999908447266,29.825000762939453,4.414371967315674,,40.973331451416016,101.08837890625,76.22000122070312,,91.87528228759766,304.55999755859375,186.0266876220703,52.13175582885742,49.99333572387695,96.25,23.159879684448242
2019-04-29,32.369998931884766,73.49169158935547,78.74851989746094,1.3433330059051514,,,12.649999618530273,69.41000366210938,126.77960205078125,64.2403564453125,,23.93698501586914,177.5,65.97000122070312,29.344999313354492,4.445109844207764,,41.53333282470703,101.32030487060547,76.06999969482422,,91.61422729492188,304.0899963378906,186.35986328125,52.17258834838867,49.73910140991211,97.1500015258789,23.18560218811035
2019-04-30,32.02000045776367,72.65623474121094,79.58064270019531,1.3799999952316284,,,12.789999961853027,67.54000091552734,126.64306640625,59.42110061645508,,24.321849822998047,176.35000610351562,65.33999633789062,29.799999237060547,4.486504077911377,,41.4716682434082,102.40796661376953,75.69999694824219,,91.04556274414062,310.010009765625,185.59706115722656,52.42577362060547,49.829898834228516,96.83000183105469,23.357027053833008
2019-05-01,32.369998931884766,71.65863037109375,78.5695571899414,1.3799999952316284,,,12.829999923706055,66.79000091552734,125.638427734375,58.150367736816406,,23.81985092163086,175.6699981689453,63.720001220703125,28.969999313354492,4.473367691040039,,41.064998626708984,101.76016998291016,75.37999725341797,,89.3861083984375,304.75,185.96531677246094,48.47281265258789,48.976409912109375,99.05000305175781,23.357027053833008
2019-05-02,32.2599983215332,70.81572723388672,78.3279800415039,1.3899999856948853,,,12.8100004196167,68.06999969482422,125.07270050048828,57.812862396240234,,24.221450805664062,176.5500030517578,63.7599983215332,28.9950008392334,4.5407891273498535,,41.121665954589844,101.4322738647461,75.3499984741211,,89.8336181640625,317.8699951171875,183.36119079589844,48.9383430480957,49.43947219848633,99.68000030517578,23.357027053833008
2019-05-03,33.41999816894531,71.44515991210938,78.82903289794922,1.4166669845581055,,,13.1899995803833,69.6500015258789,123.97052764892578,58.95473861694336,,24.305110931396484,178.63999938964844,64.33999633789062,31.55500030517578,4.5363264083862305,,41.79499816894531,102.10405731201172,72.66999816894531,,90.55145263671875,328.8599853515625,185.36032104492188,50.122596740722656,49.05812072753906,101.62000274658203,22.8513126373291
2019-05-06,33.81999969482422,70.5223617553711,78.53377532958984,1.4033329486846924,,,12.960000038146973,69.02999877929688,121.03463745117188,59.14851379394531,,24.631412506103516,177.69000244140625,64.68000030517578,31.309999465942383,4.457998752593994,,41.30666732788086,101.78416442871094,73.11000061035156,,90.79383087158203,328.3599853515625,184.49224853515625,49.8040771484375,49.203399658203125,101.6500015258789,22.551311492919922
2019-05-07,32.599998474121094,69.91485595703125,76.36323547363281,1.4066669940948486,,,12.239999771118164,66.97000122070312,119.84468841552734,58.4249382019043,,24.313480377197266,173.97999572753906,63.83000183105469,30.799999237060547,4.290932655334473,,39.70166778564453,100.75249481201172,74.19000244140625,,89.27423858642578,327.8999938964844,182.26513671875,49.06901550292969,48.5042610168457,99.87999725341797,22.414173126220703
2019-05-08,32.560001373291016,68.60782623291016,76.97950744628906,1.5399999618530273,,,12.369999885559082,68.08000183105469,118.86930847167969,58.02448654174805,,24.355316162109375,175.1699981689453,64.70999908447266,30.84000015258789,4.311010360717773,,39.75,100.78447723388672,76.69000244140625,,90.27176666259766,334.989990234375,181.66893005371094,48.33396530151367,49.03996276855469,101.80999755859375,21.591320037841797
2019-05-09,32.36000061035156,67.99681091308594,76.07321166992188,1.4866670370101929,,,11.470000267028809,60.7599983215332,116.36257934570312,57.885215759277344,,23.660884857177734,173.7100067138672,64.6500015258789,30.959999084472656,4.218553066253662,,39.63833236694336,100.80848693847656,78.16999816894531,,90.4395523071289,332.94000244140625,177.6648406982422,47.65608215332031,48.8856086730957,102.12000274658203,21.29988670349121
2019-05-10,32.52000045776367,71.67155456542969,76.25447845458984,1.523332953453064,,,11.380000114440918,61.79999923706055,115.83588409423828,57.868865966796875,,24.6063175201416,173.67999267578125,65.36000061035156,31.5,4.184595584869385,,39.15833282470703,102.37598419189453,78.5999984741211,,90.8870620727539,347.8299865722656,178.84408569335938,47.89292907714844,49.24880599975586,103.37999725341797,21.282751083374023
2019-05-13,32.16999816894531,69.6116943359375,74.97663116455078,1.4833329916000366,,,11.760000228881836,57.22999954223633,113.89488983154297,56.33000946044922,,24.505916595458984,167.57000732421875,63.0099983215332,31.170000076293945,3.927551031112671,,37.41666793823242,101.69619750976562,75.58000183105469,,87.12068939208984,344.3800048828125,176.93443298339844,47.26404571533203,47.650760650634766,100.01000213623047,20.974180221557617
2019-05-14,32.79999923706055,70.25444793701172,75.23038482666016,1.4700000286102295,,,11.75,58.81999969482422,116.61618041992188,55.74866485595703,,24.756914138793945,170.67999267578125,64.1500015258789,31.174999237060547,4.016537666320801,,37.80833435058594,101.89612579345703,78.44999694824219,,88.06229400634766,347.760009765625,180.6920928955078,47.713253021240234,47.741554260253906,103.55000305175781,21.059898376464844
2019-05-15,33.11000061035156,70.08837127685547,75.9735336303711,1.4866670370101929,,,12.140000343322754,61.88999938964844,116.2065200805664,58.025474548339844,,24.71508026123047,172.8800048828125,64.31999969482422,31.53499984741211,3.9555602073669434,,36.625,103.4476547241211,78.76000213623047,,88.09956359863281,343.8599853515625,180.39283752441406,47.61524200439453,47.732425689697266,107.4800033569336,20.999897003173828
2019-05-16,32.7599983215332,70.63203430175781,76.01883697509766,1.4833329916000366,,,12.140000343322754,63.650001525878906,115.26041412353516,58.70445251464844,,23.92861557006836,176.8000030517578,64.37999725341797,31.96500015258789,3.9706802368164062,,37.4716682434082,104.18341827392578,80.72000122070312,,89.3861083984375,343.55999755859375,181.9857177734375,47.81126022338867,48.0516242980957,107.55000305175781,21.13703727722168
2019-05-17,32.91999816894531,70.00456237792969,74.89505004882812,1.440000057220459,,,11.970000267028809,62.779998779296875,113.39745330810547,57.92536163330078,,24.480810165405273,173.0,63.630001068115234,31.815000534057617,3.8799591064453125,,37.60333251953125,104.37535858154297,80.0199966430664,,90.61671447753906,341.69000244140625,180.21688842773438,47.90925979614258,48.37080764770508,106.66000366210938,21.265607833862305
2019-05-20,32.779998779296875,68.6313247680664,73.4178237915039,1.4299999475479126,,,11.8100004196167,63.119998931884766,113.61201477050781,56.7299690246582,,24.388778686523438,174.14999389648438,62.970001220703125,31.80500030517578,3.7614755630493164,,37.28166580200195,103.95948791503906,77.73999786376953,,90.12260437011719,347.6000061035156,178.6856689453125,47.41923522949219,48.30696487426758,102.9800033569336,21.47989273071289
2019-05-21,33.43000030517578,69.41313171386719,73.40875244140625,1.4500000476837158,,,12.149999618530273,65.20999908447266,114.58739471435547,57.214664459228516,,24.321849822998047,176.52999877929688,63.900001525878906,31.8700008392334,3.8435215950012207,,37.956668853759766,103.20771026611328,76.5,,90.80316925048828,346.55999755859375,180.40167236328125,47.999107360839844,48.571434020996094,103.75,22.071321487426758
2019-05-22,33.5099983215332,68.34891510009766,74.8769302368164,1.4233330488204956,,,11.710000038146973,64.01000213623047,114.14727020263672,57.2845458984375,,24.36368179321289,175.72000122070312,62.869998931884766,32.0,3.772630214691162,,38.0,104.02348327636719,76.1500015258789,,88.12754821777344,342.6099853515625,180.37527465820312,48.39113235473633,47.16700744628906,104.2300033569336,21.814178466796875
2019-05-23,32.2400016784668,67.24870300292969,74.58692169189453,1.3766670227050781,,,11.5600004196167,63.31999969482422,113.8832015991211,56.763668060302734,,24.221450805664062,170.1999969482422,62.4900016784668,31.614999771118164,3.651668071746826,,35.96500015258789,103.9434814453125,74.41000366210938,,88.1089096069336,336.94000244140625,181.46646118164062,48.529972076416016,47.56828308105469,104.37999725341797,21.257038116455078
2019-05-24,32.709999084472656,66.91773223876953,75.00379943847656,1.3833329677581787,,,11.460000038146973,64.70999908447266,113.37462615966797,56.43012237548828,,24.43897819519043,172.72000122070312,63.279998779296875,31.709999084472656,3.5978798866271973,,36.043331146240234,103.56758880615234,74.55999755859375,,86.49606323242188,335.42999267578125,174.8400115966797,47.95826721191406,47.07579803466797,105.0199966430664,20.982751846313477
2019-05-28,32.61000061035156,66.0293960571289,74.6322250366211,1.3966670036315918,,,11.5600004196167,65.02999877929688,113.4430923461914,56.477203369140625,,24.129411697387695,173.5500030517578,62.45000076293945,31.135000228881836,3.5527660846710205,,35.746665954589844,102.07205963134766,75.48999786376953,,85.144287109375,335.79998779296875,170.9327850341797,46.749507904052734,45.662261962890625,106.54000091552734,21.077035903930664
2019-05-29,32.04999923706055,66.03408813476562,73.6806411743164,1.3799999952316284,,,10.520000457763672,62.130001068115234,113.47241973876953,55.50482177734375,,23.786386489868164,161.58999633789062,62.13999938964844,30.8799991607666,3.478652000427246,,35.88666534423828,102.5039291381836,74.55999755859375,,84.18404388427734,320.5299987792969,166.23353576660156,45.29574203491211,45.3521842956543,107.0,20.588464736938477
2019-05-30,32.81999969482422,65.53041076660156,74.659423828125,1.3833329677581787,,,10.699999809265137,62.95000076293945,113.55067443847656,55.57767868041992,,23.736183166503906,163.85000610351562,61.619998931884766,31.139999389648438,3.452099323272705,,34.04999923706055,102.85581970214844,75.55999755859375,,86.6079330444336,317.7300109863281,164.81671142578125,44.71586608886719,46.1091194152832,106.98999786376953,20.074188232421875
2019-05-31,32.220001220703125,64.87080383300781,73.7712631225586,1.3333330154418945,,,10.1899995803833,62.310001373291016,112.4748306274414,54.8387336730957,,23.585582733154297,165.58999633789062,60.81999969482422,30.93000030517578,3.3615224361419678,,33.356666564941406,102.36795806884766,76.47000122070312,,86.69184875488281,314.29998779296875,155.27748107910156,45.24250793457031,45.862892150878906,108.1500015258789,20.194185256958008
2019-06-03,33.0,64.64520263671875,74.56878662109375,1.3166669607162476,,,10.539999961853027,61.06999969482422,113.619140625,51.48051452636719,,23.585582733154297,163.8699951171875,60.06999969482422,31.405000686645508,3.3198325634002686,,32.78333282470703,103.1517333984375,76.38999938964844,,85.80619812011719,315.6499938964844,155.96377563476562,45.99957275390625,45.49810791015625,105.94999694824219,20.365612030029297
2019-06-04,33.720001220703125,68.42765045166016,76.07321166992188,1.3333330154418945,,,10.989999771118164,61.25,117.5117416381836,52.26108932495117,,23.485185623168945,169.0,61.54999923706055,31.434999465942383,3.5486319065093994,,33.61833190917969,103.2237319946289,77.51000213623047,,88.23009490966797,305.760009765625,162.30870056152344,47.711181640625,46.2368049621582,108.98999786376953,20.802749633789062
2019-06-05,33.29999923706055,69.13150024414062,75.46601104736328,1.3366669416427612,,,11.25,61.4900016784668,117.92252349853516,51.77292251586914,,23.727819442749023,173.52000427246094,61.95000076293945,32.01499938964844,3.505948781967163,,33.20166778564453,105.07913970947266,77.83999633789062,,88.55638122558594,309.8800048828125,164.5615692138672,47.250362396240234,46.65629959106445,111.55000305175781,21.094181060791016
2019-06-06,33.20000076293945,68.73434448242188,76.21822357177734,1.3366669416427612,,,11.84000015258789,61.959999084472656,117.87361145019531,51.927547454833984,,23.727819442749023,170.3800048828125,62.0099983215332,31.920000076293945,3.567988872528076,,32.92333221435547,106.32380676269531,78.91000366210938,,89.64714050292969,319.69000244140625,162.0623321533203,47.48900604248047,46.4192008972168,110.66999816894531,21.102750778198242
2019-06-07,33.90999984741211,69.65204620361328,77.32389068603516,1.2633329629898071,,,11.90999984741211,63.88999938964844,119.90794372558594,52.94899368286133,,23.711084365844727,172.49000549316406,62.189998626708984,32.959999084472656,3.610671281814575,,32.59000015258789,107.52413940429688,77.95999908447266,,92.44395446777344,320.3999938964844,165.79356384277344,46.88007354736328,47.349395751953125,111.6500015258789,20.83704376220703
2019-06-10,33.810001373291016,69.76290130615234,77.33296203613281,1.2666670083999634,,,12.329999923706055,65.30999755859375,119.07661437988281,53.66216278076172,,23.945348739624023,171.35000610351562,61.75,32.875,3.6833813190460205,,33.154998779296875,107.6208267211914,78.29000091552734,,91.59806823730469,317.9599914550781,168.92636108398438,45.04501724243164,47.08492660522461,111.77999877929688,20.665613174438477
2019-06-11,33.91999816894531,70.64456939697266,77.7679672241211,1.2666670083999634,,,12.550000190734863,67.18000030517578,120.35784149169922,53.57692337036133,,23.70271110534668,171.6300048828125,63.18000030517578,32.25,3.7409534454345703,,33.46500015258789,107.306640625,76.5999984741211,,92.0373764038086,333.55999755859375,171.56637573242188,44.95450973510742,47.47707748413086,110.29000091552734,21.059898376464844
2019-06-12,33.779998779296875,70.45929718017578,78.66519165039062,1.3233330249786377,14.5,,12.119999885559082,69.16999816894531,121.49237823486328,53.480777740478516,,23.828214645385742,170.88999938964844,63.38999938964844,32.040000915527344,3.628042459487915,,33.84166717529297,107.25830078125,78.66000366210938,,91.8878402709961,338.2099914550781,166.6031494140625,45.13552474975586,47.54092025756836,108.70999908447266,20.759891510009766
2019-06-13,33.849998474121094,70.87525177001953,77.87671661376953,1.340000033378601,16.889999389648438,,12.4399995803833,70.05000305175781,122.87141418457031,54.07103729248047,,23.945348739624023,174.52000427246094,64.25,30.299999237060547,3.6791627407073975,,34.244998931884766,107.09717559814453,79.56999969482422,,93.97217559814453,341.8500061035156,166.62074279785156,45.349491119384766,48.1701774597168,110.72000122070312,20.55742073059082
2019-06-14,33.029998779296875,69.54276275634766,76.29072570800781,1.3466670513153076,16.040000915527344,,12.239999771118164,67.80000305175781,124.02550506591797,53.83761215209961,,23.953712463378906,176.7100067138672,63.9900016784668,30.665000915527344,3.589329481124878,,33.88166809082031,106.927978515625,80.76000213623047,,94.3740463256836,339.010009765625,165.11595153808594,44.43608474731445,48.644405364990234,110.36000061035156,20.479877471923828
2019-06-17,34.0,69.77425384521484,76.41761016845703,1.3466670513153076,17.502500534057617,,12.420000076293945,68.45999908447266,124.27001190185547,54.21377944946289,,25.13341522216797,183.33999633789062,65.08999633789062,30.959999084472656,3.599008083343506,,34.16666793823242,106.75881958007812,80.9000015258789,,94.81336212158203,337.55999755859375,164.7639617919922,44.15629577636719,48.84503936767578,110.29000091552734,20.040475845336914
2019-06-18,34.20000076293945,70.8544921875,78.72863006591797,1.3566670417785645,19.125,,12.5600004196167,66.94999694824219,124.78836059570312,54.776283264160156,,25.15851402282715,188.02999877929688,66.30999755859375,31.059999465942383,3.7938106060028076,,34.224998474121094,106.38822937011719,80.22000122070312,,95.90692138671875,338.3900146484375,160.13510131835938,44.5265998840332,49.09126663208008,111.0199966430664,20.33341407775879
2019-06-19,34.040000915527344,72.14979553222656,79.68022155761719,1.3600000143051147,19.30500030517578,,12.75,68.13999938964844,126.7933578491211,54.74010467529297,,25.459714889526367,187.10000610351562,66.4800033569336,31.18000030517578,3.7997663021087646,,34.85333251953125,107.02466583251953,80.3499984741211,,96.62662506103516,338.3399963378906,162.20310974121094,44.97918701171875,49.37397766113281,111.0199966430664,20.52295684814453
2019-06-20,34.52000045776367,72.90377044677734,81.32964324951172,1.309999942779541,18.712499618530273,,13.15999984741211,68.83000183105469,126.75424194335938,55.170780181884766,,25.861312866210938,186.5,67.22000122070312,31.760000228881836,3.8240859508514404,,34.439998626708984,108.08000946044922,78.19000244140625,,97.73889923095703,342.75,163.45274353027344,45.24250793457031,49.09126663208008,111.54000091552734,20.841747283935547
2019-06-21,34.720001220703125,73.63581848144531,81.6377944946289,1.2899999618530273,18.0575008392334,,13.069999694824219,65.77999877929688,127.61492919921875,55.77394485473633,,25.643774032592773,181.8699951171875,66.69000244140625,31.889999389648438,3.766016960144043,,34.081668853759766,107.91888427734375,76.01000213623047,,97.16874694824219,346.3399963378906,161.68386840820312,45.604583740234375,48.27049255371094,112.63999938964844,20.764202117919922
2019-06-24,34.66999816894531,73.2758560180664,81.6377944946289,1.2466670274734497,16.99250030517578,,13.109999656677246,63.93000030517578,127.37041473388672,55.34424591064453,,25.074844360351562,182.63999938964844,66.58000183105469,31.780000686645508,3.788351058959961,,33.084999084472656,108.06390380859375,74.30999755859375,,96.13124084472656,349.25,159.51026916503906,45.63749694824219,48.13369369506836,113.83000183105469,20.583267211914062
2019-06-25,34.45000076293945,72.2833480834961,80.115234375,1.2566670179367065,15.380000114440918,,13.890000343322754,61.790000915527344,126.90094757080078,53.90104675292969,,24.74018096923828,177.25999450683594,66.47000122070312,31.665000915527344,3.7590692043304443,,33.09000015258789,107.79804229736328,71.30000305175781,,94.87879180908203,361.19000244140625,161.83352661132812,45.588138580322266,48.379920959472656,112.80999755859375,20.13524627685547
2019-06-26,34.310001373291016,71.68604278564453,79.18177032470703,1.3166669607162476,15.662500381469727,,13.8100004196167,60.36000061035156,124.85684204101562,53.54124069213867,,24.06247901916504,177.30999755859375,66.05000305175781,31.799999237060547,3.952134609222412,,33.26333236694336,106.59770202636719,71.6500015258789,,95.71064758300781,358.2699890136719,162.81910705566406,45.22605514526367,48.19753646850586,111.55000305175781,19.178890228271484
2019-06-27,34.33000183105469,72.2716064453125,79.02769470214844,1.3200000524520874,15.819999694824219,,14.210000038146973,62.36000061035156,127.28239440917969,53.358360290527344,,23.99555206298828,180.11000061035156,66.93000030517578,31.78499984741211,4.050652980804443,,34.14833450317383,106.09017181396484,73.12999725341797,,93.97217559814453,365.5299987792969,165.6263885498047,45.53052520751953,48.224910736083984,113.38999938964844,19.161651611328125
2019-06-28,34.95000076293945,73.42862701416016,80.21492004394531,1.4800000190734863,17.072500228881836,,14.100000381469727,61.369998931884766,130.1089324951172,53.66415023803711,,24.179611206054688,180.2100067138672,66.25,31.915000915527344,4.075468063354492,,33.959999084472656,105.63902282714844,72.44000244140625,,92.6449203491211,377.760009765625,173.30880737304688,46.08186340332031,48.224910736083984,113.52999877929688,19.506288528442383
2019-07-01,34.310001373291016,74.35728454589844,80.14241027832031,1.4066669940948486,15.800000190734863,,14.25,62.060001373291016,130.3143310546875,54.5165901184082,,24.664880752563477,179.9499969482422,67.16000366210938,32.3849983215332,4.123610973358154,,34.27166748046875,106.23518371582031,75.30000305175781,,92.51406860351562,380.29998779296875,172.56076049804688,46.33694839477539,48.297855377197266,115.95999908447266,19.609676361083984
2019-07-02,34.189998626708984,74.73213958740234,82.15435791015625,1.3700000047683716,16.1299991607666,,14.390000343322754,62.63999938964844,131.0673828125,55.14105224609375,,24.899145126342773,180.86000061035156,68.19000244140625,32.32500076293945,4.025836944580078,,34.12666702270508,106.6863021850586,76.05000305175781,,91.76631927490234,379.6300048828125,174.8223876953125,46.18883514404297,48.13369369506836,116.91000366210938,19.489059448242188
2019-07-03,34.29999923706055,75.18883514404297,85.12696075439453,1.3700000047683716,16.809999465942383,,14.289999961853027,64.27999877929688,131.91830444335938,55.65598678588867,,25.395280838012695,183.99000549316406,69.4000015258789,32.974998474121094,4.038740158081055,,34.82500076293945,107.94306945800781,76.94000244140625,,93.4674301147461,383.3800048828125,175.9136505126953,46.78954315185547,49.173336029052734,118.06999969482422,19.420135498046875
2019-07-05,34.619998931884766,75.38858795166016,84.02130126953125,1.350000023841858,16.802499771118164,,14.15999984741211,63.380001068115234,132.15301513671875,56.13572311401367,,25.29437255859375,183.2100067138672,69.66000366210938,32.959999084472656,3.976205348968506,,34.9033317565918,107.16162109375,76.23999786376953,,94.2899398803711,386.510009765625,173.79283142089844,46.781314849853516,49.63844299316406,117.2300033569336,19.420135498046875
2019-07-08,34.16999816894531,73.4697494506836,83.08782196044922,1.363332986831665,16.727500915527344,,14.220000267028809,64.01000213623047,129.57101440429688,55.34870529174805,,25.159826278686523,186.8000030517578,68.61000061035156,33.0,3.9012625217437744,,34.9716682434082,106.79104614257812,76.3499984741211,,94.94420623779297,388.2300109863281,176.0896453857422,46.45216751098633,50.1126708984375,114.75,19.325359344482422
2019-07-09,33.619998931884766,73.5523910522461,82.93377685546875,1.4166669845581055,17.112499237060547,,15.460000038146973,66.86000061035156,130.51968383789062,55.72041320800781,,24.714147567749023,186.0500030517578,69.08000183105469,32.380001068115234,3.9037437438964844,,35.88999938964844,106.13046264648438,76.30000305175781,,95.31807708740234,381.94000244140625,174.2768096923828,45.703330993652344,49.96674346923828,115.08999633789062,19.316736221313477
2019-07-10,33.66999816894531,73.22024536132812,82.78874969482422,1.4199999570846558,18.584999084472656,,16.950000762939453,66.44999694824219,130.3730010986328,56.54411697387695,,24.520742416381836,183.8699951171875,69.33999633789062,32.51499938964844,3.9719862937927246,,35.779998779296875,108.28140258789062,76.66999816894531,,95.90692138671875,384.7300109863281,176.69683837890625,45.97488021850586,50.30418395996094,117.16000366210938,19.325359344482422
2019-07-11,33.619998931884766,73.407470703125,81.25714874267578,1.4533330202102661,17.719999313354492,,16.399999618530273,64.98999786376953,130.9989471435547,56.70122146606445,,24.419832229614258,183.07000732421875,69.87999725341797,32.400001525878906,4.126339435577393,,36.276668548583984,108.23306274414062,76.66999816894531,,96.17797088623047,382.9100036621094,173.951171875,45.0697021484375,50.94256591796875,116.52999877929688,19.290895462036133
2019-07-12,33.5099983215332,73.73295593261719,78.79205322265625,1.3666670322418213,18.375,,16.440000534057617,64.5999984741211,131.62490844726562,56.763668060302734,,24.159151077270508,189.52000427246094,70.5,32.5,4.159343242645264,,36.15666580200195,107.37105560302734,77.54000091552734,,99.09416198730469,396.8299865722656,175.64964294433594,44.7487907409668,51.699485778808594,116.45999908447266,19.4545955657959
2019-07-15,33.34000015258789,73.71063232421875,80.2602310180664,1.4133330583572388,17.899999618530273,,16.6200008392334,65.55000305175781,131.7813720703125,57.0198860168457,,23.96574592590332,189.1699981689453,70.83000183105469,32.630001068115234,4.150907516479492,,36.61000061035156,108.07192993164062,77.19000244140625,,99.40259552001953,386.9200134277344,174.7608642578125,44.189208984375,51.49885940551758,117.02999877929688,19.428743362426758
2019-07-16,32.7599983215332,73.98442077636719,79.76178741455078,1.5666669607162476,17.385000228881836,,16.799999237060547,64.20999908447266,133.37557983398438,57.16609191894531,,23.789159774780273,190.17999267578125,70.55000305175781,32.89500045776367,4.146191120147705,,36.64500045776367,107.79000854492188,77.54000091552734,,99.83255004882812,391.0299987792969,174.13604736328125,44.839298248291016,51.270870208740234,117.44999694824219,18.92902183532715
2019-07-17,32.290000915527344,73.15563201904297,80.13335418701172,1.5,17.75,,16.899999618530273,63.41999816894531,132.17257690429688,56.83305358886719,,23.52847671508789,190.3800048828125,70.33000183105469,32.869998931884766,4.211456298828125,,37.27333450317383,106.96826934814453,76.51000213623047,,100.28119659423828,390.4700012207031,175.45603942871094,44.67471694946289,51.34383010864258,117.5999984741211,19.144424438476562
2019-07-18,31.920000076293945,73.86730194091797,80.96712493896484,1.5333329439163208,18.1875,,16.84000015258789,65.19999694824219,133.473388671875,56.857826232910156,,23.520063400268555,189.38999938964844,70.58999633789062,32.48500061035156,4.223120212554932,,37.051666259765625,107.04884338378906,76.37999725341797,,100.04754638671875,389.44000244140625,178.28964233398438,44.75700378417969,50.35889434814453,117.69999694824219,19.04964828491211
2019-07-19,31.68000030517578,73.7176742553711,85.44416809082031,1.5866669416427612,20.8799991607666,,16.670000076293945,65.8499984741211,132.1334991455078,56.080223083496094,,23.23415756225586,187.94000244140625,70.29000091552734,31.6299991607666,4.179941177368164,,37.043331146240234,104.80117797851562,74.16999816894531,,99.6456298828125,387.5799865722656,177.38328552246094,44.92158889770508,49.829952239990234,116.05999755859375,18.80840301513672
2019-07-22,31.34000015258789,74.17241668701172,86.06949615478516,1.6433329582214355,21.920000076293945,,16.420000076293945,68.52999877929688,133.0332489013672,56.45985412597656,,23.21734046936035,187.75,70.04000091552734,31.764999389648438,4.251410007476807,,36.93166732788086,104.9542465209961,74.83999633789062,,99.01940155029297,393.8500061035156,177.03125,44.62534713745117,49.42869186401367,116.66000366210938,18.618852615356445
2019-07-23,31.0,74.4289779663086,86.84889221191406,1.613332986831665,21.684999465942383,,16.139999389648438,67.81999969482422,134.29495239257812,56.897972106933594,,23.30984115600586,189.07000732421875,70.47000122070312,32.04999923706055,4.359110355377197,,37.32500076293945,105.32485961914062,74.54000091552734,,99.17829132080078,385.79998779296875,178.01686096191406,46.32872772216797,49.83907699584961,118.11000061035156,18.463775634765625
2019-07-24,32.2400016784668,75.17315673828125,86.60420227050781,1.6866669654846191,21.864999771118164,,16.729999542236328,68.05000305175781,134.7937469482422,56.48563003540039,,23.343477249145508,192.2100067138672,70.87000274658203,32.369998931884766,4.433557510375977,,37.503334045410156,104.09225463867188,76.63999938964844,,99.02873992919922,385.6400146484375,179.6008758544922,46.616737365722656,50.15826416015625,118.9000015258789,18.57577896118164
2019-07-25,32.13999938964844,75.44264221191406,90.1658935546875,1.6699999570846558,23.06999969482422,,16.829999923706055,68.7300033569336,135.17520141601562,56.29779815673828,,23.5537052154541,191.2100067138672,72.52999877929688,32.08000183105469,4.302529335021973,,37.233333587646484,103.91503143310547,77.81999969482422,,98.62681579589844,386.3599853515625,178.6504669189453,46.6331901550293,50.20387268066406,119.25,18.885948181152344
2019-07-26,33.20000076293945,77.03755950927734,91.07217407226562,1.6799999475479126,23.219999313354492,,16.899999618530273,70.86000061035156,136.35862731933594,61.713775634765625,,23.629383087158203,190.61000061035156,73.54000091552734,32.599998474121094,4.3444695472717285,,37.83833312988281,105.7115249633789,79.16000366210938,,99.85124206542969,398.5,179.4512939453125,46.56736755371094,50.85136032104492,121.77999877929688,18.739477157592773
2019-07-29,33.02000045776367,75.18492126464844,92.1415786743164,1.6333329677581787,21.8075008392334,,17.09000015258789,69.12000274658203,135.6641845703125,61.54624938964844,,23.545291900634766,192.08999633789062,71.19999694824219,32.69499969482422,4.338266372680664,,37.608333587646484,105.96128845214844,77.95999908447266,,99.55216217041016,391.1099853515625,175.12161254882812,46.50153350830078,50.55952453613281,123.58999633789062,18.756710052490234
2019-07-30,32.88999938964844,75.0689697265625,92.06001281738281,1.6633330583572388,23.5,,17.25,68.0,132.28016662597656,60.86033630371094,,23.71347427368164,191.77000427246094,72.0999984741211,32.755001068115234,4.353898048400879,,37.96333312988281,105.11540222167969,78.69999694824219,,99.39327239990234,386.69000244140625,176.83766174316406,46.83891677856445,50.1400260925293,123.19999694824219,18.842872619628906
2019-07-31,31.940000534057617,73.89472198486328,91.5162582397461,1.6633330583572388,22.267499923706055,,16.59000015258789,67.0199966430664,129.82530212402344,60.3746452331543,,23.663021087646484,191.08999633789062,72.05999755859375,32.23500061035156,4.186888217926025,,37.75666809082031,102.96443176269531,78.66000366210938,,99.103515625,392.32000732421875,173.20323181152344,44.42784881591797,49.75699996948242,122.5199966430664,18.48961639404297
2019-08-01,29.639999389648438,73.63032531738281,91.04497528076172,1.5833330154418945,22.88249969482422,,16.0,68.13999938964844,128.5244903564453,60.05646896362305,,23.671432495117188,185.4499969482422,71.25,31.729999542236328,4.092590808868408,,37.564998626708984,102.4246597290039,78.02999877929688,,96.80420684814453,383.0400085449219,170.36956787109375,43.193519592285156,47.96042251586914,122.0999984741211,18.567167282104492
2019-08-02,29.06999969482422,72.3072509765625,90.80029296875,1.636667013168335,22.002500534057617,,16.020000457763672,59.709999084472656,126.33367156982422,59.290260314941406,,23.629383087158203,178.92999267578125,70.69999694824219,31.19499969482422,4.000028133392334,,36.926666259765625,103.05304718017578,76.5999984741211,,96.72943115234375,383.7900085449219,169.61279296875,42.987796783447266,47.75068283081055,121.69000244140625,18.989334106445312
2019-08-05,28.579999923706055,70.05587005615234,88.98772430419922,1.5866669416427612,21.3700008392334,,15.84000015258789,53.939998626708984,123.7223129272461,57.23003005981445,,23.503246307373047,174.4600067138672,68.5,29.479999542236328,3.741945743560791,,35.755001068115234,100.2173080444336,74.73999786376953,,94.60772705078125,373.2300109863281,164.28872680664062,41.630027770996094,46.2368049621582,115.37999725341797,18.713626861572266
2019-08-06,29.229999542236328,69.97440338134766,88.54364776611328,1.5666669607162476,21.309999465942383,,16.670000076293945,55.38999938964844,124.27001190185547,58.03935241699219,,23.41916275024414,179.6300048828125,70.01000213623047,30.09000015258789,3.78065824508667,,35.685001373291016,101.86878204345703,77.5,,96.62662506103516,389.05999755859375,164.72869873046875,42.123756408691406,47.74155044555664,124.55999755859375,19.196115493774414
2019-08-07,29.399999618530273,71.34683227539062,88.96959686279297,1.5,21.05500030517578,,16.549999237060547,56.060001373291016,124.37760162353516,58.27873229980469,,23.21734046936035,181.36000061035156,70.80000305175781,30.19499969482422,3.8188743591308594,,35.33000183105469,102.94025421142578,72.25,,97.12199401855469,394.510009765625,165.5823516845703,42.90550231933594,47.577396392822266,129.39999389648438,19.00657081604004
2019-08-08,29.270000457763672,76.02545928955078,89.2777328491211,1.6033329963684082,22.912500381469727,,17.309999465942383,58.040000915527344,127.60513305664062,59.7794189453125,,24.41142463684082,186.35000610351562,72.30000305175781,31.09000015258789,3.927318572998047,,35.84166717529297,104.30172729492188,75.3499984741211,,100.04754638671875,406.8800048828125,170.07040405273438,43.382781982421875,48.81767272949219,131.38999938964844,19.601064682006836
2019-08-09,28.770000457763672,75.112060546875,89.01492309570312,1.4966670274734497,23.725000381469727,,17.239999771118164,56.43000030517578,126.08914947509766,58.92251968383789,,24.461877822875977,182.82000732421875,72.11000061035156,29.614999771118164,3.826070785522461,,35.8650016784668,103.60083770751953,73.7699966430664,,98.60812377929688,402.9599914550781,170.85357666015625,43.32518005371094,48.297855377197266,128.8699951171875,19.066884994506836
2019-08-12,28.260000228881836,75.0807113647461,87.2476577758789,1.3899999856948853,23.252500534057617,,16.649999618530273,54.970001220703125,125.20893096923828,58.20884704589844,,24.066652297973633,178.82000732421875,70.62999725341797,28.239999771118164,3.758324384689331,,36.04999923706055,103.39944458007812,71.66999816894531,,96.53315734863281,402.5400085449219,170.54441833496094,42.79853439331055,47.16700744628906,127.62000274658203,19.041032791137695
2019-08-13,29.020000457763672,76.11083984375,86.70389556884766,1.4500000476837158,24.912500381469727,,16.799999237060547,55.7400016784668,126.31412506103516,59.310577392578125,,23.940519332885742,179.58999633789062,71.36000061035156,29.020000457763672,3.87247633934021,,37.07666778564453,104.67228698730469,72.62999725341797,,99.48673248291016,409.70001220703125,173.6186981201172,42.52696990966797,48.8267936706543,127.52999877929688,19.463212966918945
2019-08-14,27.920000076293945,74.07411193847656,84.61039733886719,1.3966670036315918,23.5049991607666,,16.40999984741211,52.84000015258789,123.86901092529297,57.70085525512695,,23.05756950378418,174.67999267578125,69.05999755859375,28.05500030517578,3.724079132080078,,36.095001220703125,104.0197525024414,69.33000183105469,,95.49565887451172,397.80999755859375,170.81826782226562,41.42430114746094,47.104896545410156,126.22000122070312,19.204736709594727
2019-08-15,27.360000610351562,74.60209655761719,84.8550796508789,1.3733329772949219,23.415000915527344,,16.40999984741211,51.709999084472656,124.01571655273438,57.952125549316406,,23.41073989868164,175.44000244140625,69.41000366210938,28.475000381469727,3.6918187141418457,,35.768333435058594,105.30872344970703,68.87000274658203,,94.78533172607422,408.54998779296875,171.73703002929688,41.852210998535156,45.97834396362305,126.16000366210938,19.48044204711914
2019-08-16,27.520000457763672,75.28832244873047,86.35950469970703,1.3833329677581787,24.012500762939453,,16.43000030517578,52.61000061035156,125.77620697021484,58.44227981567383,,23.5537052154541,177.8300018310547,70.3499984741211,28.59000015258789,3.9595792293548584,,33.211666107177734,106.14654541015625,69.80999755859375,,96.43968963623047,421.9599914550781,175.61520385742188,42.691551208496094,47.06825256347656,127.19999694824219,20.41094970703125
2019-08-19,27.43000030517578,76.13199615478516,86.93045806884766,1.3466670513153076,24.84749984741211,,17.850000381469727,52.40999984741211,127.9278793334961,59.49444580078125,,23.503246307373047,178.6699981689453,71.47000122070312,28.899999618530273,4.238010406494141,,33.005001068115234,106.79908752441406,69.48999786376953,,97.29022979736328,422.7099914550781,178.27432250976562,43.201744079589844,47.21480178833008,129.86000061035156,20.41094970703125
2019-08-20,27.209999084472656,75.76655578613281,86.0513687133789,1.3300000429153442,24.790000915527344,,17.709999084472656,52.88999938964844,127.7518539428711,58.65637969970703,,23.45279312133789,179.6699981689453,71.44999694824219,28.920000076293945,4.165796756744385,,33.279998779296875,106.38822937011719,66.94999694824219,,97.38371276855469,431.9800109863281,178.87503051757812,42.921958923339844,47.17816162109375,131.42999267578125,20.49711036682129
2019-08-21,27.329999923706055,76.60279846191406,86.88516235351562,1.3899999856948853,24.145000457763672,,17.979999542236328,54.25,128.34999084472656,59.05534744262695,,23.31825065612793,183.3300018310547,71.83999633789062,29.014999389648438,4.2491774559021,,33.961666107177734,106.61380767822266,68.22000122070312,,98.79508209228516,439.6000061035156,179.2019500732422,42.609256744384766,49.00080871582031,134.2100067138672,20.7728214263916
2019-08-22,27.329999923706055,76.47432708740234,86.6223373413086,1.286666989326477,23.24250030517578,,18.239999771118164,55.400001525878906,128.17349243164062,59.0523681640625,,23.11643409729004,183.97000122070312,71.44999694824219,28.575000762939453,4.255379676818848,,34.09333419799805,106.87159729003906,67.23999786376953,,100.38400268554688,437.44000244140625,178.15065002441406,42.53520202636719,50.2647590637207,132.38999938964844,20.798667907714844
2019-08-23,26.43000030517578,74.36709594726562,85.36260223388672,1.2566670179367065,22.107500076293945,,17.479999542236328,54.09000015258789,125.04540252685547,57.17204284667969,,22.46894073486328,180.02999877929688,70.72000122070312,28.040000915527344,4.031045913696289,,33.595001220703125,104.94620513916016,66.72000122070312,,96.22469329833984,429.4100036621094,175.3678741455078,41.202117919921875,48.62528610229492,128.80999755859375,20.660818099975586
2019-08-26,26.56999969482422,75.07758331298828,85.9154281616211,1.3133330345153809,22.219999313354492,,17.799999237060547,53.58000183105469,126.00637817382812,58.04430389404297,,22.48575782775879,182.35000610351562,71.69999694824219,28.325000762939453,4.105742454528809,,33.94166564941406,107.74164581298828,68.37000274658203,,97.72953796386719,435.010009765625,178.8397216796875,41.61355972290039,48.95501708984375,130.49000549316406,20.902057647705078
2019-08-27,25.950000762939453,75.20214080810547,84.27506256103516,1.2466670274734497,21.020000457763672,,17.459999084472656,53.40999984741211,125.9671630859375,58.026466369628906,,22.494165420532227,180.11000061035156,70.30999755859375,28.28499984741211,4.01516580581665,,33.68000030517578,108.56336212158203,69.94999694824219,,95.8788833618164,441.260009765625,175.0851593017578,41.2844123840332,48.91838455200195,130.83999633789062,20.669429779052734
2019-08-28,26.190000534057617,76.06424713134766,84.86415100097656,1.3533329963684082,21.747499465942383,,17.56999969482422,54.34000015258789,126.86932373046875,58.17167663574219,,22.561431884765625,182.6999969482422,69.19999694824219,29.040000915527344,4.004733085632324,,33.03333282470703,108.9097900390625,71.48999786376953,,97.72953796386719,438.04998779296875,178.30084228515625,42.090850830078125,50.01747131347656,131.22000122070312,20.71251106262207
2019-08-29,26.540000915527344,76.65724182128906,86.33232879638672,1.3899999856948853,20.954999923706055,,16.75,54.400001525878906,127.48709869384766,59.18717575073242,,22.90620231628418,186.05999755859375,68.86000061035156,28.80500030517578,4.14831018447876,,33.358333587646484,109.57843017578125,72.2699966430664,,100.11297607421875,436.32000732421875,180.77444458007812,42.481956481933594,50.741031646728516,132.39999389648438,21.02267837524414
2019-08-30,26.459999084472656,77.02032470703125,85.64354705810547,1.3666670322418213,20.31999969482422,,16.31999969482422,52.790000915527344,127.57534790039062,59.00330352783203,,22.939842224121094,184.6699981689453,69.51000213623047,29.334999084472656,4.160979270935059,,33.936668395996094,110.15042114257812,70.61000061035156,,99.0848159790039,438.4200134277344,180.52706909179688,42.73992919921875,50.34718704223633,131.97000122070312,21.496549606323242
2019-09-03,25.790000915527344,76.05563354492188,85.15415954589844,1.3166669607162476,20.940000534057617,,16.65999984741211,50.29999923706055,126.28096008300781,57.963523864746094,,22.368026733398438,179.5399932861328,68.45999908447266,28.81999969482422,4.078011989593506,,33.188331604003906,110.738525390625,67.0999984741211,,98.15946960449219,411.1000061035156,184.06072998046875,43.5970573425293,49.706058502197266,131.66000366210938,21.599946975708008
2019-09-04,26.110000610351562,76.72187042236328,85.85198974609375,1.2200000286102295,21.327499389648438,,17.059999465942383,50.150001525878906,126.20250701904297,58.59393310546875,,22.704387664794922,180.6999969482422,70.5,29.030000686645508,4.1920270919799805,,33.415000915527344,112.0999755859375,67.13999938964844,,99.04743194580078,405.7799987792969,185.67735290527344,44.21286392211914,49.82512283325195,132.74000549316406,21.72918128967285
2019-09-05,26.31999969482422,78.11820983886719,84.51069641113281,1.3133330345153809,21.712499618530273,,17.309999465942383,50.099998474121094,128.99717712402344,60.0767822265625,,22.830524444580078,188.41000366210938,70.9800033569336,29.385000228881836,4.464773178100586,,35.34166717529297,110.3032455444336,65.1500015258789,,102.21598815917969,410.29998779296875,181.03939819335938,44.25446701049805,51.079917907714844,131.35000610351562,22.125507354736328
2019-09-06,27.059999465942383,77.068115234375,84.80071258544922,1.226667046546936,18.9950008392334,,17.520000457763672,47.97999954223633,129.1540985107422,59.78586196899414,,22.5866641998291,203.13999938964844,71.37000274658203,28.584999084472656,4.437697410583496,,35.98666763305664,111.43075561523438,65.45999908447266,,102.04773712158203,403.55999755859375,180.88040161132812,44.45417785644531,51.418792724609375,130.75999450683594,21.996267318725586
2019-09-09,28.889999389648438,78.03243255615234,86.8035888671875,1.2533329725265503,16.774999618530273,,16.81999969482422,50.5,128.66380310058594,59.73382568359375,,22.494165420532227,194.38999938964844,69.33000183105469,28.614999771118164,4.483652591705322,,35.1966667175293,110.64391326904297,63.189998626708984,,101.40282440185547,399.8800048828125,182.64724731445312,46.492984771728516,52.01413345336914,132.1699981689453,22.013500213623047
2019-09-10,30.43000030517578,79.07076263427734,85.37166595458984,1.2933330535888672,17.912500381469727,,15.979999542236328,50.529998779296875,127.64398956298828,59.7551383972168,,22.83893585205078,193.25999450683594,68.6500015258789,28.8799991607666,4.550223350524902,,34.473331451416016,110.2059097290039,64.33999633789062,,101.0943603515625,379.0,183.91055297851562,47.100467681884766,52.13319778442383,128.39999389648438,22.073810577392578
2019-09-11,31.940000534057617,80.30065155029297,85.43509674072266,1.3899999856948853,17.27750015258789,,15.930000305175781,52.66999816894531,128.01661682128906,60.46385955810547,,23.763927459716797,196.41000366210938,70.2699966430664,28.434999465942383,4.578789234161377,,35.73500061035156,110.6114730834961,63.81999969482422,,101.47380828857422,390.4800109863281,182.66493225097656,46.917396545410156,51.93170166015625,122.62000274658203,22.3753604888916
2019-09-12,31.579999923706055,79.95793151855469,88.335205078125,1.2000000476837158,17.415000915527344,,16.020000457763672,54.880001068115234,129.09524536132812,61.20577621459961,,23.25938606262207,198.72999572753906,70.62999725341797,28.725000381469727,4.577298164367676,,34.87333297729492,111.36588287353516,64.2300033569336,,102.45752716064453,392.5400085449219,180.19131469726562,46.80921173095703,51.97748565673828,126.23999786376953,22.63384246826172
2019-09-13,31.969999313354492,80.83880615234375,87.365478515625,1.2633329629898071,16.21500015258789,,15.739999771118164,56.86000061035156,129.732666015625,61.456546783447266,9.800000190734863,23.166885375976562,195.17999267578125,70.29000091552734,29.43000030517578,4.519421577453613,,34.724998474121094,110.6763916015625,62.5099983215332,,102.24203491210938,389.3599853515625,180.27972412109375,47.57480239868164,51.82179260253906,125.0999984741211,22.72473907470703
2019-09-16,32.790000915527344,81.19329071044922,86.76732635498047,1.2533329725265503,16.96500015258789,,15.720000267028809,57.84000015258789,128.73243713378906,61.040245056152344,9.800000190734863,22.965065002441406,193.6999969482422,69.2300033569336,29.614999771118164,4.476447105407715,,35.96666717529297,109.41094970703125,62.2400016784668,,100.79924011230469,388.07000732421875,180.0764923095703,47.89101791381836,50.76851272583008,128.6300048828125,22.993112564086914
2019-09-17,31.989999771118164,81.36914825439453,87.8820571899414,1.2100000381469727,17.760000228881836,,16.18000030517578,59.849998474121094,130.11508178710938,60.95351028442383,9.800000190734863,23.41916275024414,195.47000122070312,69.91000366210938,28.9950008392334,4.4978108406066895,,35.448333740234375,110.07609558105469,62.77000045776367,,101.31454467773438,352.0,181.7637939453125,46.33487319946289,51.18981170654297,130.91000366210938,23.079679489135742
2019-09-18,32.290000915527344,80.62220764160156,87.81861877441406,1.2166670560836792,17.712499618530273,,16.469999313354492,59.45000076293945,131.2133331298828,61.09080123901367,9.800000190734863,23.503246307373047,195.36000061035156,68.05999755859375,29.18000030517578,4.470734119415283,,35.03166580200195,109.91384887695312,61.650001525878906,,101.84856414794922,358.04998779296875,183.15963745117188,45.802284240722656,51.537864685058594,129.75999450683594,23.15760040283203
2019-09-19,32.310001373291016,80.63005065917969,86.07857513427734,1.1866669654846191,17.232500076293945,,17.049999237060547,59.06999969482422,131.87034606933594,61.39311218261719,9.949999809265137,23.21734046936035,193.61000061035156,67.69000244140625,29.395000457763672,4.395219802856445,,34.814998626708984,109.89762878417969,61.560001373291016,,101.75486755371094,351.4700012207031,183.16845703125,45.802284240722656,51.711883544921875,130.58999633789062,23.097002029418945
2019-09-20,32.7599983215332,79.572509765625,87.29297637939453,1.1799999475479126,16.74250030517578,,17.649999618530273,60.40999984741211,131.57615661621094,60.951534271240234,9.949999809265137,22.973482131958008,189.3000030517578,67.38999938964844,29.174999237060547,4.2896504402160645,,34.70833206176758,109.2730484008789,60.34000015258789,,98.13851165771484,345.4800109863281,181.1896209716797,46.81753158569336,50.20064926147461,130.55999755859375,23.495220184326172
2019-09-23,32.869998931884766,78.70455169677734,87.31110382080078,1.1866669654846191,16.727500915527344,,18.399999618530273,60.540000915527344,129.80125427246094,61.19189453125,9.949999809265137,22.822118759155273,195.17999267578125,68.19999694824219,29.559999465942383,4.343055248260498,,34.95166778564453,109.86519622802734,61.599998474121094,,100.27458190917969,355.04998779296875,181.7815399169922,46.77592086791992,50.5486946105957,125.7300033569336,23.33938980102539
2019-09-24,31.959999084472656,77.96937561035156,85.03634643554688,1.1633330583572388,15.630000114440918,,18.18000030517578,56.900001525878906,130.02682495117188,60.38108825683594,9.949999809265137,22.67074966430664,193.85000610351562,66.69999694824219,29.405000686645508,4.285675525665283,,34.57833480834961,109.80030822753906,61.70000076293945,,100.84610748291016,340.0199890136719,181.13661193847656,46.476341247558594,50.64944839477539,125.08000183105469,23.356706619262695
2019-09-25,32.15999984741211,78.08255767822266,85.74324035644531,1.1566669940948486,15.505000114440918,,18.270000457763672,55.0,131.00743103027344,61.749454498291016,9.949999809265137,22.704387664794922,193.02000427246094,67.4800033569336,29.184999465942383,4.42726469039917,,35.22666549682617,109.58126831054688,60.709999084472656,,101.40821075439453,349.0,180.21783447265625,46.71767044067383,50.8509407043457,127.23999786376953,23.503877639770508
2019-09-26,30.93000030517578,77.49190521240234,86.07857513427734,1.1299999952316284,14.574999809265137,,17.969999313354492,54.400001525878906,130.29156494140625,61.56855392456055,9.899999618530273,22.889387130737305,191.5399932861328,67.30999755859375,28.885000228881836,4.40515661239624,,34.79833221435547,110.09232330322266,59.150001525878906,,101.04283905029297,363.92999267578125,182.04652404785156,47.508235931396484,50.57616424560547,126.7699966430664,23.27013397216797
2019-09-27,30.360000610351562,76.15235137939453,85.57105255126953,1.1166670322418213,13.364999771118164,,17.510000228881836,54.810001373291016,129.60516357421875,60.75873947143555,9.869999885559082,22.704387664794922,189.72000122070312,66.33999633789062,28.905000686645508,4.266549587249756,,33.733333587646484,109.99501037597656,57.439998626708984,,102.1671142578125,352.17999267578125,181.9846954345703,47.82444763183594,50.21896743774414,123.97000122070312,23.14893913269043
2019-09-30,31.079999923706055,76.87149047851562,86.23262023925781,1.159999966621399,14.577500343322754,,17.510000228881836,56.5,131.8017120361328,60.520355224609375,9.869999885559082,22.973482131958008,192.52999877929688,66.33999633789062,29.030000686645508,4.323929786682129,,33.9716682434082,111.2117691040039,57.869998931884766,,102.91661071777344,364.0799865722656,183.115478515625,47.84941482543945,51.052452087402344,125.33999633789062,23.14027976989746
2019-10-01,29.579999923706055,77.47545623779297,84.5922622680664,1.113332986831665,14.47249984741211,,17.459999084472656,55.29999923706055,131.31138610839844,59.7700080871582,9.869999885559082,22.738021850585938,192.69000244140625,66.23999786376953,28.209999084472656,4.322190284729004,,34.16666793823242,111.43075561523438,58.63999938964844,,102.40132141113281,370.0299987792969,184.9971466064453,48.3570442199707,50.73186492919922,122.91000366210938,22.941171646118164
2019-10-02,29.5,76.04230499267578,82.52593231201172,1.0866669416427612,14.157500267028809,,16.8799991607666,53.90999984741211,130.095458984375,58.37834930419922,9.869999885559082,22.628704071044922,189.1300048828125,66.94000244140625,27.559999465942383,4.298343658447266,,34.23500061035156,108.64844512939453,57.52000045776367,,100.7430419921875,368.3599853515625,182.6825714111328,47.200321197509766,49.632789611816406,119.66000366210938,22.612197875976562
2019-10-03,29.610000610351562,76.8260498046875,83.28721618652344,1.0566669702529907,15.53499984741211,,17.5,55.81999969482422,130.66421508789062,58.948787689208984,9.859999656677246,23.034597396850586,190.14999389648438,68.4000015258789,27.809999465942383,4.503773212432861,,34.74333190917969,111.88504028320312,57.810001373291016,,100.18091583251953,371.1099853515625,171.6133270263672,47.11711120605469,49.44044876098633,120.5,22.70742416381836
2019-10-04,29.860000610351562,77.6779556274414,84.58320617675781,1.0933330059051514,15.960000038146973,,18.049999237060547,56.47999954223633,130.63478088378906,60.01583480834961,9.859999656677246,23.34748077392578,193.1199951171875,69.48999786376953,28.290000915527344,4.520167827606201,,35.095001220703125,113.791259765625,57.959999084472656,,102.05467987060547,385.8399963378906,171.15394592285156,47.12543869018555,50.640289306640625,123.33000183105469,23.313419342041016
2019-10-07,29.670000076293945,76.43868255615234,84.28411865234375,1.0766669511795044,17.19499969482422,,18.1299991607666,55.91999816894531,129.78170776367188,59.88151550292969,9.850000381469727,23.237548828125,191.66000366210938,69.47000122070312,27.864999771118164,4.578789234161377,,35.46833419799805,112.21761322021484,57.220001220703125,,101.31454467773438,374.8900146484375,166.73684692382812,46.742637634277344,51.04328536987305,122.98999786376953,23.374027252197266
2019-10-08,29.170000076293945,75.91500854492188,83.33253479003906,1.0633330345153809,16.325000762939453,,17.59000015258789,55.209999084472656,128.99717712402344,58.98347854614258,9.850000381469727,22.772462844848633,191.3699951171875,67.56999969482422,27.940000534057617,4.402423858642578,,34.4900016784668,111.3253173828125,56.20000076293945,,101.07093048095703,371.510009765625,167.42593383789062,46.051944732666016,50.759342193603516,119.44999694824219,23.495220184326172
2019-10-09,29.190000534057617,76.11634063720703,83.85816192626953,1.0733330249786377,15.770000457763672,,17.530000686645508,57.20500183105469,130.9583740234375,59.59158706665039,9.850000381469727,22.916213989257812,192.16000366210938,68.19999694824219,28.139999389648438,4.488868713378906,,34.901668548583984,111.82014465332031,57.290000915527344,,102.27953338623047,382.3800048828125,169.13980102539062,46.19340133666992,51.391319274902344,121.87000274658203,23.43462562561035
2019-10-10,28.920000076293945,76.88323974609375,82.97907257080078,1.0733330249786377,15.352499961853027,,17.059999465942383,57.77000045776367,133.35104370117188,59.941978454589844,9.824999809265137,23.372846603393555,198.1300048828125,67.61000061035156,28.059999465942383,4.546497344970703,,34.883331298828125,111.85255432128906,57.61000061035156,,104.00337219238281,382.1300048828125,170.24403381347656,46.3681640625,52.600311279296875,122.4000015258789,23.304767608642578
2019-10-11,29.610000610351562,77.44215393066406,83.6587905883789,1.0766669511795044,15.067500114440918,,17.139999389648438,59.2599983215332,135.5867919921875,60.25123977661133,9.824999809265137,23.516605377197266,201.6199951171875,68.13999938964844,28.149999618530273,4.62002420425415,,35.06999969482422,111.64978790283203,58.630001068115234,,105.36186981201172,397.0299987792969,170.5708770751953,46.65109634399414,53.64444351196289,122.41999816894531,23.45193099975586
2019-10-14,28.93000030517578,77.89533233642578,82.72531127929688,1.0800000429153442,13.630000114440918,,17.59000015258789,59.11000061035156,134.0570831298828,60.353336334228516,9.824999809265137,23.169898986816406,203.0399932861328,67.75,28.274999618530273,4.6334381103515625,,35.59166717529297,111.49566650390625,60.77000045776367,,104.36878204345703,390.1600036621094,170.47372436523438,46.8008918762207,53.23229217529297,121.16000366210938,23.348054885864258
2019-10-15,29.600000381469727,78.97794342041016,83.45034790039062,1.0566669702529907,13.802499771118164,,17.520000457763672,60.02000045776367,134.58657836914062,61.566078186035156,9.850000381469727,23.279829025268555,203.88999938964844,67.93000030517578,28.145000457763672,4.877865314483643,,35.43000030517578,110.587158203125,60.790000915527344,,104.87470245361328,387.7300109863281,173.82191467285156,47.16704177856445,53.56200408935547,123.94000244140625,23.28744888305664
2019-10-16,30.40999984741211,79.4181900024414,83.63160705566406,1.0766669511795044,13.007499694824219,,17.700000762939453,58.54999923706055,135.57701110839844,61.6037483215332,9.850000381469727,23.34748077392578,203.0800018310547,67.7300033569336,28.260000228881836,4.824209213256836,,35.4900016784668,110.66014099121094,60.75,,105.17451477050781,383.5,175.34136962890625,46.867462158203125,54.30388641357422,121.1500015258789,23.079679489135742
2019-10-17,30.3799991607666,79.45343780517578,84.53787994384766,1.0733330249786377,12.609999656677246,,18.030000686645508,60.41999816894531,135.79270935058594,62.089439392089844,9.850000381469727,23.33902931213379,204.9600067138672,68.5,28.280000686645508,4.826198101043701,,35.711666107177734,111.09818267822266,60.84000015258789,,105.89585876464844,402.3399963378906,174.2901153564453,47.43333053588867,55.40298080444336,122.73999786376953,23.235506057739258
2019-10-18,30.56999969482422,78.86592102050781,84.31130981445312,1.0566669702529907,11.760000228881836,,17.670000076293945,57.61000061035156,133.39027404785156,61.67362976074219,9.850000381469727,23.33057403564453,207.11000061035156,67.01000213623047,28.030000686645508,4.731804847717285,,35.435001373291016,110.52227783203125,60.4900016784668,,106.92646026611328,393.55999755859375,174.0515899658203,47.41669464111328,55.28391647338867,122.7300033569336,23.192222595214844
2019-10-21,30.8799991607666,79.20708465576172,84.67384338378906,1.0800000429153442,11.850000381469727,,17.3700008392334,58.040000915527344,133.6157989501953,61.66718673706055,9.850000381469727,23.246007919311523,205.27999877929688,67.70999908447266,28.145000457763672,4.868921756744385,,35.378334045410156,110.41681671142578,60.2599983215332,,103.97528839111328,396.0,171.89602661132812,47.56647872924805,54.871761322021484,123.0999984741211,23.41730499267578
2019-10-22,31.5,79.23880004882812,83.27816009521484,1.0733330249786377,11.550000190734863,,16.899999618530273,56.83000183105469,133.9982147216797,61.5145378112793,9.850000381469727,23.271379470825195,204.39999389648438,67.27999877929688,27.969999313354492,4.858985900878906,,35.56833267211914,110.85480499267578,60.459999084472656,,104.83721160888672,401.17999267578125,173.86607360839844,49.34730911254883,55.28391647338867,121.98999786376953,23.46059799194336
2019-10-23,31.5,79.5983657836914,82.8884506225586,1.1066670417785645,11.967499732971191,,16.68000030517578,56.63999938964844,135.6260223388672,62.328819274902344,9.850000381469727,23.36439323425293,205.4600067138672,67.18000030517578,28.100000381469727,4.846070289611816,,36.20000076293945,111.49566650390625,60.119998931884766,,102.95407104492188,373.3900146484375,174.51095581054688,49.48877716064453,54.66109085083008,122.68000030517578,23.408645629882812
2019-10-24,31.3700008392334,80.04957580566406,83.01533508300781,1.1733330488204956,12.960000038146973,,16.579999923706055,57.75,134.4787139892578,62.40216827392578,9.850000381469727,23.432043075561523,206.83999633789062,67.8499984741211,28.30500030517578,4.8900370597839355,,36.9283332824707,111.85255432128906,61.11000061035156,,103.46934509277344,381.25,173.76004028320312,49.01444625854492,54.13903045654297,124.33999633789062,23.365365982055664
2019-10-25,30.59000015258789,80.52664184570312,74.16096496582031,1.1533329486846924,12.52750015258789,,16.809999465942383,58.66999816894531,134.40028381347656,62.659393310546875,9.850000381469727,23.262916564941406,208.0,69.05999755859375,28.174999237060547,5.080810546875,,37.44166564941406,110.838623046875,61.040000915527344,,103.70359802246094,375.55999755859375,173.00914001464844,47.3001823425293,54.12986755371094,125.33000183105469,23.46059799194336
2019-10-28,30.6200008392334,80.57051849365234,73.39063262939453,1.1766669750213623,11.987500190734863,,17.360000610351562,57.31999969482422,135.41030883789062,63.88253402709961,9.850000381469727,23.38130760192871,205.97000122070312,70.0,27.985000610351562,5.136700630187988,,37.991668701171875,110.78182983398438,62.22999954223633,,102.48563385009766,375.04998779296875,170.42955017089844,45.41117858886719,53.43378829956055,122.77999877929688,23.365365982055664
2019-10-29,30.690000534057617,80.01238250732422,72.80155181884766,1.1833330392837524,11.949999809265137,,17.770000457763672,54.40999984741211,134.488525390625,62.47898864746094,9.829999923706055,23.372846603393555,205.5800018310547,70.0,28.075000762939453,5.040569305419922,,37.43166732788086,110.38435363769531,63.459999084472656,,101.95159149169922,373.4800109863281,170.48255920410156,45.511043548583984,52.6735954284668,121.08999633789062,23.399993896484375
2019-10-30,30.280000686645508,80.27674102783203,73.36344146728516,1.1833330392837524,12.861249923706055,,17.540000915527344,52.79999923706055,133.80210876464844,62.4809684753418,9.850000381469727,23.592716217041016,205.85000610351562,71.2300033569336,28.075000762939453,5.042556285858154,,37.83000183105469,111.0495376586914,64.11000061035156,,103.35694122314453,371.4700012207031,169.21046447753906,44.10467529296875,53.635284423828125,123.12999725341797,23.590452194213867
2019-10-31,29.989999771118164,80.24620056152344,73.20030212402344,1.1733330488204956,12.477499961853027,,16.799999237060547,44.4900016784668,134.00802612304688,62.386802673339844,9.835000038146973,23.812570571899414,204.27000427246094,70.5,28.065000534057617,4.99337100982666,,37.89833450317383,111.26851654052734,63.65999984741211,,102.74795532226562,374.4599914550781,168.1414794921875,43.871673583984375,52.80181884765625,120.3499984741211,23.399993896484375
2019-11-01,30.860000610351562,79.59014129638672,71.92245483398438,1.2000000476837158,12.125,,17.399999618530273,45.654998779296875,135.12591552734375,63.05339431762695,9.835000038146973,23.8548583984375,200.69000244140625,66.0199966430664,28.125,5.032371520996094,,38.9283332824707,111.0738525390625,63.029998779296875,,103.98463439941406,384.010009765625,168.7333984375,43.85502624511719,53.131534576416016,116.9000015258789,23.521194458007812
2019-11-04,31.360000610351562,78.63678741455078,71.97683715820312,1.2166670560836792,12.412500381469727,,17.84000015258789,44.7400016784668,132.5763702392578,63.913761138916016,9.84000015258789,23.567346572875977,196.47999572753906,62.16999816894531,28.045000076293945,5.228857517242432,,39.003334045410156,109.63807678222656,61.08000183105469,,104.7154312133789,352.9700012207031,171.31295776367188,44.612300872802734,53.71772003173828,117.19999694824219,23.694334030151367
2019-11-05,31.3700008392334,79.33201599121094,71.68682098388672,1.1866669654846191,12.175000190734863,,17.3700008392334,43.22999954223633,132.39988708496094,64.00445556640625,9.859999656677246,23.702638626098633,194.33999633789062,61.95000076293945,28.235000610351562,5.206748962402344,,38.91999816894531,108.7052230834961,59.97999954223633,,104.98712158203125,348.489990234375,169.36944580078125,45.25307846069336,54.239784240722656,117.25,22.819969177246094
2019-11-06,30.280000686645508,78.80950927734375,71.89527130126953,1.2333329916000366,11.957500457763672,,17.889999389648438,42.619998931884766,132.73326110839844,63.98313522338867,9.859999656677246,23.821027755737305,200.74000549316406,61.369998931884766,27.9950008392334,5.157566070556641,,38.78166580200195,109.05403900146484,61.540000915527344,,105.17451477050781,356.989990234375,170.6857147216797,45.33627700805664,53.882572174072266,116.68000030517578,22.291893005371094
2019-11-07,30.399999618530273,72.45803833007812,71.03429412841797,1.3266669511795044,11.375,,17.290000915527344,41.86000061035156,96.38263702392578,64.77263641357422,9.859999656677246,25.224754333496094,202.82000732421875,62.66999816894531,28.31999969482422,5.175201416015625,,38.97666549682617,108.14551544189453,62.709999084472656,,105.93338012695312,356.0199890136719,168.75234985351562,44.52908706665039,54.313045501708984,116.91000366210938,22.690114974975586
2019-11-08,30.739999771118164,73.60409545898438,71.12493896484375,1.3166669607162476,11.802499771118164,,17.1200008392334,41.9900016784668,99.35383605957031,64.8747329711914,9.869999885559082,24.692014694213867,204.1300048828125,63.15999984741211,29.079999923706055,5.16129207611084,,39.48833465576172,107.99140167236328,68.41999816894531,,104.76226806640625,361.9700012207031,166.34007263183594,44.7620849609375,54.24893569946289,116.95999908447266,22.50831413269043
2019-11-11,30.5,74.26406860351562,71.33336639404297,1.350000023841858,11.550000190734863,,16.799999237060547,40.83000183105469,97.14749145507812,64.34344482421875,9.869999885559082,24.514432907104492,207.19000244140625,64.47000122070312,29.014999389648438,5.171226978302002,,39.334999084472656,107.3911361694336,67.7300033569336,,105.09954833984375,358.04998779296875,163.6440887451172,44.362648010253906,53.626129150390625,119.6500015258789,22.586233139038086
2019-11-12,30.719999313354492,73.4728775024414,71.66869354248047,1.3133330345153809,11.762499809265137,,18.440000534057617,40.79999923706055,93.80366516113281,64.29041290283203,9.869999885559082,24.692014694213867,207.80999755859375,64.73999786376953,29.200000762939453,5.206748962402344,,40.19166564941406,107.0585708618164,70.01000213623047,,103.96591186523438,370.1000061035156,163.03208923339844,43.83006286621094,53.48874282836914,118.98999786376953,22.768024444580078
2019-11-13,30.850000381469727,72.81682586669922,71.8499526977539,1.2666670083999634,13.0,,17.09000015258789,40.68000030517578,93.74483489990234,64.23937225341797,9.869999885559082,24.945701599121094,211.11000061035156,64.61000061035156,29.475000381469727,5.180915832519531,,40.538333892822266,108.12117004394531,71.02999877929688,,104.3593978881836,366.6600036621094,163.19174194335938,43.23090744018555,53.73700714111328,120.2699966430664,22.50831413269043
2019-11-14,30.920000076293945,73.06983947753906,71.69588470458984,1.2766669988632202,13.182499885559082,,16.389999389648438,41.84000015258789,93.72522735595703,64.8821792602539,9.850000381469727,25.36850929260254,213.22000122070312,64.97000122070312,29.46500015258789,5.211219787597656,,40.918331146240234,108.15364837646484,70.0999984741211,,105.71788787841797,362.9200134277344,162.17184448242188,42.689998626708984,54.41746139526367,122.30000305175781,22.80265998840332
2019-11-15,31.5,72.41454315185547,72.1852798461914,1.2833329439163208,14.9375,,16.3799991607666,42.0,93.81346893310547,66.09095764160156,9.899999618530273,25.385417938232422,215.91000366210938,65.4000015258789,29.31999969482422,5.072115421295166,,41.16666793823242,108.54297637939453,71.44999694824219,,106.21442413330078,366.3800048828125,159.32504272460938,43.705238342285156,55.005958557128906,123.81999969482422,22.681459426879883
2019-11-18,31.770000457763672,71.991943359375,72.54779815673828,1.2766669988632202,14.267499923706055,,16.790000915527344,41.9900016784668,93.62649536132812,65.41197967529297,9.899999618530273,25.681385040283203,218.4600067138672,66.87999725341797,29.514999389648438,5.273071765899658,,41.43166732788086,108.74576568603516,71.51000213623047,,105.10891723632812,367.3399963378906,155.1035614013672,43.239227294921875,54.757686614990234,123.1500015258789,23.097002029418945
2019-11-19,31.81999969482422,72.27668762207031,72.57620239257812,1.3366669416427612,14.0,,17.260000228881836,40.86000061035156,93.37063598632812,65.05266571044922,9.899999618530273,25.53763198852539,216.8800048828125,68.22000122070312,29.280000686645508,5.166508674621582,,41.36333465576172,109.15950012207031,71.45999908447266,,105.32438659667969,377.4599914550781,160.48683166503906,43.613704681396484,55.75996017456055,123.6500015258789,22.88922882080078
2019-11-20,32.0,72.53207397460938,71.87966918945312,1.4033329486846924,13.720000267028809,,17.139999389648438,40.63999938964844,92.80970001220703,64.5208740234375,9.920000076293945,25.816682815551758,217.0399932861328,67.70999908447266,29.0,5.245748519897461,,41.311668395996094,108.4862289428711,71.72000122070312,,103.46934509277344,381.3999938964844,164.8324432373047,43.5970573425293,54.54620361328125,123.4000015258789,23.105653762817383
2019-11-21,32.02000045776367,73.37379455566406,72.00798797607422,1.523332953453064,13.442500114440918,,16.850000381469727,41.47999954223633,93.19348907470703,64.43563842773438,9.920000076293945,25.9012451171875,216.74000549316406,66.16000366210938,29.200000762939453,5.220908164978027,,41.12333297729492,108.62409973144531,72.01000213623047,,104.7341537475586,384.7300109863281,165.51536560058594,43.730201721191406,54.36228942871094,122.54000091552734,22.88922882080078
2019-11-22,32.36000061035156,73.5390625,72.47537994384766,1.4900000095367432,13.550000190734863,,16.739999771118164,41.84000015258789,95.09278869628906,64.11497497558594,9.90999984741211,25.622190475463867,219.89999389648438,67.58999633789062,29.315000534057617,5.238543510437012,,41.14500045776367,108.75387573242188,71.8499984741211,,104.48120880126953,378.3900146484375,160.71737670898438,43.50552749633789,54.41746139526367,119.4800033569336,22.967144012451172
2019-11-25,32.790000915527344,74.32284545898438,72.48455047607422,1.559999942779541,13.960000038146973,,16.469999313354492,42.77000045776367,96.8641586303711,64.70820617675781,9.90999984741211,25.960437774658203,222.16000366210938,69.02999877929688,29.329999923706055,5.494894504547119,,41.71333312988281,108.55921936035156,73.22000122070312,,106.17696380615234,381.7900085449219,162.80149841308594,43.62202453613281,54.57377624511719,119.36000061035156,22.74205780029297
2019-11-26,32.22999954223633,73.92802429199219,72.44789123535156,1.6166670322418213,13.895000457763672,,16.420000076293945,43.380001068115234,97.7203140258789,65.07298278808594,9.920000076293945,26.205669403076172,222.83999633789062,69.6500015258789,29.81999969482422,5.390318393707275,,36.72833251953125,110.07609558105469,74.31999969482422,,108.05073547363281,389.1400146484375,163.23609924316406,42.49028396606445,55.493309020996094,120.44000244140625,22.655487060546875
2019-11-27,32.599998474121094,74.67181396484375,72.01714324951172,1.649999976158142,14.072500228881836,,16.389999389648438,44.42499923706055,99.89515686035156,65.02986145019531,9.920000076293945,26.39170265197754,228.8300018310547,70.47000122070312,30.045000076293945,5.425119400024414,,37.04499816894531,110.2464370727539,74.61000061035156,,108.98760223388672,390.6099853515625,164.73489379882812,42.21566390991211,56.06340789794922,121.58000183105469,22.923852920532227
2019-11-29,32.15999984741211,74.5770263671875,72.72283172607422,1.6166670322418213,14.5,,16.56999969482422,43.38999938964844,100.04277038574219,64.63140106201172,9.920000076293945,26.16339111328125,225.69000244140625,69.80999755859375,29.90999984741211,5.387832164764404,,37.869998931884766,110.18157958984375,73.91999816894531,,108.8189697265625,384.32000732421875,165.00978088378906,42.48497772216797,56.210540771484375,121.3499984741211,22.967144012451172
2019-12-02,32.060001373291016,73.80972290039062,72.65868377685547,1.5866669416427612,13.7524995803833,,16.3799991607666,43.119998931884766,99.1472396850586,63.8765983581543,9.920000076293945,25.808225631713867,225.52999877929688,69.01000213623047,29.905000686645508,5.2016425132751465,,37.45166778564453,110.22212219238281,73.87000274658203,,108.67842864990234,373.1199951171875,165.02755737304688,42.644893646240234,55.539283752441406,120.7300033569336,22.906545639038086
2019-12-03,31.899999618530273,73.63504028320312,72.32875061035156,1.5466669797897339,14.342499732971191,,15.5600004196167,42.630001068115234,97.80887603759766,64.16800689697266,9.920000076293945,25.36850929260254,223.19000244140625,69.16000366210938,29.4950008392334,5.162117004394531,,37.834999084472656,109.88145446777344,73.62999725341797,,107.05763244628906,383.9100036621094,163.61740112304688,42.16516876220703,54.71170425415039,123.11000061035156,22.863252639770508
2019-12-04,31.850000381469727,75.2624740600586,72.76866149902344,1.5266669988632202,13.744999885559082,,15.579999923706055,42.13999938964844,103.88072967529297,65.36738586425781,9.850000381469727,25.402332305908203,225.5800018310547,69.4800033569336,30.19499969482422,5.205868244171143,,37.60333251953125,111.3740005493164,72.94999694824219,,106.94520568847656,389.2300109863281,163.44004821777344,43.032039642333984,55.061134338378906,121.95999908447266,21.737842559814453
2019-12-05,32.150001525878906,74.58447265625,72.0629653930664,1.4833329916000366,13.237500190734863,,14.90999984741211,41.06999969482422,103.99881744384766,65.76483917236328,9.899999618530273,24.683555603027344,230.7899932861328,70.12999725341797,29.959999084472656,5.18896484375,,38.14500045776367,111.36990356445312,75.5199966430664,,106.56490325927734,382.82000732421875,161.81712341308594,42.375572204589844,54.776065826416016,123.97000122070312,21.166479110717773
2019-12-06,32.58000183105469,75.60478210449219,72.73200225830078,1.5700000524520874,12.72249984741211,,15.260000228881836,41.22999954223633,105.86859130859375,66.3808822631836,9.899999618530273,24.76811981201172,229.3800048828125,70.4800033569336,30.020000457763672,5.274228572845459,,37.731666564941406,112.20309448242188,74.4800033569336,,106.95928955078125,381.05999755859375,162.8724365234375,42.9731330871582,55.02434158325195,123.7300033569336,20.854820251464844
2019-12-09,31.989999771118164,74.64595794677734,72.3104248046875,1.6566669940948486,12.25,,15.15999984741211,41.15999984741211,107.06919860839844,66.55929565429688,9.8100004196167,24.683555603027344,230.8800048828125,69.05000305175781,30.2450008392334,5.274228572845459,,37.643333435058594,112.03973388671875,74.0999984741211,,108.03912353515625,377.5299987792969,160.7617645263672,43.368682861328125,55.50250244140625,120.05999755859375,20.491228103637695
2019-12-10,32.060001373291016,74.60052490234375,71.62305450439453,1.5633330345153809,11.887499809265137,,14.84000015258789,40.5099983215332,110.07067108154297,66.5543441772461,9.8100004196167,24.658191680908203,229.64999389648438,69.5999984741211,30.7549991607666,5.319222927093506,,37.54833221435547,111.31273651123047,73.98999786376953,,107.9358139038086,371.9599914550781,160.46018981933594,43.099361419677734,55.39216232299805,122.29000091552734,20.638399124145508
2019-12-11,31.530000686645508,75.43285369873047,72.1912841796875,1.5333329439163208,11.932499885559082,,14.6899995803833,41.029998779296875,110.17891693115234,66.62175750732422,9.8100004196167,24.379133224487305,233.19000244140625,69.44000244140625,31.21500015258789,5.402747631072998,,37.82833480834961,111.99071502685547,74.19000244140625,,107.8419189453125,376.9100036621094,161.0721435546875,43.06570053100586,55.530094146728516,122.4000015258789,20.690338134765625
2019-12-12,32.459999084472656,76.31803894042969,71.27479553222656,1.523332953453064,11.824999809265137,,14.75,41.97999954223633,111.69441986083984,66.83187866210938,9.8100004196167,24.336854934692383,224.47000122070312,69.43000030517578,31.1200008392334,5.570045471191406,,37.814998626708984,112.0560531616211,72.54000091552734,,109.34429931640625,367.69000244140625,159.44912719726562,43.22561264038086,55.96227264404297,125.2699966430664,20.820188522338867
2019-12-13,32.08000183105469,77.30194854736328,71.4030990600586,1.5033329725265503,12.352499961853027,,14.84000015258789,42.290000915527344,110.96619415283203,66.75160217285156,9.859999656677246,24.31993865966797,223.5500030517578,64.33999633789062,31.104999542236328,5.568055152893066,,37.831668853759766,112.67687225341797,72.66999816894531,,108.44287109375,370.0,161.46234130859375,42.76272201538086,55.51169204711914,121.81999969482422,20.633092880249023
2019-12-16,32.470001220703125,78.14092254638672,73.32772064208984,1.4800000190734863,12.362500190734863,,15.5,43.099998474121094,112.41280364990234,67.43702697753906,9.899999618530273,24.438323974609375,225.35000610351562,63.560001373291016,31.2450008392334,5.596891403198242,,38.28166580200195,111.9580307006836,73.41000366210938,,107.40998840332031,375.8299865722656,162.19847106933594,43.74741744995117,55.72318649291992,122.70999908447266,21.094316482543945
2019-12-17,32.97999954223633,78.40921783447266,72.86947631835938,1.4733330011367798,12.09749984741211,,15.75,43.04999923706055,109.736083984375,67.1490707397461,9.899999618530273,24.429868698120117,222.97999572753906,62.90999984741211,31.385000228881836,5.674948215484619,,38.44499969482422,111.23102569580078,72.88999938964844,,106.86539459228516,370.8699951171875,162.40248107910156,44.142974853515625,55.86111068725586,122.56999969482422,20.833248138427734
2019-12-18,33.33000183105469,78.00343322753906,73.75847625732422,1.4333330392837524,12.53499984741211,,15.4399995803833,42.34000015258789,108.74214172363281,67.00137329101562,9.859999656677246,24.15927505493164,224.30999755859375,63.95000076293945,31.43000030517578,5.705273628234863,,38.23666763305664,111.06766510009766,73.25,,106.56490325927734,365.9800109863281,162.89901733398438,44.56378936767578,55.6312370300293,122.45999908447266,20.78103256225586
2019-12-19,33.2400016784668,78.45819091796875,73.78595733642578,1.4533330202102661,12.367500305175781,,15.270000457763672,43.939998626708984,107.36441040039062,67.22589874267578,9.859999656677246,24.125450134277344,224.1300048828125,69.83000183105469,31.735000610351562,5.853183746337891,,38.18333435058594,111.4760971069336,73.37999725341797,,108.13301849365234,367.4200134277344,164.7969512939453,44.81626892089844,55.401344299316406,121.81999969482422,21.085615158081055
2019-12-20,32.970001220703125,79.24701690673828,75.14234161376953,1.4333330392837524,12.3725004196167,,15.770000457763672,44.060001373291016,108.32881927490234,66.9671859741211,9.895000457763672,24.4129581451416,230.2899932861328,71.55000305175781,31.959999084472656,5.950379371643066,,38.334999084472656,112.66053009033203,73.55999755859375,,108.19873046875,377.69000244140625,167.52850341796875,45.32966613769531,55.153076171875,123.61000061035156,20.894168853759766
2019-12-23,33.18000030517578,79.59326171875,75.0232162475586,1.5266669988632202,11.962499618530273,,15.6899995803833,44.779998779296875,106.28191375732422,66.93795013427734,9.895000457763672,24.362218856811523,228.1300048828125,70.44000244140625,31.68000030517578,5.936708450317383,,38.55500030517578,111.94171142578125,74.16999816894531,,107.2315902709961,372.9100036621094,166.7657928466797,44.64794921875,55.208251953125,122.12000274658203,20.58087921142578
2019-12-24,32.880001068115234,80.05937194824219,74.79407501220703,1.5333329439163208,11.9375,,15.8100004196167,44.66999816894531,107.03965759277344,66.63066864013672,9.895000457763672,24.226919174194336,229.02999877929688,70.61000061035156,31.735000610351562,5.931736469268799,,38.63166809082031,111.81912994384766,74.33999633789062,,108.09545135498047,377.510009765625,165.69265747070312,44.84151840209961,55.5208854675293,123.93000030517578,20.44164276123047
2019-12-26,32.86000061035156,80.85526275634766,75.49061584472656,1.5466669797897339,12.507499694824219,,15.739999771118164,45.40999984741211,107.33489227294922,67.52473449707031,9.895000457763672,24.37067985534668,231.1699981689453,71.54000091552734,31.940000534057617,5.945906162261963,,38.92333221435547,111.65579223632812,74.81999969482422,,108.27386474609375,383.8599853515625,168.20254516601562,45.11925506591797,55.925479888916016,123.98999786376953,20.041339874267578
2019-12-27,32.959999084472656,81.1772232055664,76.17797088623047,1.5766669511795044,12.229999542236328,,15.960000038146973,44.97999954223633,106.59681701660156,67.13668060302734,9.895000457763672,24.387590408325195,230.02000427246094,71.6500015258789,31.78499984741211,5.8882341384887695,,38.878334045410156,112.35011291503906,75.48999786376953,,107.94522094726562,378.75,167.8211669921875,45.304412841796875,55.95307159423828,124.47000122070312,19.858591079711914
2019-12-30,33.04999923706055,80.44595336914062,75.49977111816406,1.6166670322418213,12.507499694824219,,15.720000267028809,44.470001220703125,106.0555648803711,66.39673614501953,9.899999618530273,24.4129581451416,230.8300018310547,71.20999908447266,31.68000030517578,5.775125980377197,,38.5716667175293,111.75382995605469,74.19000244140625,,109.39122772216797,379.5899963378906,167.0584259033203,45.2623176574707,56.247314453125,122.3499984741211,19.858591079711914
2019-12-31,33.220001220703125,80.44046783447266,75.18817901611328,1.6100000143051147,12.467499732971191,,16.1299991607666,44.29999923706055,106.41968536376953,66.3808822631836,9.899999618530273,24.480606079101562,231.6699981689453,71.47000122070312,31.774999618530273,5.849205017089844,,38.54166793823242,111.63947296142578,74.68000030517578,,109.3161392211914,377.8500061035156,168.2823486328125,45.36332321166992,56.14617156982422,122.43000030517578,20.00652503967285
2020-01-02,33.150001525878906,81.25713348388672,76.48040771484375,1.5833330154418945,12.359999656677246,,15.699999809265137,45.189998626708984,109.21450805664062,67.83251953125,9.899999618530273,24.42960548400879,233.4199981689453,71.88999938964844,31.850000381469727,5.963804721832275,,39.23500061035156,110.94512939453125,75.08000183105469,,109.70113372802734,371.1199951171875,166.99642944335938,45.06034469604492,56.73466491699219,122.08000183105469,19.87599754333496
2020-01-03,33.09000015258789,80.90070343017578,75.83888244628906,1.5499999523162842,12.6875,,15.710000038146973,44.900001525878906,107.39393615722656,67.4776611328125,9.899999618530273,24.48910903930664,232.63999938964844,71.63999938964844,31.639999389648438,5.868347644805908,,39.4716682434082,110.78992462158203,75.63999938964844,,109.7292709350586,367.70001220703125,168.08726501464844,44.925689697265625,56.31169128417969,122.20999908447266,20.084856033325195
2020-01-06,33.709999084472656,80.19254302978516,76.37042999267578,1.5066670179367065,13.77750015258789,,15.680000305175781,44.834999084472656,107.0101318359375,69.27621459960938,9.899999618530273,24.650619506835938,235.42999267578125,71.73999786376953,31.690000534057617,5.892956733703613,,40.043331146240234,111.21470642089844,75.04000091552734,,110.26449584960938,371.57000732421875,168.8588104248047,45.97771072387695,56.6702995300293,124.69000244140625,19.745466232299805
2020-01-07,33.650001525878906,81.00135803222656,74.79407501220703,1.4199999570846558,13.6875,,14.859999656677246,45.779998779296875,108.269775390625,69.14240264892578,9.920000076293945,23.970596313476562,233.6999969482422,70.91000366210938,31.844999313354492,5.964301109313965,,40.27333450317383,109.46661376953125,76.33000183105469,,111.55089569091797,373.8800048828125,162.82814025878906,45.85988235473633,56.633514404296875,125.51000213623047,19.867298126220703
2020-01-08,33.459999084472656,80.79965209960938,75.1332015991211,1.463333010673523,13.914999961853027,,15.1899995803833,45.005001068115234,106.89205169677734,69.63453674316406,9.930000305175781,23.596590042114258,237.27000427246094,71.69000244140625,31.90999984741211,5.975488185882568,,39.76166534423828,110.03025817871094,76.31999969482422,,111.87956237792969,373.3800048828125,168.76123046875,46.30594253540039,56.93696594238281,127.81999969482422,20.12836265563965
2020-01-09,33.40999984741211,81.63743591308594,74.2166976928711,1.5633330345153809,13.984999656677246,,15.460000038146973,46.43000030517578,108.013916015625,70.36556243896484,9.949999809265137,23.690093994140625,235.89999389648438,71.9800033569336,32.125,6.041112899780273,,40.01166534423828,110.10377502441406,76.86000061035156,,114.67772674560547,369.4800109863281,171.6879425048828,46.25544357299805,57.59901428222656,128.02000427246094,19.893402099609375
2020-01-10,33.2599983215332,81.73968505859375,74.6841049194336,1.5399999618530273,14.300000190734863,,15.329999923706055,46.130001068115234,108.92912292480469,70.82001495361328,9.949999809265137,23.69858741760254,234.83999633789062,71.27999877929688,32.66999816894531,6.073430061340332,,39.64500045776367,109.8913803100586,77.22000122070312,,113.35376739501953,367.95001220703125,167.0673370361328,46.348018646240234,57.32315444946289,126.76000213623047,19.806373596191406
2020-01-13,33.29999923706055,81.48900604248047,74.49163818359375,1.6033329963684082,14.742500305175781,,15.390000343322754,47.959999084472656,108.8306884765625,71.36865997314453,9.949999809265137,23.63058853149414,245.17999267578125,72.36000061035156,32.76499938964844,6.263845443725586,,40.1533317565918,111.52508544921875,79.04000091552734,,112.64952850341797,364.010009765625,167.12054443359375,46.617340087890625,57.488670349121094,128.4499969482422,19.606224060058594
2020-01-14,33.52000045776367,81.13571166992188,73.32772064208984,1.6033329963684082,14.8100004196167,,15.119999885559082,49.150001525878906,108.65357971191406,70.90081024169922,9.949999809265137,23.460588455200195,243.77000427246094,72.54000091552734,32.790000915527344,6.147009372711182,,40.0,111.7864761352539,79.87999725341797,,111.70113372802734,361.7099914550781,169.2401580810547,47.08863830566406,57.67257308959961,126.93000030517578,19.728057861328125
2020-01-15,33.47999954223633,80.88816833496094,73.47434997558594,1.6100000143051147,15.0625,,14.720000267028809,48.86000061035156,108.97831726074219,71.32752227783203,9.994000434875488,23.68158721923828,243.49000549316406,74.19999694824219,32.939998626708984,6.1045026779174805,,40.116668701171875,113.70611572265625,79.0199966430664,,110.5837631225586,376.3999938964844,169.25791931152344,47.06339645385742,56.826622009277344,126.61000061035156,19.780269622802734
2020-01-16,33.75,80.48043060302734,73.01610565185547,1.6833330392837524,15.5600004196167,,14.75,50.900001525878906,109.96240997314453,71.87071990966797,9.994000434875488,23.47758674621582,243.7100067138672,74.66000366210938,33.54999923706055,6.188028812408447,,40.543331146240234,114.04100799560547,79.16999816894531,,110.84666442871094,385.79998779296875,169.26678466796875,47.610443115234375,57.755340576171875,127.63999938964844,20.189279556274414
2020-01-17,33.47999954223633,80.47808074951172,73.3460464477539,1.7466670274734497,15.862500190734863,,15.140000343322754,51.439998626708984,110.0411376953125,73.32581329345703,10.050000190734863,23.520082473754883,241.25,75.54000091552734,33.654998779296875,6.196728229522705,,40.345001220703125,115.38880157470703,79.75,,110.499267578125,386.6000061035156,168.459716796875,47.610443115234375,57.63579559326172,130.00999450683594,19.963022232055664
2020-01-21,32.29999923706055,77.96662902832031,72.22794342041016,1.9133330583572388,15.5600004196167,,15.859999656677246,50.70000076293945,108.41739654541016,73.46109771728516,10.071999549865723,23.03557014465332,242.52000427246094,74.91000366210938,33.40999984741211,6.163416385650635,,40.538333892822266,115.87893676757812,78.9000015258789,,110.61192321777344,390.9200134277344,168.7080078125,47.551536560058594,57.286373138427734,130.38999938964844,19.76286506652832
2020-01-22,32.720001220703125,78.36652374267578,71.58639526367188,1.9233330488204956,15.642499923706055,,15.5,50.2400016784668,108.27962493896484,73.54139709472656,10.071999549865723,23.826091766357422,244.3000030517578,74.6500015258789,33.744998931884766,6.217360496520996,,40.621665954589844,117.12052154541016,79.05999755859375,,110.24574279785156,398.19000244140625,170.2245635986328,47.53471374511719,57.405914306640625,130.11000061035156,19.788972854614258
2020-01-23,32.75,78.06963348388672,71.723876953125,2.0,15.387499809265137,,15.020000457763672,50.22999954223633,111.92076873779297,73.58203125,10.069999694824219,23.605091094970703,243.05999755859375,74.3499984741211,33.8849983215332,6.285721302032471,,40.81666564941406,117.34111022949219,78.1500015258789,,110.99691009521484,393.3299865722656,172.02493286132812,47.753536224365234,57.42430114746094,129.07000732421875,19.980426788330078
2020-01-24,32.45000076293945,76.88520050048828,71.24730682373047,2.0233330726623535,14.8125,,14.920000076293945,50.52000045776367,110.35604858398438,72.66416931152344,10.050000190734863,23.834598541259766,240.35000610351562,72.0199966430664,33.54999923706055,6.226559162139893,,40.483333587646484,116.74478149414062,78.5199966430664,,108.69640350341797,381.6700134277344,169.88758850097656,47.231719970703125,56.26569747924805,125.27999877929688,19.292943954467773
2020-01-27,32.29999923706055,74.76737213134766,69.2677001953125,1.9900000095367432,14.515000343322754,,15.34000015258789,49.31999969482422,107.34473419189453,70.95730590820312,10.053000450134277,23.826091766357422,236.74000549316406,70.9000015258789,33.29999923706055,5.971011638641357,,39.641666412353516,116.10762786865234,78.54000091552734,,107.8419189453125,377.2799987792969,169.30223083496094,47.08022689819336,56.02663040161133,123.06999969482422,18.840423583984375
2020-01-28,32.4900016784668,75.10266876220703,69.89090728759766,1.9166669845581055,14.767499923706055,,15.65999984741211,49.83000183105469,107.37425994873047,71.8875503540039,10.053000450134277,24.259605407714844,239.35000610351562,72.01000213623047,33.439998626708984,6.164163112640381,,39.85333251953125,116.35271453857422,79.69999694824219,,107.49451446533203,382.0,170.9429168701172,47.20647430419922,56.366859436035156,125.97000122070312,18.744701385498047
2020-01-29,32.40999984741211,74.18221282958984,69.62512969970703,1.863332986831665,15.0649995803833,,15.710000038146973,50.150001525878906,107.80725860595703,72.19483947753906,10.069999694824219,24.26810073852539,243.66000366210938,70.56999969482422,33.275001525878906,6.103757858276367,,39.59166717529297,115.77274322509766,80.25,,107.29731750488281,373.25,170.79217529296875,47.38321304321289,56.17375183105469,125.91000366210938,19.25813865661621
2020-01-30,32.630001068115234,73.32600402832031,69.80841827392578,1.8566670417785645,15.612500190734863,,15.520000457763672,50.290000915527344,107.36441040039062,72.07341003417969,10.010000228881836,24.36160659790039,243.77000427246094,70.6500015258789,33.505001068115234,6.110469341278076,,39.66666793823242,117.4881362915039,81.41999816894531,,107.21280670166016,362.42999267578125,169.2047119140625,47.34955596923828,55.6312370300293,127.43000030517578,19.501798629760742
2020-01-31,32.130001068115234,71.698974609375,69.0110855102539,1.7999999523162842,15.272500038146973,,15.680000305175781,48.810001373291016,106.7247543334961,71.00936126708984,10.050000190734863,24.2511043548584,239.38999938964844,68.16000366210938,33.29999923706055,5.877295970916748,,39.130001068115234,116.00967407226562,80.79000091552734,,105.34424591064453,356.3800048828125,166.99642944335938,46.77725601196289,54.28872299194336,124.63999938964844,19.5975284576416
2020-02-03,32.529998779296875,72.03112030029297,68.81861114501953,1.8700000047683716,15.270000457763672,,16.299999237060547,49.36000061035156,106.0851058959961,73.47845458984375,10.050000190734863,24.378604888916016,246.3699951171875,68.5999984741211,33.709999084472656,5.974245071411133,,39.32833480834961,116.40987396240234,81.58000183105469,,106.88417053222656,349.70001220703125,167.72360229492188,47.391624450683594,55.39216232299805,124.3499984741211,19.641036987304688
2020-02-04,33.400001525878906,73.02910614013672,69.91838836669922,1.850000023841858,15.888750076293945,,17.1299991607666,50.720001220703125,108.89960479736328,71.63529205322266,10.050000190734863,24.370105743408203,247.99000549316406,70.98999786376953,34.439998626708984,6.143281936645508,,40.03166580200195,116.98985290527344,82.68000030517578,,109.25040435791016,376.1700134277344,171.0670928955078,47.8966064453125,56.348453521728516,126.93000030517578,19.1798152923584
2020-02-05,34.02000045776367,75.95809936523438,70.26667022705078,1.8966670036315918,15.453749656677246,,17.34000015258789,49.56999969482422,109.33258819580078,71.66700744628906,10.050000190734863,24.38711166381836,243.89999389648438,70.80999755859375,34.474998474121094,6.233518123626709,,40.276668548583984,117.87206268310547,81.66999816894531,,111.49456787109375,371.25,174.83624267578125,48.83080291748047,57.21280288696289,120.76000213623047,19.084087371826172
2020-02-06,33.58000183105469,76.80451965332031,70.1750259399414,1.9166669845581055,15.547499656677246,,18.93000030517578,49.47999954223633,109.9722671508789,73.14985656738281,10.050000190734863,24.27660369873047,243.77999877929688,72.25,34.724998474121094,6.320273399353027,,41.01166534423828,117.89655303955078,82.33999633789062,,110.97814178466797,366.9599914550781,177.19529724121094,48.39316177368164,56.845008850097656,127.73999786376953,18.90134048461914
2020-02-07,33.029998779296875,74.79479217529297,68.55284881591797,1.8966670036315918,15.522500038146973,,18.959999084472656,49.63999938964844,108.33866119384766,73.30548858642578,10.050999641418457,24.285106658935547,243.50999450683594,72.19000244140625,34.45500183105469,6.254151821136475,,40.970001220703125,118.74610137939453,82.58000183105469,,110.26449584960938,363.5199890136719,177.6741943359375,48.628807067871094,56.4404182434082,112.5999984741211,19.40607452392578
2020-02-10,33.290000915527344,73.8958969116211,68.36038208007812,1.9500000476837158,15.824999809265137,,18.959999084472656,50.369998931884766,106.98062133789062,74.77000427246094,10.029999732971191,24.40410804748535,248.5399932861328,72.88999938964844,34.584999084472656,6.537041664123535,,41.253334045410156,118.98299407958984,82.87000274658203,,111.04386901855469,373.8599853515625,178.10154724121094,48.6793098449707,56.68868637084961,111.0,19.37996482849121
2020-02-11,33.66999816894531,74.783447265625,67.8471450805664,1.9666670560836792,16.297500610351562,,18.739999771118164,50.560001373291016,107.46282196044922,74.8393783569336,10.010000228881836,24.370105743408203,251.5800018310547,73.11000061035156,34.57500076293945,6.65934419631958,,41.13833236694336,119.32603454589844,83.12000274658203,,112.3959732055664,399.69000244140625,177.98577880859375,48.85604476928711,57.433494567871094,112.38999938964844,19.99782943725586
2020-02-12,33.560001373291016,76.7833480834961,67.87464141845703,2.009999990463257,16.270000457763672,,19.059999465942383,52.25,109.20466613769531,75.26410675048828,10.149999618530273,24.3446044921875,253.94000244140625,74.0999984741211,34.625,6.774936199188232,,40.78666687011719,119.32603454589844,84.6500015258789,,112.7340087890625,409.5,176.89974975585938,46.709922790527344,58.41181182861328,114.0199966430664,19.954317092895508
2020-02-13,33.77000045776367,76.76689910888672,67.54471588134766,1.9700000286102295,16.327499389648438,,19.84000015258789,52.970001220703125,108.8306884765625,75.00442504882812,10.149999618530273,24.293609619140625,253.86000061035156,73.1500015258789,34.845001220703125,6.731186389923096,,40.935001373291016,119.64463806152344,84.5,,113.24107360839844,410.29998779296875,179.09854125976562,46.59208679199219,58.476402282714844,112.20999908447266,20.07615089416504
2020-02-14,33.54999923706055,77.98189544677734,67.31559753417969,2.0266671180725098,16.212499618530273,,19.75,53.15999984741211,120.84647369384766,75.26908111572266,10.100000381469727,24.540109634399414,254.41000366210938,74.0199966430664,34.93000030517578,7.203746318817139,,41.20833206176758,120.06941986083984,86.45999908447266,,114.34904479980469,408.9100036621094,181.44863891601562,46.499515533447266,58.49486541748047,113.43000030517578,20.267595291137695
2020-02-18,34.06999969482422,77.40692138671875,67.36141204833984,2.066667079925537,16.510000228881836,,19.690000534057617,53.31999969482422,119.17351531982422,75.30426025390625,10.100000381469727,24.540109634399414,259.2300109863281,74.12999725341797,34.79999923706055,7.372287750244141,,41.53666687011719,118.9339828491211,87.94000244140625,,115.01576232910156,425.9800109863281,181.4397735595703,45.82621765136719,58.56869125366211,113.43000030517578,20.32851219177246
2020-02-19,34.790000915527344,77.10179138183594,67.45307922363281,2.0566670894622803,16.50749969482422,,19.520000457763672,53.18000030517578,119.94110870361328,75.57337188720703,10.100000381469727,24.523113250732422,262.510009765625,76.08000183105469,35.040000915527344,7.822971343994141,,41.45166778564453,118.87679290771484,87.8499984741211,,115.43827056884766,429.0,183.9501190185547,46.188106536865234,58.891719818115234,113.54000091552734,19.745466232299805
2020-02-20,35.040000915527344,77.19659423828125,67.14146423339844,2.140000104904175,15.845000267028809,,19.200000762939453,54.38999938964844,119.724609375,75.1828384399414,10.100000381469727,24.905616760253906,263.67999267578125,75.66000366210938,35.20000076293945,7.6738200187683105,,41.52333450317383,118.57453155517578,88.04000091552734,,116.25518798828125,396.2900085449219,185.46343994140625,46.63416290283203,58.94709014892578,115.12999725341797,19.93691635131836
2020-02-21,35.0,75.5440902709961,65.6200942993164,2.1333329677581787,15.232500076293945,,19.06999969482422,53.70000076293945,118.20911407470703,73.52106475830078,10.100000381469727,25.075626373291016,255.89999389648438,74.19000244140625,34.869998931884766,7.310141086578369,,40.5,119.13816833496094,87.5199966430664,,115.719970703125,396.6400146484375,184.62664794921875,46.533180236816406,58.430259704589844,116.02999877929688,20.38943099975586
2020-02-24,33.720001220703125,70.21017456054688,63.56718444824219,2.063333034515381,14.520000457763672,,18.149999618530273,51.33000183105469,110.52334594726562,70.36901092529297,10.100000381469727,24.769611358642578,246.2100067138672,68.26000213623047,34.095001220703125,6.793331146240234,,39.55500030517578,116.5160903930664,84.23999786376953,,114.1988296508789,405.1000061035156,179.41009521484375,45.615806579589844,56.990501403808594,113.0199966430664,19.99782943725586
2020-02-25,32.349998474121094,67.62667846679688,61.330970764160156,1.9933329820632935,14.4350004196167,,17.489999771118164,49.88999938964844,107.17743682861328,68.70677185058594,10.100000381469727,24.582616806030273,238.80999755859375,62.790000915527344,33.310001373291016,6.514172077178955,,32.82666778564453,115.25811767578125,81.16999816894531,,109.62598419189453,395.5400085449219,173.8463897705078,43.276092529296875,55.11697006225586,110.97000122070312,19.266841888427734
2020-02-26,31.469999313354492,65.73171997070312,60.75358200073242,2.146667003631592,14.614999771118164,,17.209999084472656,50.689998626708984,99.58026123046875,68.91243743896484,10.100000381469727,24.421104431152344,238.55999755859375,60.7599983215332,32.939998626708984,6.653379917144775,,31.59666633605957,115.97698211669922,75.7699966430664,,111.92652130126953,397.760009765625,170.00074768066406,43.545433044433594,59.0578498840332,109.47000122070312,18.866539001464844
2020-02-27,31.43000030517578,65.01297760009766,55.181373596191406,2.0733330249786377,14.375,,16.200000762939453,57.91999816894531,97.13969421386719,65.16961669921875,10.100000381469727,24.004596710205078,220.6999969482422,57.75,31.8700008392334,6.28301477432251,,31.260000228881836,111.39441680908203,72.06999969482422,,105.10950469970703,386.4700012207031,156.3718719482422,42.08942794799805,55.48613739013672,107.83999633789062,17.917984008789062
2020-02-28,29.600000381469727,66.41558837890625,53.49504852294922,1.9700000286102295,14.90999984741211,,15.960000038146973,57.810001373291016,97.05113983154297,66.37394714355469,10.038000106811523,23.69858741760254,217.41000366210938,60.77000045776367,31.204999923706055,6.717551231384277,,30.770000457763672,107.84925079345703,67.48999786376953,,102.142333984375,370.7900085449219,153.4519805908203,41.752777099609375,55.1907958984375,107.4800033569336,16.73447036743164
2020-03-02,29.93000030517578,67.72066497802734,53.70582962036133,1.9366669654846191,14.782500267028809,,16.510000228881836,58.84000015258789,95.19120788574219,68.70677185058594,10.038000106811523,24.021596908569336,228.89999389648438,57.959999084472656,32.3849983215332,6.87574577331543,,31.54833221435547,112.38280487060547,68.4800033569336,,105.14705657958984,363.79998779296875,157.76051330566406,43.32661056518555,57.39657974243164,112.05999755859375,17.526382446289062
2020-03-03,29.3799991607666,65.92051696777344,51.918701171875,2.1066670417785645,14.119999885559082,,16.280000686645508,58.209999084472656,93.67570495605469,66.2981185913086,10.038000106811523,23.418079376220703,227.1300048828125,57.61000061035156,31.889999389648438,6.613581657409668,,30.34000015258789,110.74909210205078,67.8499984741211,,102.55546569824219,371.5899963378906,158.0899200439453,42.442909240722656,55.93836975097656,111.22000122070312,17.622106552124023
2020-03-04,30.979999542236328,67.84405517578125,52.9818229675293,2.2166669368743896,14.300000190734863,,16.690000534057617,62.459999084472656,95.59468078613281,68.47283172607422,10.109999656677246,23.605091094970703,231.6199951171875,59.77000045776367,34.025001525878906,7.076723575592041,,30.981666564941406,116.3118667602539,69.87999725341797,,102.87471771240234,385.010009765625,165.54087829589844,44.168216705322266,57.47041320800781,119.41999816894531,18.318286895751953
2020-03-05,30.6299991607666,64.52690887451172,50.928897857666016,2.066667079925537,13.979999542236328,,16.049999237060547,62.130001068115234,90.05423736572266,65.16020965576172,10.09000015258789,22.950571060180664,221.19000244140625,55.45000076293945,33.564998626708984,6.797643661499023,,30.174999237060547,113.56929016113281,62.5,,95.48493957519531,393.9100036621094,162.7011260986328,42.1819953918457,54.978519439697266,117.2699966430664,17.961498260498047
2020-03-06,29.479999542236328,63.14231491088867,49.30672836303711,2.0299999713897705,12.989999771118164,,15.649999618530273,60.650001525878906,90.38883209228516,64.21756744384766,10.09000015258789,22.636064529418945,218.5500030517578,53.0,33.095001220703125,6.617312908172607,,29.36166763305664,112.87845611572266,64.3499984741211,,96.25489807128906,384.92999267578125,159.40744018554688,40.89653015136719,54.0463752746582,117.69000244140625,17.86577033996582
2020-03-09,26.780000686645508,59.840858459472656,44.266075134277344,1.8266669511795044,11.4350004196167,,14.039999961853027,58.5,85.24267578125,60.25519943237305,10.008999824523926,20.78301239013672,199.77000427246094,47.2599983215332,30.93000030517578,6.104920864105225,,26.463333129882812,107.0396499633789,56.650001525878906,,89.02474975585938,347.2099914550781,146.20582580566406,36.614479064941406,52.79119873046875,113.87999725341797,16.038293838500977
2020-03-10,26.260000228881836,61.06290054321289,46.85972213745117,1.8533329963684082,11.727499961853027,,14.619999885559082,57.970001220703125,84.87720489501953,63.19810104370117,9.970000267028809,21.463031768798828,204.1199951171875,50.36000061035156,33.064998626708984,6.493939399719238,,27.911666870117188,110.31269836425781,62.630001068115234,,95.63516998291016,366.9100036621094,147.16725158691406,37.36363220214844,53.501853942871094,118.75,16.830204010009766
2020-03-11,23.399999618530273,56.49983215332031,45.09090805053711,1.7999999523162842,10.712499618530273,,13.6899995803833,50.22999954223633,75.73065185546875,60.012855529785156,9.9399995803833,20.834014892578125,193.74000549316406,42.0099983215332,30.905000686645508,6.13054084777832,,26.2549991607666,106.70248413085938,57.0,,92.54594421386719,341.1099853515625,138.042724609375,34.852294921875,51.32374572753906,119.05000305175781,15.481346130371094
2020-03-12,19.579999923706055,50.15069580078125,40.33436584472656,1.7066669464111328,9.454999923706055,,11.989999771118164,44.040000915527344,64.24313354492188,55.089012145996094,9.84000015258789,19.54198455810547,169.1300048828125,36.20000076293945,28.69499969482422,5.380359649658203,,23.424999237060547,94.8521499633789,48.31999969482422,,85.77587890625,312.6700134277344,116.99847412109375,32.68999099731445,45.555477142333984,108.36000061035156,12.661811828613281
2020-03-13,21.81999969482422,55.6706428527832,40.59098434448242,1.7766669988632202,9.887499809265137,,11.710000038146973,49.0099983215332,68.77690124511719,60.179866790771484,9.84000015258789,19.949996948242188,176.75,42.849998474121094,31.19499969482422,5.99050235748291,,25.261667251586914,104.81102752685547,53.97999954223633,,87.16558074951172,354.95001220703125,118.37828063964844,36.231407165527344,47.59514617919922,116.62000274658203,13.479823112487793
2020-03-16,17.18000030517578,50.51378631591797,34.09312438964844,1.0733330249786377,8.2524995803833,,9.220000267028809,41.650001525878906,54.029815673828125,53.17845916748047,9.649999618530273,16.660411834716797,138.97999572753906,36.310001373291016,28.719999313354492,4.885129928588867,,22.86166763305664,93.00179290771484,38.79999923706055,,69.63262176513672,306.29998779296875,111.05197143554688,35.626976013183594,37.88599395751953,108.01000213623047,12.018156051635742
2020-03-17,14.199999809265137,53.59199523925781,34.91795349121094,1.3933329582214355,9.5024995803833,,8.5,42.119998931884766,53.45692825317383,55.41164779663086,9.5600004196167,17.272430419921875,144.8800048828125,33.91999816894531,29.8700008392334,5.404236793518066,,23.593332290649414,105.03307342529297,35.38999938964844,,65.51664733886719,347.8399963378906,110.78487396240234,37.44875717163086,39.233463287353516,116.47000122070312,11.315852165222168
2020-03-18,11.84000015258789,48.32350158691406,32.24182891845703,1.3233330249786377,9.657500267028809,,8.130000114440918,39.25,45.090702056884766,54.0799674987793,9.4399995803833,16.923919677734375,140.36000061035156,29.5,27.94499969482422,5.0448174476623535,,22.09666633605957,99.4409408569336,27.540000915527344,,56.48408126831055,321.7200012207031,107.93627166748047,34.43515396118164,37.7014045715332,106.62000274658203,11.061267852783203
2020-03-19,14.680000305175781,46.667877197265625,33.32328414916992,1.3899999856948853,10.4350004196167,,8.569999694824219,34.65999984741211,47.836647033691406,55.09495544433594,9.465999603271484,20.672513961791992,154.86000061035156,32.91999816894531,27.15999984741211,5.297281742095947,,23.184999465942383,96.49687194824219,32.61000061035156,,61.221702575683594,319.0799865722656,109.54752349853516,32.78362274169922,38.43974685668945,106.36000061035156,12.483430862426758
2020-03-20,12.59000015258789,46.1175651550293,36.93422317504883,1.286666989326477,12.2524995803833,,8.729999542236328,31.690000534057617,48.20211410522461,52.94105911254883,9.465999603271484,20.000993728637695,165.00999450683594,33.970001220703125,26.049999237060547,5.117695331573486,,23.921667098999023,85.46887969970703,33.93000030517578,,60.18563461303711,306.4599914550781,106.55646514892578,31.44708824157715,34.4896354675293,100.1500015258789,12.360528945922852
2020-03-23,11.779999732971191,45.130924224853516,38.30894088745117,1.4133330583572388,12.862500190734863,,9.260000228881836,33.029998779296875,50.226993560791016,52.243247985839844,9.399999618530273,19.703489303588867,172.3000030517578,37.33000183105469,25.485000610351562,5.290316104888916,,24.360000610351562,86.49686431884766,37.470001220703125,,59.26259994506836,321.92999267578125,94.04032897949219,29.42099380493164,33.92665481567383,109.81999969482422,11.342187881469727
2020-03-24,12.550000190734863,49.330909729003906,40.26104736328125,1.3333330154418945,14.332500457763672,,9.380000114440918,38.130001068115234,58.75125503540039,56.00389862060547,9.569999694824219,20.307004928588867,192.74000549316406,42.939998626708984,26.864999771118164,6.1979475021362305,,26.786666870117188,93.61857604980469,46.22999954223633,,67.41921997070312,343.9100036621094,110.22406005859375,31.898279190063477,37.87676239013672,112.22000122070312,12.825806617736816
2020-03-25,13.789999961853027,53.49760055541992,41.78240966796875,1.2899999618530273,13.944999694824219,,10.300000190734863,41.290000915527344,65.08271789550781,54.59687805175781,9.569999694824219,21.250526428222656,193.6199951171875,45.900001525878906,26.829999923706055,6.109397888183594,,27.668333053588867,92.5165786743164,50.33000183105469,,76.56480407714844,343.95001220703125,112.70771789550781,31.95785903930664,40.68244552612305,109.72000122070312,12.896036148071289
2020-03-26,18.059999465942383,55.0702018737793,42.43311309814453,1.3533329963684082,14.65999984741211,,11.260000228881836,41.880001068115234,63.6208610534668,57.63493347167969,9.760000228881836,21.07202911376953,200.8000030517578,45.939998626708984,28.920000076293945,6.398427486419678,,28.0,98.89818572998047,52.380001068115234,,80.62425231933594,354.8999938964844,125.24169158935547,32.87726593017578,44.263397216796875,115.25,13.861703872680664
2020-03-27,18.030000686645508,49.16170120239258,39.399559020996094,1.3666670322418213,14.697500228881836,,10.329999923706055,38.66999816894531,59.29452133178711,55.02507781982422,9.760000228881836,20.723514556884766,188.83999633789062,47.150001525878906,28.19499969482422,6.2862467765808105,,27.09000015258789,99.06266021728516,50.41999816894531,,77.75154113769531,354.9200134277344,128.97161865234375,32.40054702758789,43.19279861450195,111.69999694824219,14.38843059539795
2020-03-30,18.440000534057617,51.24073791503906,39.289581298828125,1.3700000047683716,14.430000305175781,,9.989999771118164,38.66999816894531,55.69911193847656,56.811737060546875,9.899999618530273,21.063526153564453,193.94000244140625,45.22999954223633,29.0,6.606118202209473,,27.7450008392334,103.19097137451172,48.599998474121094,,79.93671417236328,364.3399963378906,130.3603057861328,34.30745315551758,43.88499069213867,118.51000213623047,14.098727226257324
2020-03-31,18.350000381469727,52.69348907470703,40.435184478759766,1.4033329486846924,13.920000076293945,,9.84000015258789,38.439998626708984,55.58058547973633,57.58686447143555,10.0,20.630016326904297,189.5500030517578,45.459999084472656,28.1299991607666,6.5566205978393555,,27.32666778564453,98.76660919189453,48.70000076293945,,81.91463470458984,367.55999755859375,127.61851501464844,33.20927810668945,44.12494659423828,118.61000061035156,14.010941505432129
2020-04-01,17.15999984741211,49.807193756103516,39.45454788208008,1.2799999713897705,13.645000457763672,,9.369999885559082,35.45000076293945,51.3629035949707,54.62066650390625,9.96500015258789,20.111501693725586,183.5,38.880001068115234,26.549999237060547,6.045971393585205,,27.309999465942383,97.13832092285156,42.34000015258789,,76.37643432617188,364.3900146484375,121.85002899169922,32.221771240234375,41.18082809448242,116.33000183105469,13.457876205444336
2020-04-02,17.68000030517578,49.35166549682617,40.297706604003906,1.2699999809265137,14.172499656677246,,8.949999809265137,34.79999923706055,47.27362823486328,55.36060333251953,9.90999984741211,20.41090965270996,185.49000549316406,33.95000076293945,27.530000686645508,6.354399681091309,,27.59000015258789,101.85871887207031,39.84000015258789,,74.78466796875,363.8299865722656,116.81150817871094,34.05207061767578,40.414794921875,119.51000213623047,14.028499603271484
2020-04-03,15.529999732971191,48.20325469970703,39.830299377441406,1.2799999713897705,14.454999923706055,,8.399999618530273,38.150001525878906,48.11321258544922,54.1547966003418,9.84000015258789,20.359575271606445,181.25,33.56999969482422,27.110000610351562,6.066864013671875,,27.110000610351562,102.45903778076172,36.959999084472656,,70.40495300292969,357.44000244140625,117.6572036743164,34.91187286376953,37.80293273925781,118.48999786376953,13.896815299987793
2020-04-06,17.68000030517578,53.138423919677734,40.94841003417969,1.3433330059051514,14.767499923706055,,9.699999809265137,46.459999084472656,52.182735443115234,58.63953399658203,9.829999923706055,21.03537368774414,194.9499969482422,34.5099983215332,29.03499984741211,6.676013469696045,,28.55666732788086,107.86201477050781,42.560001373291016,,82.11241912841797,362.5400085449219,126.63927459716797,36.520835876464844,42.55598831176758,121.29000091552734,14.063614845275879
2020-04-07,18.639999389648438,53.909637451171875,42.86385726928711,1.363332986831665,14.899999618530273,,9.489999771118164,47.689998626708984,55.817649841308594,58.60830307006836,9.800000190734863,22.164567947387695,194.9199981689453,37.849998474121094,29.204999923706055,6.442949295043945,,28.801666259765625,107.30281829833984,45.869998931884766,,79.88019561767578,366.32000732421875,133.16439819335938,37.057159423828125,43.082054138183594,120.05999755859375,14.309420585632324
2020-04-08,21.90999984741211,53.74082946777344,43.89948272705078,1.363332986831665,15.079999923706055,,11.050000190734863,51.0,59.80814743041992,59.81956100463867,9.850000381469727,22.76338005065918,196.00999450683594,37.7599983215332,30.1299991607666,6.639945983886719,,29.360000610351562,109.05443572998047,52.060001373291016,,83.87373352050781,397.1199951171875,140.4462127685547,38.83638000488281,45.32475662231445,119.0999984741211,15.327752113342285
2020-04-09,22.989999771118164,55.64360809326172,44.81597137451172,1.5199999809265137,14.537500381469727,,10.760000228881836,53.68000030517578,61.65523910522461,59.79825210571289,9.850000381469727,22.97724151611328,203.50999450683594,38.27000045776367,30.2549991607666,6.5404534339904785,,29.64666748046875,109.89328002929688,55.59000015258789,,83.58177185058594,396.6400146484375,147.9862060546875,40.35170364379883,45.047874450683594,119.4000015258789,15.617457389831543
2020-04-13,21.81999969482422,55.658111572265625,45.274208068847656,1.5199999809265137,14.692500114440918,,10.569999694824219,55.439998626708984,58.06970977783203,59.988563537597656,9.850000381469727,22.523847579956055,199.27000427246094,39.40999984741211,29.764999389648438,6.712080001831055,,30.49333381652832,107.63997650146484,54.18000030517578,,81.94290161132812,386.3399963378906,140.32159423828125,38.32560348510742,44.16185760498047,120.0,15.046836853027344
2020-04-14,23.459999084472656,56.770870208740234,44.05528259277344,1.5499999523162842,15.22249984741211,,11.430000305175781,57.65999984741211,60.825531005859375,62.70548629760742,9.859999656677246,23.51616859436035,205.17999267578125,41.959999084472656,32.20500183105469,7.062795162200928,,31.321666717529297,113.81597137451172,55.31999969482422,,85.68212127685547,414.54998779296875,149.40158081054688,39.645118713378906,46.34920120239258,122.77999877929688,15.292644500732422
2020-04-15,22.690000534057617,55.79911422729492,41.7365837097168,1.4199999570846558,15.454999923706055,,10.619999885559082,56.720001220703125,59.81802749633789,62.312461853027344,9.869999885559082,22.960134506225586,207.9499969482422,38.470001220703125,31.145000457763672,6.985437393188477,,31.058332443237305,111.04458618164062,52.0,,83.41219329833984,419.1499938964844,144.53225708007812,37.96805953979492,44.56795883178711,123.5,14.212854385375977
2020-04-16,22.440000534057617,55.12503433227539,41.69992446899414,1.3966670036315918,15.862500190734863,,9.949999809265137,59.720001220703125,57.50669479370117,62.31890106201172,9.9399995803833,22.934465408325195,209.19000244140625,36.400001525878906,30.934999465942383,7.330183029174805,,31.71500015258789,111.54621887207031,50.099998474121094,,82.12184143066406,413.80999755859375,144.3452911376953,36.750701904296875,42.86977767944336,126.81999969482422,14.133844375610352
2020-04-17,23.739999771118164,57.61102294921875,42.112342834472656,1.4700000286102295,16.184999465942383,,10.390000343322754,61.060001373291016,62.445438385009766,63.38793182373047,9.850000381469727,22.369873046875,225.86000061035156,38.349998474121094,31.094999313354492,7.2709856033325195,,32.23833465576172,113.11698150634766,56.56999969482422,,86.3885269165039,403.79998779296875,144.83489990234375,37.7807731628418,45.89696502685547,124.44000244140625,15.397990226745605
2020-04-20,23.100000381469727,55.290706634521484,40.86592483520508,1.463333010673523,17.107500076293945,,10.520000457763672,65.05000305175781,59.21550369262695,62.50326919555664,9.850000381469727,22.2586669921875,218.58999633789062,36.65999984741211,30.690000534057617,7.1399006843566895,,32.38166809082031,110.64986419677734,56.099998474121094,,81.48138427734375,413.6199951171875,139.42247009277344,37.02311706542969,44.10649490356445,125.3499984741211,14.827364921569824
2020-04-21,22.329999923706055,52.572059631347656,39.53702926635742,1.4500000476837158,16.517499923706055,,10.550000190734863,61.369998931884766,56.548580169677734,60.0753059387207,9.850000381469727,21.94214630126953,206.72000122070312,36.470001220703125,29.520000457763672,6.703624248504639,,31.084999084472656,107.68109130859375,55.220001220703125,,77.89283752441406,410.55999755859375,136.21783447265625,35.83980178833008,42.5006103515625,125.7300033569336,14.941492080688477
2020-04-22,21.6299991607666,53.0726318359375,38.13480758666992,1.4966670274734497,17.017499923706055,,10.859999656677246,62.75,60.66748809814453,62.36748123168945,9.89900016784668,22.703495025634766,212.08999633789062,36.349998474121094,30.059999465942383,7.1175150871276855,,31.976667404174805,109.06266784667969,57.43000030517578,,78.99482727050781,426.3299865722656,138.17623901367188,35.83980178833008,42.80517578125,127.44000244140625,15.485777854919434
2020-04-23,21.829999923706055,53.26847457885742,38.42808151245117,1.523332953453064,17.227500915527344,,11.199999809265137,62.849998474121094,62.59359359741211,62.99987030029297,9.880000114440918,22.386981964111328,211.63999938964844,39.45000076293945,29.815000534057617,7.064285755157471,,32.01499938964844,107.12187957763672,57.040000915527344,,77.826904296875,434.7799987792969,136.2445068359375,35.64399719238281,42.214500427246094,124.55000305175781,15.362876892089844
2020-04-24,22.290000915527344,53.3769645690918,38.409751892089844,1.4966670274734497,18.0,,10.670000076293945,66.19000244140625,65.75438690185547,63.268978118896484,9.970000267028809,22.48963737487793,214.5500030517578,38.2400016784668,29.899999618530273,7.203080177307129,,32.241668701171875,110.49359130859375,57.900001525878906,,80.52067565917969,438.9200134277344,141.38986206054688,36.63151550292969,42.5006103515625,127.87999725341797,15.836933135986328
2020-04-27,24.549999237060547,54.952293395996094,40.47184371948242,1.590000033378601,18.399999618530273,,11.3100004196167,69.27999877929688,68.30279541015625,62.98450469970703,9.920000076293945,22.121795654296875,226.88999938964844,42.0099983215332,30.260000228881836,7.389381408691406,,32.813331604003906,110.57584381103516,62.439998626708984,,85.55028533935547,457.1000061035156,145.23550415039062,37.95954895019531,44.15262985229492,125.93000030517578,16.635799407958984
2020-04-28,24.15999984741211,56.375267028808594,42.93717575073242,1.6066670417785645,17.532499313354492,,12.5,66.25,70.95982360839844,61.087825775146484,9.970000267028809,23.19110107421875,224.47000122070312,43.63999938964844,30.06999969482422,7.247105598449707,,32.258331298828125,112.10545349121094,60.439998626708984,,87.1608657836914,459.1400146484375,149.04551696777344,38.68314743041992,45.30629348754883,120.51000213623047,16.864044189453125
2020-04-29,24.700000762939453,59.55610656738281,44.596004486083984,1.6466670036315918,17.31999969482422,,13.170000076293945,68.33000183105469,73.9131851196289,66.51915740966797,9.970000267028809,22.831811904907227,232.42999267578125,46.529998779296875,31.06999969482422,7.4237060546875,,32.95000076293945,109.67123413085938,64.2300033569336,,91.40870666503906,466.5799865722656,150.81700134277344,39.304603576660156,47.56745910644531,121.18000030517578,17.338102340698242
2020-04-30,24.010000228881836,57.9909553527832,42.63473892211914,1.6733330488204956,16.915000915527344,,13.069999694824219,64.87000274658203,70.1103744506836,66.74317169189453,9.970000267028809,22.63506317138672,223.47999572753906,44.869998931884766,30.905000686645508,7.26999044418335,,32.75166702270508,108.79127502441406,60.33000183105469,,86.04944610595703,466.510009765625,146.6064453125,34.91187286376953,45.269378662109375,121.05000305175781,17.153743743896484
2020-05-01,22.469999313354492,56.74620056152344,41.04922103881836,1.6333329677581787,17.302499771118164,,12.5,64.44499969482422,66.465576171875,65.28707885742188,9.979999542236328,22.156009674072266,218.69000244140625,41.16999816894531,29.760000228881836,7.033692836761475,,32.4466667175293,107.02318572998047,57.619998931884766,,83.78897094726562,460.9599914550781,143.8289794921875,33.13266372680664,44.531028747558594,122.6500015258789,16.98695182800293
2020-05-04,21.579999923706055,55.35612106323242,38.84967041015625,1.5633330345153809,18.357500076293945,,12.470000267028809,67.69000244140625,66.1988754272461,65.56363677978516,9.979999542236328,22.2586669921875,218.69000244140625,41.83000183105469,29.604999542236328,7.245364665985107,,31.97333335876465,107.66463470458984,57.439998626708984,,83.25208282470703,469.6400146484375,146.4494171142578,32.51121520996094,44.02342987060547,124.91000366210938,16.653352737426758
2020-05-05,26.229999542236328,54.568843841552734,38.024837493896484,1.6100000143051147,17.897499084472656,,12.699999809265137,72.79000091552734,63.294898986816406,66.85814666748047,10.0,22.463970184326172,218.2100067138672,40.25,30.325000762939453,7.3063063621521,,33.03499984741211,108.28141784667969,57.08000183105469,,83.6100082397461,485.5,145.78756713867188,31.872730255126953,44.45719909667969,125.27999877929688,16.43388557434082
2020-05-06,24.209999084472656,54.009124755859375,39.06962203979492,1.5266669988632202,18.110000610351562,,12.5600004196167,78.23999786376953,63.591224670410156,66.68022155761719,9.989999771118164,22.85747718811035,223.17999267578125,38.4900016784668,30.649999618530273,7.407041549682617,,33.538333892822266,107.54951477050781,60.400001525878906,,83.69474792480469,486.739990234375,147.9966278076172,32.077049255371094,44.00497055053711,127.7300033569336,16.00372886657715
2020-05-07,24.700000762939453,56.5550537109375,38.886329650878906,1.5133329629898071,18.872499465942383,,12.989999771118164,76.58999633789062,65.64573669433594,67.86224365234375,9.989999771118164,22.549516677856445,225.99000549316406,39.369998931884766,31.045000076293945,7.583144187927246,,35.52166748046875,108.18275451660156,61.13999938964844,,84.62722778320312,477.3599853515625,147.3616485595703,32.00894546508789,44.76176452636719,128.77999877929688,15.757918357849121
2020-05-08,26.549999237060547,56.04273223876953,39.72032165527344,1.696666955947876,19.174999237060547,,13.479999542236328,80.70999908447266,68.42131042480469,68.60863494873047,9.989999771118164,22.53240966796875,237.99000549316406,41.959999084472656,32.88999938964844,7.772928237915039,,35.65999984741211,110.38671112060547,60.220001220703125,,86.14366149902344,482.2200012207031,148.5153350830078,33.10712432861328,44.770999908447266,129.85000610351562,16.59190559387207
2020-05-11,26.690000534057617,55.26603698730469,39.16127395629883,1.8233330249786377,19.0575008392334,,13.550000190734863,80.27999877929688,66.79153442382812,69.56267547607422,9.899999618530273,23.037120819091797,245.6199951171875,40.59000015258789,33.20000076293945,8.02464771270752,,36.37666702270508,110.51006317138672,58.099998474121094,,85.47491455078125,481.1300048828125,146.0469512939453,32.809165954589844,44.623329162597656,132.58999633789062,16.08272933959961
2020-05-12,26.139999389648438,54.283695220947266,38.04315948486328,2.109999895095825,19.037500381469727,,13.869999885559082,79.0199966430664,64.19374084472656,68.15464782714844,9.970000267028809,22.746267318725586,242.60000610351562,38.15999984741211,33.095001220703125,7.762979507446289,,35.69499969482422,109.32583618164062,52.0099983215332,,81.58497619628906,484.44000244140625,143.56068420410156,32.08555603027344,42.417545318603516,131.6199951171875,15.889602661132812
2020-05-13,24.31999969482422,53.50620651245117,36.85173797607422,2.0,19.142499923706055,,12.869999885559082,81.55000305175781,61.25025939941406,66.82395935058594,10.0,22.60084342956543,229.38999938964844,37.45000076293945,32.584999084472656,7.740593910217285,,35.956668853759766,109.34230041503906,47.91999816894531,,78.85356140136719,484.4599914550781,138.91004943847656,30.83414649963379,40.63629913330078,131.3800048828125,15.643791198730469
2020-05-14,24.469999313354492,54.15013885498047,36.219364166259766,2.146667003631592,19.28499984741211,,13.029999732971191,81.62999725341797,63.58134841918945,67.24671173095703,10.020000457763672,22.558074951171875,237.57000732421875,39.189998626708984,32.494998931884766,7.989825248718262,,36.595001220703125,109.44097900390625,51.0099983215332,,79.6070556640625,504.0,141.2711639404297,30.89373779296875,41.29158020019531,131.52999877929688,16.425098419189453
2020-05-15,24.719999313354492,54.220638275146484,36.63178634643555,2.1600000858306885,19.28499984741211,,13.779999732971191,85.62999725341797,65.94207000732422,68.04959106445312,9.930000305175781,22.498193740844727,247.08999633789062,40.060001373291016,33.005001068115234,8.447741508483887,,37.13833236694336,111.8011703491211,52.31999969482422,,80.35111999511719,499.95001220703125,141.74513244628906,30.94481658935547,43.53428649902344,132.5399932861328,16.302204132080078
2020-05-18,25.899999618530273,61.00140380859375,39.50954055786133,2.309999942779541,19.024999618530273,,14.84000015258789,78.18000030517578,78.21977233886719,68.65026092529297,9.975000381469727,23.06277847290039,255.64999389648438,46.150001525878906,33.310001373291016,8.705930709838867,,37.689998626708984,111.44756317138672,57.70000076293945,,85.36189270019531,499.2300109863281,150.7064971923828,32.81767654418945,45.92465591430664,135.52999877929688,17.487337112426758
2020-05-19,25.979999542236328,60.61482238769531,37.81404113769531,2.623332977294922,19.637500762939453,,13.930000305175781,77.08499908447266,75.41456604003906,68.11599731445312,9.949999809265137,23.285200119018555,251.41000366210938,44.869998931884766,33.57500076293945,8.760899543762207,,37.858333587646484,108.33074951171875,57.540000915527344,,84.66490173339844,519.2899780273438,151.05531311035156,32.204742431640625,46.3861198425293,142.24000549316406,17.144969940185547
2020-05-20,26.90999984741211,62.63549041748047,38.65720748901367,2.6533329486846924,20.24250030517578,,14.220000267028809,75.29499816894531,78.6050033569336,69.8387222290039,9.9399995803833,23.687257766723633,258.3800048828125,47.72999954223633,34.70500183105469,8.924565315246582,,39.08000183105469,107.94425964355469,60.91999816894531,,85.60678100585938,524.7100219726562,154.2481231689453,32.255821228027344,46.930633544921875,146.83999633789062,17.548795700073242
2020-05-21,27.729999542236328,62.49958419799805,37.713226318359375,2.7966670989990234,20.149999618530273,,14.430000305175781,74.30999755859375,76.06649017333984,69.71928405761719,9.9399995803833,22.99434471130371,267.5299987792969,45.529998779296875,34.18000030517578,8.730803489685059,,38.25,107.08078002929688,61.349998474121094,,91.23918151855469,513.72998046875,152.93345642089844,31.319395065307617,50.11471939086914,138.19000244140625,17.2064208984375
2020-05-22,27.520000457763672,63.89474105834961,37.48411560058594,2.99666690826416,20.55500030517578,,16.860000610351562,77.4800033569336,76.99495697021484,70.04093170166016,9.989999771118164,23.23387336730957,276.7300109863281,46.4900016784668,34.35499954223633,8.98052978515625,,39.654998779296875,107.30281829833984,62.959999084472656,,88.4229736328125,520.1900024414062,154.1050262451172,31.353445053100586,49.29331970214844,140.50999450683594,17.390777587890625
2020-05-26,28.6200008392334,68.42295837402344,40.69179916381836,3.0799999237060547,19.837499618530273,,16.68000030517578,74.08000183105469,81.8052978515625,70.44385528564453,10.029999732971191,23.037120819091797,281.4100036621094,49.689998626708984,34.505001068115234,8.673592567443848,,38.5283317565918,106.70248413085938,63.22999954223633,,89.10112762451172,528.5599975585938,157.77186584472656,31.2683048248291,51.037654876708984,130.1999969482422,17.311765670776367
2020-05-27,28.799999237060547,66.53585815429688,43.20295333862305,2.9666669368743896,19.497499465942383,,17.299999237060547,76.23999786376953,80.6101303100586,70.38983917236328,9.899999618530273,23.755695343017578,281.5,51.70000076293945,35.29999923706055,8.48206901550293,,38.63166809082031,107.5741958618164,65.16999816894531,,90.88125610351562,537.7000122070312,160.42803955078125,33.83073425292969,51.028419494628906,134.52000427246094,17.66291618347168
2020-05-28,29.360000610351562,64.58763122558594,43.514556884765625,2.896667003631592,19.875,,16.56999969482422,77.80999755859375,77.8147964477539,70.28873443603516,9.899999618530273,23.76424789428711,284.4200134277344,49.0099983215332,35.435001373291016,8.444013595581055,,38.231666564941406,108.79127502441406,64.98999786376953,,92.55779266357422,542.6799926757812,156.90432739257812,32.64741897583008,49.91169357299805,134.07000732421875,18.268653869628906
2020-05-29,28.610000610351562,64.21277618408203,42.96466827392578,3.0899999141693115,21.952499389648438,,17.139999389648438,80.9800033569336,78.50621795654297,71.04601287841797,9.932999610900879,23.884010314941406,300.1000061035156,49.15999984741211,35.95500183105469,8.830544471740723,,39.211666107177734,108.18275451660156,64.62999725341797,,91.32392883300781,564.72998046875,154.4537811279297,32.31541061401367,48.693416595458984,136.1699981689453,17.94383430480957
2020-06-01,28.790000915527344,65.43914794921875,44.84346008300781,2.9633328914642334,23.709999084472656,,16.75,78.58999633789062,81.41020202636719,71.11293029785156,9.949999809265137,24.26041030883789,308.69000244140625,50.65999984741211,36.29499816894531,8.761643409729004,,39.71833419799805,109.36695861816406,67.58999633789062,,91.54998779296875,567.8300170898438,154.9457244873047,32.32392883300781,49.219486236572266,136.22000122070312,18.382774353027344
2020-06-02,28.739999771118164,64.82300567626953,45.43000793457031,2.9633328914642334,23.0625,,16.860000610351562,81.86000061035156,83.18814849853516,71.48165893554688,9.979999542236328,24.003772735595703,312.29998779296875,50.529998779296875,36.040000915527344,8.780550003051758,,39.97666549682617,109.0708999633789,73.9800033569336,,93.06639862060547,568.3300170898438,154.92782592773438,33.47318649291992,50.15163040161133,134.60000610351562,18.11063575744629
2020-06-03,28.459999084472656,67.60279083251953,49.81995391845703,2.936666965484619,24.524999618530273,,17.280000686645508,80.66000366210938,88.04786682128906,71.33000183105469,9.989999771118164,24.354507446289062,323.739990234375,53.90999984741211,36.255001068115234,8.725081443786621,,38.901668548583984,109.22716522216797,77.18000030517578,,94.31908416748047,555.5999755859375,156.34983825683594,34.511775970458984,50.98226547241211,129.3000030517578,18.268653869628906
2020-06-04,28.84000015258789,68.25570678710938,50.433998107910156,3.059999942779541,23.9950008392334,,17.639999389648438,80.30000305175781,88.77880096435547,70.09346771240234,10.020000457763672,24.311735153198242,317.4200134277344,53.470001220703125,35.459999084472656,8.726076126098633,,37.78166580200195,108.21027374267578,73.55000305175781,,93.20768737792969,528.0700073242188,157.16368103027344,36.01858139038086,50.60387420654297,127.58999633789062,17.80337905883789
2020-06-05,30.1200008392334,70.9974594116211,52.40443801879883,3.2233328819274902,23.482500076293945,,17.6299991607666,78.72000122070312,91.91983795166016,71.3681640625,10.020000457763672,24.54270362854004,319.7799987792969,56.959999084472656,36.1150016784668,8.87886905670166,,38.564998626708984,109.76004791259766,75.1500015258789,,96.52306365966797,522.3300170898438,162.25254821777344,36.095191955566406,52.84657669067383,128.91000366210938,18.321325302124023
2020-06-08,31.389999389648438,72.10474395751953,53.08262634277344,3.183332920074463,23.857500076293945,,18.709999084472656,76.47000122070312,92.83844757080078,71.76564025878906,10.020000457763672,24.320287704467773,315.29998779296875,57.09000015258789,35.20000076293945,8.764400482177734,,39.63166809082031,109.56945037841797,72.97000122070312,,96.78678894042969,515.030029296875,166.28604125976562,36.92095184326172,52.99424362182617,134.8000030517578,19.313331604003906
2020-06-09,29.31999969482422,69.63951110839844,50.99241638183594,3.163332939147949,23.475000381469727,,18.3700008392334,76.37000274658203,87.6132583618164,71.96586608886719,10.010000228881836,24.234739303588867,316.3999938964844,53.41999816894531,35.21500015258789,9.004288673400879,,38.926666259765625,110.19929504394531,70.2699966430664,,95.68479919433594,533.6599731445312,164.02333068847656,35.541847229003906,51.90520477294922,134.41000366210938,18.584692001342773
2020-06-10,28.200000762939453,67.8902587890625,49.58598327636719,3.1566669940948486,24.30500030517578,,17.649999618530273,79.80999755859375,86.29955291748047,72.59130859375,10.050000190734863,24.380168914794922,323.25,52.47999954223633,35.220001220703125,9.32356071472168,,38.779998779296875,111.16062927246094,69.86000061035156,,94.22492218017578,523.8699951171875,161.25086975097656,33.62643051147461,50.585418701171875,137.30999755859375,18.628583908081055
2020-06-11,25.809999465942383,62.213260650634766,45.31117248535156,2.880000114440918,23.760000228881836,,16.579999923706055,77.5199966430664,76.77767181396484,69.47891235351562,10.020000457763672,24.243297576904297,308.1199951171875,47.7400016784668,33.900001525878906,8.755691528320312,,36.98666763305664,105.94779205322266,65.30000305175781,,88.88447570800781,509.2099914550781,150.84959411621094,31.11507797241211,48.60113525390625,134.9199981689453,17.338102340698242
2020-06-12,26.149999618530273,63.6057014465332,47.63363265991211,3.009999990463257,23.280000686645508,,16.899999618530273,79.76000213623047,81.50896453857422,70.02507781982422,10.005999565124512,24.055099487304688,296.3599853515625,49.119998931884766,34.150001525878906,8.891310691833496,,36.974998474121094,106.90912628173828,66.9000015258789,,87.1043472290039,515.010009765625,152.2895050048828,32.39202880859375,48.41655349731445,134.0,17.7331485748291
2020-06-15,27.309999465942383,64.65342712402344,46.92116165161133,3.200000047683716,24.7549991607666,,16.959999084472656,83.91000366210938,83.23753356933594,70.41264343261719,10.050000190734863,24.4486083984375,303.04998779296875,49.400001525878906,34.400001525878906,9.131449699401855,,37.71666717529297,108.13569641113281,68.61000061035156,,86.02120208740234,552.5499877929688,155.3391876220703,32.570796966552734,48.54574966430664,137.14999389648438,17.560806274414062
2020-06-16,28.020000457763672,65.55702209472656,48.30908966064453,3.076667070388794,25.260000228881836,,17.389999389648438,84.55000305175781,84.25492095947266,71.68782043457031,10.045000076293945,24.49993133544922,310.6099853515625,49.20000076293945,34.75,9.026683807373047,,38.116668701171875,109.12189483642578,69.0199966430664,,91.94557189941406,541.969970703125,158.7109375,33.881805419921875,51.268375396728516,135.6699981689453,18.108755111694336
2020-06-17,27.09000015258789,64.16656494140625,47.513343811035156,3.1566669940948486,24.672500610351562,,17.84000015258789,86.31999969482422,83.63262939453125,71.98866271972656,10.050000190734863,24.585474014282227,303.69000244140625,48.0,34.77000045776367,9.193412780761719,,38.206668853759766,109.19647979736328,66.93000030517578,,91.0602035522461,536.780029296875,159.82884216308594,33.00497055053711,50.33622360229492,138.9199981689453,17.92316436767578
2020-06-18,26.5,63.779205322265625,47.911216735839844,3.386667013168335,25.40250015258789,,18.31999969482422,87.0,83.3659439086914,71.07575988769531,10.09000015258789,24.859210968017578,302.9800109863281,48.31999969482422,34.85499954223633,9.175495147705078,,38.38833236694336,110.04180908203125,66.36000061035156,,87.0101547241211,533.9000244140625,164.7835693359375,33.26887130737305,49.330230712890625,141.25,17.931995391845703
2020-06-19,26.459999084472656,63.72279739379883,46.67133712768555,3.386667013168335,25.270000457763672,,18.200000762939453,95.38999938964844,81.05460357666016,70.60592651367188,10.104999542236328,24.559812545776367,297.3800048828125,46.5099983215332,35.040000915527344,9.218544960021973,,38.45500183105469,108.79867553710938,66.13999938964844,,87.8861083984375,533.8200073242188,162.24359130859375,32.375,48.58266067504883,142.61000061035156,17.525461196899414
2020-06-22,25.65999984741211,63.981693267822266,47.07846450805664,3.380000114440918,26.2549991607666,,18.0,96.30000305175781,82.10162353515625,71.89547729492188,10.140000343322754,24.970422744750977,304.69000244140625,45.779998779296875,35.1349983215332,9.482821464538574,,38.813331604003906,108.6080551147461,63.90999984741211,,85.40896606445312,535.9299926757812,160.72320556640625,32.3068962097168,48.74879455566406,141.13999938964844,17.366376876831055
2020-06-23,25.8700008392334,65.68862915039062,48.207305908203125,3.700000047683716,26.0674991607666,,18.170000076293945,101.22000122070312,85.53897857666016,72.55561828613281,10.140000343322754,24.83355140686035,301.1600036621094,46.880001068115234,35.09000015258789,9.406426429748535,,38.21833419799805,108.864990234375,68.12999725341797,,86.14366149902344,535.8499755859375,161.39398193359375,32.32392883300781,49.14564895629883,143.3699951171875,16.6946964263916
2020-06-24,24.309999465942383,63.07339096069336,45.2649040222168,3.4800000190734863,25.924999237060547,,17.40999984741211,98.16999816894531,80.24465942382812,71.00537109375,10.15999984741211,24.29462432861328,295.2200012207031,44.18000030517578,34.03499984741211,9.192916870117188,,37.233333587646484,107.37324523925781,65.61000061035156,,81.98998260498047,530.469970703125,153.52371215820312,31.072507858276367,47.55821990966797,139.8699951171875,16.447240829467773
2020-06-25,24.950000762939453,63.271575927734375,46.18093490600586,3.7866671085357666,26.427499771118164,,18.600000381469727,101.27999877929688,81.70652770996094,71.42167663574219,10.15999984741211,24.29462432861328,295.1300048828125,44.16999816894531,34.529998779296875,9.446244239807129,,37.81666564941406,108.90644073486328,64.87000274658203,,79.37158966064453,533.260009765625,155.01727294921875,30.289316177368164,46.949092864990234,140.39999389648438,16.677021026611328
2020-06-26,24.610000610351562,60.3676643371582,44.45990753173828,3.680000066757202,24.697500228881836,,17.8799991607666,102.54000091552734,76.63937377929688,67.5282211303711,10.180000305175781,24.140640258789062,289.5299987792969,42.619998931884766,33.95000076293945,9.112787246704102,,37.564998626708984,106.85111236572266,61.619998931884766,,78.88180541992188,563.8300170898438,151.13577270507812,29.310317993164062,45.72160339355469,141.17999267578125,16.02302360534668
2020-06-29,24.920000076293945,62.40322494506836,45.616512298583984,3.853332996368408,24.524999618530273,,18.739999771118164,102.88999938964844,81.6571273803711,69.2445068359375,10.199999809265137,24.20907974243164,294.3500061035156,44.290000915527344,34.55500030517578,9.15757942199707,,37.848331451416016,108.6329574584961,59.52000045776367,,80.28519439697266,547.6300048828125,155.7684783935547,30.153104782104492,46.8568000793457,137.7899932861328,16.562129974365234
2020-06-30,25.1200008392334,62.36875534057617,45.616512298583984,3.923332929611206,25.072500228881836,,19.06999969482422,106.2300033569336,81.19288635253906,70.27931213378906,10.170000076293945,24.29462432861328,312.010009765625,44.33000183105469,34.65999984741211,9.453953742980957,,38.2783317565918,109.6108627319336,60.56999969482422,,80.28519439697266,536.6500244140625,156.4661102294922,29.250728607177734,46.662986755371094,139.57000732421875,16.45608139038086
2020-07-01,25.489999771118164,64.97145080566406,45.31117248535156,3.683332920074463,25.737499237060547,,18.09000015258789,111.20999908447266,83.40544891357422,71.46629333496094,10.199999809265137,24.65581512451172,308.6199951171875,46.02000045776367,34.51499938964844,9.486055374145508,,38.22666549682617,109.6937484741211,62.189998626708984,,82.12184143066406,555.6699829101562,166.24134826660156,29.846637725830078,47.235198974609375,144.11000061035156,16.915645599365234
2020-07-02,25.56999969482422,65.40975952148438,46.365989685058594,3.7133328914642334,26.8174991607666,,18.850000381469727,110.68000030517578,83.84993743896484,72.85051727294922,10.369999885559082,24.53542137145996,304.7699890136719,45.36000061035156,34.630001068115234,9.567928314208984,,38.42166519165039,110.0998306274414,60.470001220703125,,83.43106079101562,559.2000122070312,166.16976928710938,30.084997177124023,47.76126480102539,144.39999389648438,16.8272647857666
2020-07-06,26.270000457763672,66.73285675048828,48.910526275634766,3.7733330726623535,26.59749984741211,,19.059999465942383,112.97000122070312,86.26991271972656,74.32345581054688,10.420000076293945,24.561220169067383,314.3500061035156,45.459999084472656,35.654998779296875,9.793880462646484,,39.31833267211914,110.47274780273438,61.59000015258789,,84.9003677368164,554.8800048828125,166.78684997558594,30.3574161529541,48.58266067504883,145.67999267578125,17.03937339782715
2020-07-07,25.190000534057617,64.91898345947266,48.60517501831055,3.9433329105377197,26.604999542236328,,19.739999771118164,112.20999908447266,84.00797271728516,73.84123229980469,10.4399995803833,25.042814254760742,306.739990234375,45.040000915527344,35.849998474121094,9.826231002807617,,38.845001220703125,110.69654846191406,56.189998626708984,,81.35894012451172,581.6599731445312,163.18263244628906,29.506118774414062,46.88448715209961,147.27000427246094,16.774242401123047
2020-07-08,25.309999465942383,65.06977844238281,48.494144439697266,4.123332977294922,28.637500762939453,,20.809999465942383,111.9000015258789,83.16838073730469,74.51922607421875,10.289999961853027,24.604219436645508,309.8800048828125,46.060001373291016,35.880001068115234,10.16889476776123,,40.470001220703125,111.23519897460938,57.52000045776367,,81.01984405517578,588.1599731445312,164.09487915039062,29.57422637939453,46.949092864990234,147.82000732421875,17.286834716796875
2020-07-09,24.100000381469727,65.4215087890625,47.19874572753906,4.300000190734863,29.364999771118164,,19.8799991607666,114.51000213623047,80.56073760986328,75.2656021118164,10.28499984741211,24.93961524963379,315.0799865722656,45.04999923706055,35.525001525878906,10.460543632507324,,41.43000030517578,109.9837875366211,56.130001068115234,,79.79540252685547,593.6300048828125,163.12008666992188,28.305782318115234,46.136924743652344,150.75999450683594,16.79191017150879
2020-07-10,25.420000076293945,66.87542724609375,49.74327850341797,4.309999942779541,29.162500381469727,,20.059999465942383,111.29000091552734,82.5164794921875,76.27416229248047,10.449999809265137,25.11161231994629,314.3900146484375,46.439998626708984,35.82500076293945,10.430928230285645,,41.49333190917969,111.43412780761719,57.11000061035156,,81.7451171875,603.6699829101562,165.39170837402344,29.506118774414062,47.13368225097656,153.91000366210938,16.677021026611328
2020-07-13,25.209999084472656,66.06697845458984,48.53116226196289,4.47333288192749,26.552499771118164,,19.31999969482422,104.56999969482422,80.58049011230469,74.94693756103516,10.362000465393066,24.870819091796875,305.1499938964844,45.65999984741211,35.275001525878906,10.005899429321289,,40.176666259765625,111.80709075927734,54.95000076293945,,79.88960266113281,589.6400146484375,160.70530700683594,29.2166748046875,46.48763656616211,146.82000732421875,16.889129638671875
2020-07-14,25.540000915527344,66.43791961669922,49.07707977294922,4.460000038146973,26.40250015258789,,19.18000030517578,103.73999786376953,81.4595947265625,75.37464141845703,10.385000228881836,25.232011795043945,308.32000732421875,46.40999984741211,35.814998626708984,10.329150199890137,,40.88833236694336,112.31261444091797,54.97999954223633,,75.50990295410156,622.9299926757812,160.24917602539062,29.86366844177246,46.01694107055664,151.0500030517578,16.9598331451416
2020-07-15,27.6299991607666,70.47651672363281,50.11339569091797,4.586667060852051,25.787500381469727,,19.459999084472656,101.97000122070312,89.12451934814453,75.1773910522461,10.454999923706055,25.300809860229492,312.510009765625,51.84000015258789,36.095001220703125,10.18009090423584,,40.08333206176758,110.79598999023438,60.189998626708984,,78.79705047607422,641.0,163.33470153808594,30.451059341430664,48.57344055175781,151.27999877929688,17.05705451965332
2020-07-16,27.729999542236328,68.41824340820312,49.88207244873047,4.616666793823242,25.264999389648438,,19.479999542236328,103.33999633789062,86.10199737548828,75.08026123046875,10.454999923706055,25.42120933532715,313.0799865722656,50.849998474121094,36.310001373291016,10.088019371032715,,39.563331604003906,110.95346069335938,58.529998779296875,,79.64474487304688,630.780029296875,162.09156799316406,30.706451416015625,49.3856086730957,150.30999755859375,17.145427703857422
2020-07-17,27.520000457763672,67.84640502929688,49.82655334472656,4.7866668701171875,25.357500076293945,,19.459999084472656,102.70999908447266,85.80567932128906,75.17589569091797,10.460000038146973,25.61040496826172,316.82000732421875,51.040000915527344,37.11000061035156,10.154459953308105,,39.96833419799805,111.5998764038086,58.810001373291016,,80.80322265625,643.5800170898438,161.5281219482422,30.714967727661133,48.83186340332031,150.5800018310547,17.339862823486328
2020-07-20,26.84000015258789,67.12023162841797,49.57672882080078,4.766666889190674,26.68000030517578,,18.81999969482422,106.69000244140625,85.82543182373047,77.50474548339844,10.449999809265137,25.601802825927734,326.8399963378906,49.209999084472656,36.935001373291016,10.46228313446045,,41.93333435058594,110.31532287597656,57.439998626708984,,79.86134338378906,650.7899780273438,158.83612060546875,29.79556655883789,47.75203323364258,154.6999969482422,16.880298614501953
2020-07-21,27.799999237060547,67.04423522949219,51.30701446533203,4.72333288192749,26.649999618530273,,18.790000915527344,104.6500015258789,86.45759582519531,77.11222839355469,10.59000015258789,25.69639778137207,325.3900146484375,49.18000030517578,37.5,10.280874252319336,,41.5533332824707,111.40925598144531,58.209999084472656,,81.48138427734375,654.2999877929688,161.6711883544922,30.5191650390625,48.97953414916992,153.05999755859375,17.0040283203125
2020-07-22,28.600000381469727,67.39009857177734,50.400238037109375,4.866666793823242,25.927499771118164,,18.389999389648438,104.2300033569336,86.60576629638672,77.55481719970703,10.550000190734863,26.05759620666504,326.7200012207031,48.9900016784668,37.8650016784668,10.390618324279785,,41.72666549682617,112.71871185302734,57.56999969482422,,83.61941528320312,664.1300048828125,160.5264892578125,30.476604461669922,49.321006774902344,154.0500030517578,17.251482009887695
2020-07-23,28.969999313354492,66.40776062011719,50.4742546081543,4.849999904632568,25.364999771118164,,18.049999237060547,102.45999908447266,84.12650299072266,75.17093658447266,10.460000038146973,26.03179359436035,320.010009765625,48.0,37.46500015258789,10.083044052124023,,41.41666793823242,113.60547637939453,56.2400016784668,,82.639892578125,659.22998046875,160.0882110595703,31.11507797241211,49.27486038208008,151.47999572753906,16.933324813842773
2020-07-24,28.90999984741211,66.63650512695312,50.45574951171875,4.656667232513428,25.00749969482422,,17.829999923706055,101.58999633789062,82.69428253173828,74.74769592285156,10.600000381469727,26.09199333190918,321.5,47.91999816894531,37.439998626708984,10.147494316101074,,40.628334045410156,112.76010131835938,54.56999969482422,,81.1517105102539,828.3400268554688,160.84844970703125,31.063997268676758,48.81339645385742,156.02000427246094,16.685855865478516
2020-07-27,29.239999771118164,66.69642639160156,50.039371490478516,4.933332920074463,25.899999618530273,,17.579999923706055,105.94999694824219,83.38569641113281,75.79936218261719,10.520000457763672,26.62518310546875,331.54998779296875,47.34000015258789,38.21500015258789,10.373443603515625,,41.276668548583984,114.09442138671875,54.63999938964844,,80.17217254638672,814.1900024414062,159.9898223876953,30.774560928344727,48.065834045410156,159.24000549316406,16.08488655090332
2020-07-28,29.170000076293945,65.87075805664062,51.482818603515625,4.880000114440918,26.4325008392334,,17.75,102.44999694824219,82.6547622680664,74.52169799804688,10.430000305175781,26.564983367919922,322.6400146484375,47.290000915527344,38.095001220703125,10.168396949768066,,40.801666259765625,113.85406494140625,53.81999969482422,,80.88800048828125,817.8300170898438,160.55323791503906,30.919282913208008,47.78895568847656,156.41000366210938,16.297000885009766
2020-07-29,30.09000015258789,66.88091278076172,52.463619232177734,5.063333034515381,28.229999542236328,,18.1299991607666,108.69000244140625,84.27467346191406,75.50597381591797,10.319999694824219,26.883182525634766,325.739990234375,46.939998626708984,38.654998779296875,10.417243003845215,,41.42499923706055,114.30992126464844,54.849998474121094,,83.28975677490234,816.489990234375,162.42247009277344,31.2683048248291,48.54574966430664,157.82000732421875,16.677021026611328
2020-07-30,30.40999984741211,66.10538482666016,53.74051284790039,4.906667232513428,27.977500915527344,,17.989999771118164,112.37999725341797,83.88945007324219,76.24244689941406,10.319999694824219,26.461790084838867,323.6600036621094,46.470001220703125,38.90999984741211,10.565059661865234,,41.96500015258789,114.11103057861328,53.09000015258789,,83.7795181274414,796.5599975585938,161.72491455078125,31.872730255126953,47.62282180786133,159.55999755859375,16.61515998840332
2020-07-31,29.809999465942383,65.10227966308594,50.363224029541016,4.889999866485596,28.299999237060547,,17.860000610351562,118.37999725341797,80.01746368408203,73.74360656738281,10.300000190734863,26.306995391845703,325.5899963378906,46.810001373291016,39.2400016784668,10.565804481506348,,42.6533317565918,114.08612060546875,52.20000076293945,,84.45770263671875,810.4400024414062,159.3727264404297,31.940834045410156,47.982765197753906,164.02000427246094,16.49142837524414
2020-08-03,30.219999313354492,64.63658142089844,50.363224029541016,4.800000190734863,28.8700008392334,,18.690000534057617,126.62000274658203,78.98033905029297,73.48636627197266,10.399999618530273,25.730796813964844,328.5899963378906,46.66999816894531,38.91999816894531,10.959478378295898,,42.404998779296875,113.29053497314453,50.72999954223633,,82.77175903320312,817.8200073242188,154.98147583007812,31.3364200592041,47.890472412109375,167.69000244140625,16.579805374145508
2020-08-04,30.309999465942383,65.61148071289062,51.55683898925781,4.75,28.739999771118164,,18.15999984741211,129.8000030517578,78.76303100585938,73.01753997802734,10.270000457763672,25.75659942626953,328.2099914550781,47.7599983215332,39.005001068115234,11.175978660583496,,42.48500061035156,113.92867279052734,53.63999938964844,,83.24268341064453,827.5599975585938,153.55052185058594,31.28534507751465,49.173336029052734,177.52000427246094,16.579805374145508
2020-08-05,30.90999984741211,67.5557632446289,51.621604919433594,5.216667175292969,28.6875,,18.959999084472656,135.52000427246094,81.56824493408203,73.30449676513672,10.270000457763672,25.739404678344727,340.4200134277344,47.63999938964844,41.54999923706055,11.23470401763916,,44.016666412353516,112.91761016845703,49.970001220703125,,83.52523803710938,842.6599731445312,155.10671997070312,31.098051071166992,49.41330337524414,176.02000427246094,16.137916564941406
2020-08-06,30.860000610351562,68.61408996582031,50.779598236083984,6.943333148956299,27.575000762939453,,20.540000915527344,130.66000366210938,83.17827606201172,74.58611297607422,10.270000457763672,25.653404235839844,339.17999267578125,47.470001220703125,41.755001068115234,11.283233642578125,,44.313331604003906,112.59439086914062,51.25,,81.91463470458984,844.760009765625,153.013916015625,31.132104873657227,49.29331970214844,177.33999633789062,16.64167594909668
2020-08-07,31.049999237060547,68.71944427490234,50.20592498779297,7.066667079925537,25.4375,,20.010000228881836,135.05999755859375,81.5484848022461,74.2600326538086,10.270000457763672,25.48140525817871,342.1199951171875,47.650001525878906,41.595001220703125,11.147856712341309,,43.54166793823242,113.32371520996094,50.939998626708984,,84.2410659790039,825.7899780273438,154.06927490234375,31.72800636291504,51.17607879638672,174.9600067138672,16.703536987304688
2020-08-10,31.75,69.271728515625,50.4742546081543,6.610000133514404,24.25,,20.030000686645508,134.72000122070312,83.86969757080078,74.1832046508789,10.59000015258789,25.59320640563965,344.32000732421875,50.79999923706055,41.0,11.113515853881836,,43.038333892822266,112.69385528564453,54.68000030517578,,87.13260650634766,794.4099731445312,154.0063934326172,32.26433181762695,52.163612365722656,174.72999572753906,16.968673706054688
2020-08-11,31.489999771118164,70.70215606689453,51.75114822387695,6.616666793823242,24.540000915527344,,19.139999389648438,127.5,87.04035949707031,73.37635803222656,10.600000381469727,25.4298038482666,335.3699951171875,51.689998626708984,40.29999923706055,10.799970626831055,,42.538333892822266,111.9811019897461,56.33000183105469,,88.15924835205078,797.3599853515625,155.2819366455078,32.528236389160156,53.077308654785156,167.11000061035156,16.6946964263916
2020-08-12,30.969999313354492,70.8184585571289,52.676429748535156,6.703332901000977,24.612499237060547,,20.200000762939453,122.05000305175781,85.88470458984375,74.69961547851562,10.619999885559082,25.894201278686523,345.3299865722656,51.349998474121094,41.32500076293945,11.387496948242188,,43.3033332824707,114.20217895507812,56.66999816894531,,88.6019287109375,818.6699829101562,157.64431762695312,32.71552658081055,53.280357360839844,168.11000061035156,17.0924015045166
2020-08-13,30.649999618530273,70.2270278930664,52.130516052246094,7.150000095367432,25.22249984741211,,20.139999389648438,128.72999572753906,85.90445709228516,75.1659927368164,10.6899995803833,25.937198638916016,350.2900085449219,51.29999923706055,41.90999984741211,11.390236854553223,,43.59333419799805,114.45081329345703,56.470001220703125,,87.66004180908203,843.719970703125,158.65037536621094,32.18771743774414,52.7081413269043,171.27999877929688,16.889129638671875
2020-08-14,30.81999969482422,69.67476654052734,52.01948165893555,7.173333168029785,25.3125,,20.18000030517578,129.25999450683594,85.66739654541016,74.57026672363281,10.75,25.705001831054688,349.1199951171875,51.47999954223633,41.65999984741211,11.5106782913208,,43.185001373291016,114.00325775146484,55.150001525878906,,88.5925064086914,817.0900268554688,158.1204071044922,32.077049255371094,53.40955352783203,173.41000366210938,16.836105346679688
2020-08-17,30.559999465942383,68.65835571289062,51.991722106933594,7.676667213439941,26.334999084472656,,19.940000534057617,129.72000122070312,86.6255111694336,75.1456527709961,10.75,25.5846004486084,354.8699951171875,50.88999938964844,41.724998474121094,12.28011417388916,,43.74333190917969,114.30162048339844,55.599998474121094,,91.48406219482422,835.02001953125,156.0184326171875,32.12812805175781,54.83085632324219,175.2100067138672,17.101242065429688
2020-08-18,30.010000228881836,69.67633056640625,52.96327209472656,7.690000057220459,26.774999618530273,,18.969999313354492,133.00999450683594,87.41571807861328,77.10528564453125,10.649999618530273,25.025611877441406,358.7799987792969,50.31999969482422,41.4900016784668,12.204215049743652,,44.293331146240234,114.45909881591797,54.849998474121094,,88.81855773925781,843.3099975585938,160.05166625976562,32.1451416015625,53.02193069458008,176.97999572753906,17.799427032470703
2020-08-19,30.010000228881836,69.2282485961914,53.037288665771484,8.460000038146973,27.037500381469727,,19.239999771118164,131.1300048828125,86.60576629638672,76.55169677734375,10.529999732971191,25.232011795043945,360.8399963378906,51.560001373291016,41.334999084472656,12.082529067993164,,44.913333892822266,113.0833511352539,53.63999938964844,,85.01339721679688,845.3300170898438,161.68653869628906,32.221771240234375,50.17009735107422,172.6300048828125,17.437076568603516
2020-08-20,29.770000457763672,69.2760238647461,52.5098762512207,7.626667022705078,28.122499465942383,,18.850000381469727,130.08999633789062,87.58362579345703,78.11979675292969,10.5,25.103010177612305,366.4200134277344,51.54999923706055,41.505001068115234,12.085017204284668,,45.41999816894531,113.30712127685547,54.84000015258789,,82.37614440917969,852.5999755859375,160.1953887939453,31.634370803833008,47.66897964477539,174.42999267578125,17.145427703857422
2020-08-21,29.610000610351562,69.6943359375,51.46430969238281,7.099999904632568,28.0049991607666,,18.549999237060547,130.3699951171875,89.98385620117188,78.08609771728516,10.579999923706055,24.879409790039062,368.75,51.119998931884766,41.3650016784668,12.625014305114746,,44.88833236694336,113.09163665771484,56.40999984741211,,82.15011596679688,883.25,161.04869079589844,31.32790184020996,47.69666290283203,173.13999938964844,16.880298614501953
2020-08-24,30.15999984741211,71.85133361816406,53.05580139160156,7.066667079925537,27.811250686645508,,19.290000915527344,128.74000549316406,94.2904281616211,78.56087493896484,10.449999809265137,25.077213287353516,376.30999755859375,54.09000015258789,41.845001220703125,12.661599159240723,,44.51166534423828,114.06956481933594,58.58000183105469,,84.11861419677734,891.8699951171875,163.02491760253906,32.366493225097656,49.29331970214844,172.5500030517578,17.05705451965332
2020-08-25,30.200000762939453,72.60962677001953,53.749759674072266,7.099999904632568,28.392499923706055,,19.420000076293945,125.4800033569336,95.2386703491211,79.58678436279297,10.5,25.197607040405273,378.5,53.68000030517578,41.98500061035156,12.69120979309082,,43.49833297729492,113.78779602050781,58.470001220703125,,85.94585418701172,875.6799926757812,161.84815979003906,32.02595901489258,49.062591552734375,173.02000427246094,16.915645599365234
2020-08-26,29.940000534057617,73.1254653930664,54.89711380004883,7.193333148956299,29.27750015258789,,19.149999618530273,126.91000366210938,93.94473266601562,81.48396301269531,10.5,25.62760353088379,381.5,52.63999938964844,41.98500061035156,12.714102745056152,,43.90666580200195,114.75743865966797,58.2599983215332,,84.63662719726562,881.7999877929688,162.90811157226562,31.92381477355957,49.15488052368164,175.38999938964844,16.579805374145508
2020-08-27,30.809999465942383,74.16458892822266,54.55475616455078,6.929999828338623,29.282499313354492,,18.729999542236328,122.37000274658203,96.54248809814453,80.7103271484375,10.569999694824219,25.739404678344727,374.8399963378906,57.2599983215332,41.66999816894531,12.57002067565918,,42.561668395996094,114.69940948486328,60.959999084472656,,85.57852935791016,889.22998046875,164.0668487548828,31.9834041595459,49.533287048339844,172.6699981689453,16.880298614501953
2020-08-28,31.229999542236328,76.19152069091797,54.73981475830078,6.8466668128967285,29.65999984741211,,19.540000915527344,119.66000366210938,99.65391540527344,81.25102233886719,10.449999809265137,25.859800338745117,377.4800109863281,58.709999084472656,42.27000045776367,13.087125778198242,,42.44499969482422,115.97567749023438,63.68000030517578,,88.3758773803711,878.4299926757812,166.51011657714844,32.255821228027344,50.843833923339844,171.05999755859375,17.05705451965332
2020-08-31,30.90999984741211,74.8284912109375,53.80527877807617,6.47333288192749,31.4325008392334,,19.530000686645508,119.69999694824219,96.94747924804688,80.7603759765625,10.479999542236328,25.653404235839844,375.6700134277344,56.79999923706055,41.93000030517578,13.312828063964844,,42.901668548583984,116.07514953613281,60.790000915527344,,85.78573608398438,881.97998046875,165.71070861816406,32.042999267578125,50.56695556640625,171.19000244140625,16.99518585205078
2020-09-01,30.56999969482422,75.549560546875,53.31488037109375,6.739999771118164,35.92250061035156,,19.899999618530273,125.05000305175781,98.03399658203125,82.02665710449219,10.75,25.75659942626953,391.1600036621094,57.20000076293945,42.41999816894531,13.761387825012207,,43.08333206176758,115.35413360595703,60.90999984741211,,85.96466064453125,880.489990234375,167.02215576171875,31.506662368774414,51.00996398925781,172.5,16.579805374145508
2020-09-02,31.1200008392334,76.32783508300781,55.10993194580078,6.630000114440918,35.51750183105469,,19.84000015258789,124.37000274658203,101.67879486083984,85.11476135253906,10.710000038146973,26.143596649169922,398.2900085449219,57.900001525878906,43.26499938964844,14.28462028503418,,42.90999984741211,118.75200653076172,62.029998779296875,,89.06344604492188,855.1099853515625,168.88153076171875,32.2813606262207,52.35742950439453,172.8300018310547,17.04821014404297
2020-09-03,30.18000030517578,76.19937133789062,54.55475616455078,6.2133331298828125,32.3125,,19.3700008392334,116.19999694824219,99.0612564086914,80.75938415527344,10.6899995803833,25.62760353088379,377.8699951171875,56.099998474121094,41.349998474121094,12.959359169006348,,40.36833190917969,116.3338394165039,61.209999084472656,,88.33821105957031,813.27001953125,171.19004821777344,32.349464416503906,51.24068832397461,166.60000610351562,16.57097053527832
2020-09-04,29.809999465942383,75.11402130126953,54.0736083984375,6.306666851043701,31.297500610351562,,19.09000015258789,112.04000091552734,98.5772705078125,78.36561584472656,10.75,25.40400505065918,361.4100036621094,57.58000183105469,41.1349983215332,12.568055152893066,,39.275001525878906,115.8246841430664,62.400001525878906,,87.89553833007812,810.3900146484375,172.03440856933594,32.62188720703125,50.926883697509766,161.7100067138672,16.11140251159668
2020-09-08,28.59000015258789,74.09015655517578,51.57534408569336,6.236667156219482,31.407499313354492,,18.559999465942383,110.55999755859375,98.05375671386719,75.51042938232422,10.75,24.819211959838867,349.79998779296875,57.810001373291016,40.04999923706055,11.861617088317871,,38.98833465576172,113.14523315429688,61.029998779296875,,88.14981842041016,791.0900268554688,168.65695190429688,32.1451416015625,51.037654876708984,156.22000122070312,15.775566101074219
2020-09-09,29.079999923706055,73.28604888916016,52.9262580871582,6.7866668701171875,32.04499816894531,,18.770000457763672,112.70999908447266,98.01425170898438,76.68155670166016,10.859999656677246,25.386808395385742,323.92999267578125,57.2400016784668,41.369998931884766,12.66015625,,39.733333587646484,114.44740295410156,61.060001373291016,,88.03680419921875,801.1199951171875,170.60617065429688,31.940834045410156,50.53925704956055,158.58999633789062,16.27932357788086
2020-09-10,28.84000015258789,71.15219116210938,52.63016891479492,6.929999828338623,32.337501525878906,,18.530000686645508,110.56999969482422,96.04862976074219,75.63185119628906,10.979999542236328,24.53542137145996,320.0,56.93000030517578,40.88999938964844,12.258647918701172,,39.49333190917969,112.48580932617188,57.63999938964844,,85.4372329711914,831.1799926757812,169.52828979492188,30.30634117126465,49.939369201660156,154.32000732421875,15.98767375946045
2020-09-11,29.899999618530273,69.8655014038086,51.9547119140625,6.873332977294922,31.56999969482422,,17.799999237060547,110.7699966430664,93.57925415039062,75.12187957763672,10.970000267028809,24.79341697692871,313.3900146484375,57.13999938964844,40.66999816894531,12.112031936645508,,40.4900016784668,113.3623046875,56.34000015258789,,84.97572326660156,851.510009765625,169.6001739501953,29.87217903137207,49.976287841796875,153.52999877929688,16.358856201171875
2020-09-14,30.719999313354492,69.8988037109375,52.04723358154297,7.043333053588867,32.125,,18.1200008392334,112.55000305175781,94.74480438232422,74.77840423583984,11.0,24.776214599609375,313.82000732421875,58.65999984741211,41.44499969482422,12.816728591918945,,40.95500183105469,114.08013916015625,58.279998779296875,,88.31936645507812,865.75,175.43881225585938,29.8040714263916,51.194541931152344,156.47999572753906,16.677021026611328
2020-09-15,30.239999771118164,69.99320220947266,52.223045349121094,7.2866668701171875,32.86249923706055,,17.760000228881836,111.00499725341797,96.2066650390625,76.08136749267578,11.050000190734863,24.767616271972656,315.489990234375,58.849998474121094,41.56999969482422,12.934967041015625,,41.3466682434082,113.20368957519531,61.0,,88.46065521240234,874.3800048828125,176.58856201171875,29.191137313842773,52.4774055480957,160.58999633789062,16.39662742614746
2020-09-16,30.100000381469727,70.76324462890625,52.7874641418457,7.066667079925537,32.787498474121094,,17.670000076293945,108.80000305175781,97.81669616699219,74.93999481201172,11.199999809265137,24.44942283630371,309.989990234375,59.970001220703125,40.935001373291016,12.460522651672363,,41.14500045776367,112.66944122314453,61.9900016784668,,90.4385757446289,857.8099975585938,173.5435028076172,29.42099380493164,52.90195083618164,157.07000732421875,16.565753936767578
2020-09-17,29.940000534057617,70.00143432617188,53.666481018066406,7.313333034515381,32.14500045776367,,18.1299991607666,109.2300033569336,95.60414123535156,73.698486328125,11.199999809265137,24.34622573852539,303.1099853515625,58.560001373291016,40.35499954223633,12.40974235534668,,40.23833465576172,111.18368530273438,60.0099983215332,,88.4229736328125,879.4600219726562,172.65423583984375,29.846637725830078,51.62832260131836,159.4499969482422,16.272005081176758
2020-09-18,29.440000534057617,67.84992980957031,53.25936508178711,7.306666851043701,32.85749816894531,,17.959999084472656,111.75,92.65078735351562,71.91680145263672,11.1899995803833,24.122623443603516,294.760009765625,56.9900016784668,39.494998931884766,12.136675834655762,,40.266666412353516,109.7396240234375,57.38999938964844,,86.90654754638672,877.3599853515625,168.70193481445312,29.208158493041992,51.7021484375,158.49000549316406,16.12067413330078
2020-09-21,28.8799991607666,64.72078704833984,50.39098358154297,7.193333148956299,34.532501220703125,,18.079999923706055,116.01000213623047,90.17152404785156,70.87850952148438,10.989999771118164,23.967830657958984,295.55999755859375,53.15999984741211,39.189998626708984,12.463261604309082,,40.435001373291016,109.54764556884766,56.099998474121094,,85.16409301757812,879.27001953125,166.231689453125,28.595226287841797,49.99473571777344,164.33999633789062,15.924843788146973
2020-09-22,28.479999542236328,65.56720733642578,50.27994918823242,6.97333288192749,35.66999816894531,,19.1200008392334,119.3499984741211,92.7989273071289,72.34945678710938,11.0,23.950632095336914,313.6000061035156,53.11000061035156,39.6150016784668,12.583242416381836,,41.08333206176758,110.3072280883789,58.349998474121094,,85.35248565673828,912.8599853515625,169.3217010498047,28.714406967163086,49.72709274291992,166.22000122070312,15.862531661987305
2020-09-23,27.559999465942383,64.17556762695312,48.60517501831055,6.486667156219482,34.650001525878906,,18.790000915527344,115.08999633789062,90.79381561279297,69.8501205444336,10.770000457763672,23.383037567138672,316.7699890136719,51.34000015258789,38.89500045776367,12.071456909179688,,39.85499954223633,109.3473129272461,59.86000061035156,,82.639892578125,895.6300048828125,167.58802795410156,28.161062240600586,48.79493713378906,162.30999755859375,15.98715591430664
2020-09-24,27.479999542236328,64.64949798583984,48.92903137207031,6.513332843780518,33.474998474121094,,18.40999984741211,113.68000030517578,90.9222183227539,70.5177001953125,10.649999618530273,23.443233489990234,315.5799865722656,50.90999984741211,39.0,12.294737815856934,,39.665000915527344,109.8314437866211,59.41999816894531,,81.64149475097656,868.6799926757812,163.3662109375,28.135520935058594,48.75802230834961,163.2899932861328,16.01386070251465
2020-09-25,28.260000228881836,64.9315185546875,48.87351608276367,6.586667060852051,34.09749984741211,,18.31999969482422,118.27999877929688,92.42359924316406,71.32058715820312,10.819999694824219,23.976425170898438,315.3500061035156,53.2400016784668,39.39500045776367,12.818222045898438,,40.356666564941406,111.475830078125,59.83000183105469,,82.81884002685547,875.77001953125,163.32130432128906,27.795001983642578,49.0810432434082,165.77999877929688,16.03166389465332
2020-09-28,28.040000915527344,66.60124969482422,50.316959381103516,6.75,34.35749816894531,,18.75,123.69000244140625,93.134765625,72.29196166992188,11.25,23.942028045654297,318.7300109863281,54.40999984741211,40.255001068115234,12.978774070739746,,40.9900016784668,115.1652603149414,61.31999969482422,,86.89713287353516,899.9099731445312,166.5819549560547,28.58671760559082,51.31452560424805,167.4600067138672,15.99605655670166
2020-09-29,28.219999313354492,65.52725982666016,50.22442626953125,6.943333148956299,34.087501525878906,,18.31999969482422,123.2300033569336,90.655517578125,72.65673828125,11.600000381469727,23.31424331665039,323.6700134277344,53.290000915527344,39.89500045776367,13.168704986572266,,41.081668853759766,114.48915100097656,58.90999984741211,,85.7386245727539,880.4199829101562,168.44139099121094,28.544147491455078,49.98551559448242,164.33999633789062,16.494544982910156
2020-09-30,29.479999542236328,67.00389862060547,49.85430908203125,7.570000171661377,34.33000183105469,,18.3700008392334,121.62999725341797,90.56663513183594,72.63591766357422,11.75,23.735637664794922,329.3699951171875,53.880001068115234,40.099998474121094,13.472140312194824,,40.79166793823242,115.69113159179688,61.619998931884766,,87.89553833007812,883.3599853515625,170.22889709472656,28.569684982299805,51.36066818237305,165.22000122070312,16.788293838500977
2020-10-01,29.969999313354492,68.26902770996094,49.59523391723633,7.309999942779541,35.717498779296875,,18.959999084472656,131.69000244140625,90.93208312988281,73.74111938476562,10.800000190734863,24.219858169555664,341.04998779296875,53.7400016784668,40.7400016784668,13.555778503417969,,41.755001068115234,117.5274887084961,63.529998779296875,,89.31774139404297,873.4199829101562,165.8274688720703,27.905668258666992,52.680458068847656,166.11000061035156,15.924843788146973
2020-10-02,30.950000762939453,67.00507354736328,49.96534729003906,7.676667213439941,34.967498779296875,,18.760000228881836,131.6300048828125,90.96172332763672,72.14031219482422,10.51200008392334,24.289031982421875,332.6700134277344,54.72999954223633,39.775001525878906,13.005911827087402,,40.86000061035156,115.24039459228516,62.220001220703125,,90.626953125,880.0999755859375,166.71673583984375,28.97830581665039,53.188053131103516,160.14999389648438,16.01386070251465
2020-10-05,31.8799991607666,66.8515396118164,51.158966064453125,7.539999961853027,36.220001220703125,,19.600000381469727,136.69000244140625,91.03087615966797,73.4898681640625,10.329999923706055,23.92586326599121,337.8699951171875,54.560001373291016,39.334999084472656,13.583657264709473,,41.44499969482422,115.13187408447266,62.47999954223633,,91.43695831298828,882.6699829101562,164.9202117919922,29.75299835205078,53.08653259277344,164.75999450683594,15.853630065917969
2020-10-06,31.3700008392334,66.96590423583984,52.574649810791016,7.053332805633545,36.282501220703125,,20.309999465942383,134.55999755859375,90.74441528320312,71.913330078125,10.199999809265137,24.237150192260742,329.2900085449219,54.209999084472656,38.814998626708984,13.677252769470215,,41.206668853759766,113.27045440673828,62.369998931884766,,89.1387939453125,895.5999755859375,162.20745849609375,29.72745704650879,52.246681213378906,162.1999969482422,15.978253364562988
2020-10-07,31.229999542236328,68.890625,54.0736083984375,7.340000152587891,36.14250183105469,,20.5,142.66000366210938,92.34456634521484,72.31575012207031,10.239999771118164,24.730022430419922,338.9100036621094,54.81999969482422,39.380001068115234,13.903770446777344,,41.82666778564453,114.36394500732422,65.41999816894531,,91.49348449707031,914.0,163.01589965820312,30.37445068359375,53.86178970336914,160.9600067138672,15.87143325805664
2020-10-08,32.119998931884766,70.06409454345703,55.17470169067383,6.826666831970215,35.74250030517578,,21.139999389648438,139.5399932861328,94.77442932128906,73.51957702636719,10.350000381469727,24.816492080688477,337.94000244140625,56.27000045776367,39.584999084472656,13.779060363769531,,41.584999084472656,115.06510162353516,65.87999725341797,,92.17163848876953,920.010009765625,166.3125,31.32790184020996,53.80642318725586,160.4199981689453,16.272005081176758
2020-10-09,32.40999984741211,71.20308685302734,55.05440902709961,7.323332786560059,35.89250183105469,,21.639999389648438,146.6699981689453,95.12015533447266,74.85870361328125,10.489999771118164,25.292068481445312,346.4599914550781,56.83000183105469,40.474998474121094,13.703387260437012,,42.086666107177734,115.55754089355469,67.5999984741211,,92.68965911865234,918.1900024414062,167.65992736816406,30.740507125854492,53.704891204833984,161.63999938964844,16.01386070251465
2020-10-12,32.709999084472656,72.26494598388672,55.489295959472656,7.1433329582214355,36.4900016784668,,21.780000686645508,147.3800048828125,96.14740753173828,77.54191589355469,10.399999618530273,25.76764488220215,348.0,55.84000015258789,41.38999938964844,14.164640426635742,,42.18333435058594,118.6376724243164,68.31999969482422,,92.90628814697266,947.1900024414062,167.98326110839844,30.34890365600586,53.501853942871094,167.13999938964844,16.02276039123535
2020-10-13,33.08000183105469,69.75701904296875,53.81452941894531,7.626667022705078,38.20000076293945,,21.530000686645508,153.1999969482422,93.16439819335938,77.6648178100586,10.470000267028809,25.79358673095703,356.2900085449219,54.689998626708984,41.744998931884766,14.186795234680176,,42.42499923706055,119.81462097167969,65.72000122070312,,91.96440887451172,973.3099975585938,168.45034790039062,30.084997177124023,52.966556549072266,169.16000366210938,16.049467086791992
2020-10-14,33.34000015258789,67.86245727539062,53.046546936035156,7.306666851043701,36.9474983215332,,21.3700008392334,149.97000122070312,91.26791381835938,77.48490905761719,10.470000267028809,25.655237197875977,352.07000732421875,54.36000061035156,41.400001525878906,14.034453392028809,,42.68333435058594,118.96321105957031,64.66000366210938,,90.69290924072266,964.8099975585938,164.4800567626953,30.136077880859375,52.985008239746094,168.94000244140625,16.699275970458984
2020-10-15,33.81999969482422,66.66822052001953,50.816612243652344,7.119999885559082,36.34000015258789,,21.18000030517578,150.6699981689453,89.12451934814453,77.08993530273438,10.479999542236328,25.456356048583984,353.6099853515625,54.369998931884766,40.69499969482422,13.909748077392578,,41.970001220703125,118.05333709716797,65.19999694824219,,90.59869384765625,947.2100219726562,163.07879638671875,30.280799865722656,52.985008239746094,168.02999877929688,16.690378189086914
2020-10-16,33.209999084472656,65.32711029052734,51.27924728393555,6.9766669273376465,36.334999084472656,,21.020000457763672,147.58999633789062,89.5986328125,77.69605255126953,10.40999984741211,25.733060836791992,349.95001220703125,54.599998474121094,40.380001068115234,13.751928329467773,,41.060001373291016,118.3038101196289,65.23999786376953,,89.59089660644531,946.8400268554688,163.01589965820312,30.136077880859375,52.28358840942383,168.22000122070312,16.930715560913086
2020-10-19,32.95000076293945,64.74546813964844,51.38103485107422,7.059999942779541,36.165000915527344,,21.049999237060547,148.3699951171875,91.01111602783203,75.82514190673828,10.399999618530273,25.24883460998535,336.4599914550781,53.970001220703125,40.005001068115234,13.439531326293945,,40.38999938964844,116.59259033203125,63.189998626708984,,85.67269897460938,931.260009765625,162.2613525390625,29.557193756103516,50.8807487487793,165.52999877929688,16.743783950805664
2020-10-20,33.0099983215332,65.47753143310547,52.667179107666016,7.103332996368408,35.65999984741211,,20.639999389648438,144.7899932861328,91.82106018066406,76.87236022949219,10.34000015258789,25.274776458740234,330.0400085449219,55.63999938964844,40.099998474121094,13.586644172668457,,39.880001068115234,116.61768341064453,64.38999938964844,,86.82177734375,914.0,161.98291015625,29.540176391601562,50.6961669921875,164.44000244140625,16.868412017822266
2020-10-21,32.150001525878906,66.66509246826172,51.436553955078125,7.093332767486572,33.78499984741211,,20.510000228881836,133.00999450683594,91.56424713134766,78.6025161743164,10.239999771118164,25.21424674987793,325.5,55.290000915527344,40.04499816894531,13.466414451599121,,39.30833435058594,116.52586364746094,65.0,,86.81236267089844,911.0700073242188,161.3631134033203,29.44652557373047,50.7422981262207,164.5500030517578,16.859506607055664
2020-10-22,31.110000610351562,70.18983459472656,51.97321701049805,7.663332939147949,33.6349983215332,,20.950000762939453,135.94000244140625,99.80207061767578,79.62692260742188,10.210000038146973,25.55147361755371,325.6700134277344,56.83000183105469,40.279998779296875,13.303369522094727,,39.599998474121094,116.53418731689453,67.08999633789062,,87.74483489990234,918.0800170898438,160.249267578125,30.05095100402832,51.7021484375,163.2899932861328,16.96632194519043
2020-10-23,31.190000534057617,71.4248046875,53.2871208190918,7.343332767486572,33.85499954223633,,21.6200008392334,137.84500122070312,101.46150207519531,80.93135833740234,10.1899995803833,25.257478713989258,333.9200134277344,57.15999984741211,40.19499969482422,13.531632423400879,,39.42333221435547,116.49242401123047,68.41999816894531,,89.88286590576172,1091.0999755859375,161.20144653320312,30.37445068359375,52.625064849853516,164.42999267578125,17.162155151367188
2020-10-26,30.649999618530273,68.51616668701172,52.435855865478516,6.906667232513428,33.27000045776367,,21.5,139.72999572753906,97.79694366455078,78.51826477050781,10.109999656677246,24.591670989990234,331.6000061035156,54.529998779296875,39.42499923706055,13.084569931030273,,38.60333251953125,115.24039459228516,65.3499984741211,,86.31317138671875,1047.5699462890625,157.16822814941406,29.693405151367188,50.760765075683594,165.0500030517578,16.993026733398438
2020-10-27,30.229999542236328,66.49589538574219,51.1219482421875,7.269999980926514,33.369998931884766,,20.959999084472656,145.77999877929688,93.90521240234375,79.2413558959961,10.079999923706055,24.730022430419922,333.80999755859375,51.849998474121094,40.19499969482422,13.33896541595459,,38.59000015258789,116.12516021728516,63.95000076293945,,86.13421630859375,1076.5699462890625,154.64413452148438,28.78251075744629,49.957828521728516,167.36000061035156,16.414432525634766
2020-10-28,28.969999313354492,62.8665885925293,49.058570861816406,7.136666774749756,32.89250183105469,,20.299999237060547,139.63999938964844,90.70490264892578,74.87606048583984,10.020000457763672,23.977741241455078,329.510009765625,49.400001525878906,38.685001373291016,12.57253646850586,,37.654998779296875,111.99336242675781,59.2400016784668,,80.32286071777344,1060.3599853515625,148.2216033935547,28.01633644104004,47.3921012878418,164.38999938964844,15.444161415100098
2020-10-29,28.979999542236328,63.85401153564453,49.40092468261719,7.433332920074463,31.84000015258789,,20.34000015258789,132.4199981689453,94.05339050292969,77.15979766845703,10.0600004196167,23.510814666748047,330.1499938964844,49.66999816894531,38.77000045776367,12.967825889587402,,38.128334045410156,111.84313201904297,60.59000015258789,,81.9334716796875,1057.1500244140625,148.97613525390625,28.416454315185547,47.74281692504883,162.77000427246094,15.435259819030762
2020-10-30,35.650001525878906,63.5500602722168,48.031497955322266,6.703332901000977,30.959999084472656,,20.270000457763672,121.58999633789062,92.9964828491211,80.09528350830078,10.199999809265137,23.260051727294922,319.2900085449219,48.79999923706055,38.28499984741211,12.479937553405762,,36.8650016784668,111.25879669189453,59.27000045776367,,80.21925354003906,1039.1800537109375,148.41920471191406,30.01689910888672,46.88448715209961,154.9199981689453,15.461963653564453
2020-11-02,34.959999084472656,62.83055114746094,48.33685302734375,6.803332805633545,31.11750030517578,,20.719999313354492,126.44000244140625,93.55950164794922,80.50216674804688,10.149999618530273,23.381107330322266,315.5,50.22999954223633,38.959999084472656,12.52648639678955,,36.974998474121094,112.81137084960938,59.31999969482422,,83.44044494628906,1038.739990234375,158.4437713623047,31.96637535095215,47.75203323364258,154.02999877929688,15.79132080078125
2020-11-03,37.27000045776367,65.39410400390625,49.82655334472656,7.363333225250244,31.71500015258789,,20.780000686645508,130.4499969482422,97.58952331542969,81.55978393554688,10.170000076293945,24.038270950317383,327.1300048828125,53.34000015258789,39.7599983215332,12.963342666625977,,37.98666763305664,114.38899230957031,63.91999816894531,,86.31317138671875,1003.7999877929688,166.03408813476562,32.92835235595703,49.82862091064453,158.8800048828125,16.369918823242188
2020-11-04,36.63999938964844,67.10729217529297,50.01161575317383,7.829999923706055,34.08000183105469,,21.350000381469727,136.1999969482422,97.2931900024414,86.52526092529297,10.180000305175781,24.41008949279785,340.17999267578125,54.72999954223633,41.36000061035156,13.734752655029297,,39.1966667175293,115.07344055175781,66.45999908447266,,86.84061431884766,1024.6800537109375,162.449951171875,31.745044708251953,49.14564895629883,163.72000122070312,16.32541275024414
2020-11-05,38.56999969482422,69.26115417480469,52.01948165893555,7.953332901000977,34.72999954223633,,19.43000030517578,143.63999938964844,101.83683776855469,87.35044860839844,10.149999618530273,24.90296173095703,347.17999267578125,56.43000030517578,41.84000015258789,14.098925590515137,,40.70333480834961,115.2320556640625,66.56999969482422,,89.42134857177734,1025.239990234375,165.4987335205078,32.562294006347656,50.40082931518555,168.67999267578125,16.45893669128418
2020-11-06,38.290000915527344,69.86589813232422,52.44511032104492,7.906667232513428,35.4474983215332,,19.09000015258789,146.27999877929688,102.00474548339844,87.2131576538086,10.100000381469727,24.781898498535156,343.79998779296875,56.040000915527344,41.630001068115234,14.499189376831055,,41.67166519165039,115.50749969482422,67.19000244140625,,87.87670135498047,1062.0,167.5734100341797,32.62188720703125,49.782466888427734,175.19000244140625,16.25420379638672
2020-11-09,39.779998779296875,82.96720123291016,57.84877014160156,8.036666870117188,31.637500762939453,,20.739999771118164,121.19999694824219,127.06391906738281,87.29691314697266,10.09000015258789,23.977741241455078,326.9599914550781,64.36000061035156,40.67499923706055,13.571958541870117,,42.02166748046875,115.56591796875,78.06999969482422,,101.55267333984375,949.5999755859375,181.07623291015625,35.03958511352539,56.20602035522461,159.99000549316406,16.83279800415039
2020-11-10,40.650001525878906,78.62739562988281,61.623931884765625,7.983333110809326,30.875,,20.809999465942383,119.43000030517578,121.24608612060547,86.1223373413086,10.119999885559082,24.5397891998291,322.19000244140625,65.26000213623047,40.790000915527344,12.714920043945312,,40.45333480834961,118.2954330444336,73.0199966430664,,103.05966186523438,917.6400146484375,180.9049072265625,36.43571090698242,57.461185455322266,154.88999938964844,17.96329689025879
2020-11-11,40.5099983215332,78.33677673339844,61.98479080200195,8.256667137145996,32.7400016784668,,20.950000762939453,130.58999633789062,118.23344421386719,86.5936508178711,10.140000343322754,25.421772003173828,336.67999267578125,63.689998626708984,42.25,13.360125541687012,,42.133331298828125,120.11505889892578,74.76000213623047,,98.124267578125,958.4000244140625,175.46588134765625,36.069644927978516,55.48613739013672,161.57000732421875,17.48261070251465
2020-11-12,39.97999954223633,76.88362121582031,60.18048858642578,10.653332710266113,34.32500076293945,,21.100000381469727,127.02999877929688,116.0604019165039,86.37507629394531,10.119999885559082,25.119129180908203,329.9100036621094,62.2400016784668,41.47999954223633,13.398709297180176,,41.99333190917969,120.06502532958984,71.68000030517578,,98.5292739868164,955.010009765625,175.79954528808594,35.9249267578125,54.82162094116211,160.22000122070312,16.93962287902832
2020-11-13,41.790000915527344,80.40678405761719,61.4018669128418,10.859999656677246,33.04499816894531,,21.350000381469727,124.91999816894531,121.9375,87.83415222167969,10.140000343322754,25.33530044555664,325.45001220703125,66.08000183105469,42.0099983215332,13.239645004272461,,43.116668701171875,120.7912368774414,69.4000015258789,,101.84463500976562,937.530029296875,182.21279907226562,37.57646560668945,55.033897399902344,161.8300018310547,17.56272315979004
2020-11-16,41.869998931884766,82.6291732788086,62.91931915283203,11.363332748413086,32.89500045776367,,21.93000030517578,125.62000274658203,122.04615783691406,87.92189025878906,10.130000114440918,25.465003967285156,331.7699890136719,68.31999969482422,41.790000915527344,13.456955909729004,,46.41666793823242,121.66764831542969,70.98999786376953,,104.39714050292969,946.219970703125,185.90199279785156,38.240478515625,56.38136672973633,162.38999938964844,17.62504005432129
2020-11-17,43.220001220703125,81.51839447021484,61.577674865722656,10.770000457763672,34.44499969482422,,21.65999984741211,128.82000732421875,121.52265930175781,87.30880737304688,10.149999618530273,25.240184783935547,338.3999938964844,68.77999877929688,42.77000045776367,13.36435604095459,,48.95166778564453,121.233642578125,68.05999755859375,,104.03921508789062,963.4500122070312,184.95486450195312,38.41925048828125,56.427520751953125,162.1999969482422,17.2066707611084
2020-11-18,42.86000061035156,80.0828857421875,60.96697235107422,10.643333435058594,34.41999816894531,,21.65999984741211,127.01000213623047,121.0188980102539,86.26704406738281,10.119999885559082,25.51688575744629,336.92999267578125,67.08999633789062,42.11000061035156,13.370827674865723,,46.856666564941406,119.68104553222656,66.5,,104.83039093017578,918.8400268554688,183.78228759765625,37.08270263671875,57.479644775390625,161.55999755859375,16.574661254882812
2020-11-19,42.93000030517578,78.7656478881836,61.04100036621094,11.34000015258789,35.939998626708984,,21.989999771118164,134.5,122.4412612915039,87.1556625366211,10.220000267028809,25.733060836791992,344.6000061035156,66.91000366210938,41.8650016784668,13.382280349731445,,47.91999816894531,119.63095092773438,66.70999908447266,,103.7943344116211,930.3699951171875,184.19725036621094,37.49132537841797,56.81513595581055,165.5800018310547,16.494544982910156
2020-11-20,43.11000061035156,78.05279541015625,60.18048858642578,11.386667251586914,36.43000030517578,,21.549999237060547,140.05999755859375,118.4310073852539,86.05591583251953,10.229999542236328,25.80223274230957,345.739990234375,66.30999755859375,41.7599983215332,13.031299591064453,,48.668331146240234,119.7144546508789,66.29000091552734,,102.6546859741211,938.2999877929688,180.91390991210938,37.08270263671875,56.002967834472656,170.0500030517578,16.200790405273438
2020-11-23,43.849998474121094,79.11307525634766,61.38335418701172,11.233332633972168,36.8849983215332,,22.059999465942383,140.1999969482422,121.29547882080078,85.61880493164062,10.25,25.79358673095703,348.5299987792969,68.30000305175781,42.03499984741211,13.083322525024414,,49.34000015258789,119.38055419921875,69.11000061035156,,101.89173889160156,930.4500122070312,181.82493591308594,37.56794357299805,57.03664779663086,171.19000244140625,16.5301513671875
2020-11-24,43.81999969482422,82.38790893554688,63.742835998535156,10.393333435058594,37.36249923706055,,22.270000457763672,137.60000610351562,123.51791381835938,87.41983032226562,10.239999771118164,25.845468521118164,349.54998779296875,69.30999755859375,42.095001220703125,12.901861190795898,,49.5283317565918,120.2236328125,74.68000030517578,,106.8177490234375,894.27001953125,187.43539428710938,40.04523468017578,59.37163162231445,169.8300018310547,17.242267608642578
2020-11-25,43.290000915527344,80.83489227294922,62.910072326660156,10.146666526794434,37.4900016784668,,21.829999923706055,145.08999633789062,121.67081451416016,87.43122863769531,10.25,26.22592544555664,357.79998779296875,68.29000091552734,42.040000915527344,13.177664756774902,,49.54833221435547,120.33210754394531,72.19999694824219,,104.47247314453125,903.3800048828125,184.63917541503906,39.58552551269531,57.95956802368164,173.97999572753906,17.33128547668457
2020-11-27,43.18000030517578,80.3989486694336,63.31719970703125,10.896666526794434,37.70750045776367,,21.6200008392334,160.5500030517578,122.21407318115234,88.56566619873047,10.449999809265137,26.597740173339844,365.3900146484375,67.2300033569336,42.07500076293945,13.20405101776123,,49.21833419799805,120.69942474365234,72.26000213623047,,103.1727066040039,901.6400146484375,184.73838806152344,39.840919494628906,58.34718322753906,176.41000366210938,17.4381046295166
2020-11-30,42.45000076293945,79.45030212402344,61.69795227050781,10.75,38.31999969482422,,21.739999771118164,160.6999969482422,122.96476745605469,86.94900512695312,10.520000457763672,26.329692840576172,370.2200012207031,65.6500015258789,42.38999938964844,13.343694686889648,,48.98666763305664,120.39056396484375,72.94999694824219,,101.27010345458984,930.8400268554688,185.6674346923828,39.159873962402344,58.61483383178711,180.50999450683594,16.628067016601562
2020-12-01,41.97999954223633,80.3989486694336,62.7435188293457,11.583333015441895,36.875,,21.93000030517578,154.6699981689453,124.67356872558594,88.97900390625,10.770000457763672,26.329692840576172,377.5199890136719,68.11000061035156,43.34000015258789,13.332243919372559,,49.13833236694336,121.92643737792969,75.11000061035156,,105.05642700195312,966.530029296875,185.57730102539062,39.372711181640625,59.879249572753906,180.05999755859375,16.71708106994629
2020-12-02,42.279998779296875,81.40752410888672,62.91931915283203,11.83666706085205,35.459999084472656,,22.489999771118164,154.6199951171875,126.30335235595703,90.44648742675781,10.520000457763672,26.0097599029541,372.6000061035156,69.9000015258789,43.130001068115234,13.486080169677734,,48.871665954589844,120.71607971191406,74.55000305175781,,105.0940933227539,920.8800048828125,184.90077209472656,38.55544662475586,59.98999786376953,181.3000030517578,16.797191619873047
2020-12-03,41.880001068115234,82.12078094482422,63.76134490966797,12.073332786560059,40.29750061035156,,22.25,154.74000549316406,125.78973388671875,90.29136657714844,10.8100004196167,26.027050018310547,375.4200134277344,69.22000122070312,43.2599983215332,13.34216022491455,,49.438331604003906,121.43317413330078,74.19999694824219,,106.48808288574219,932.47998046875,189.22132873535156,39.73025131225586,60.829864501953125,180.75999450683594,16.708179473876953
2020-12-04,42.91999816894531,83.23314666748047,65.26954650878906,11.866666793823242,41.814998626708984,,22.360000610351562,155.02999877929688,127.00464630126953,90.38653564453125,10.899999618530273,26.398866653442383,377.05999755859375,70.0,43.720001220703125,13.503761291503906,,50.71500015258789,122.61012268066406,75.12000274658203,,108.54137420654297,934.97998046875,192.83834838867188,40.47088623046875,61.494380950927734,180.72999572753906,17.046438217163086
2020-12-07,42.2400016784668,83.3800277709961,64.79764556884766,12.460000038146973,42.68000030517578,,22.260000228881836,156.92999267578125,124.96989440917969,90.05298614501953,11.819999694824219,26.55451011657715,371.4800109863281,69.93000030517578,43.584999084472656,13.55206298828125,,50.481666564941406,122.20659637451172,74.76000213623047,,106.99668884277344,937.3699951171875,191.25987243652344,40.573036193847656,60.80217361450195,183.38999938964844,16.886207580566406
2020-12-08,43.5099983215332,81.72988891601562,64.60334014892578,12.4399995803833,44.369998931884766,,22.59000015258789,163.97000122070312,124.73281860351562,89.77046966552734,11.779999732971191,26.087581634521484,371.07000732421875,69.88999938964844,44.099998474121094,13.296345710754395,,51.70333480834961,122.33269500732422,75.7300033569336,,106.8742446899414,940.010009765625,192.13473510742188,40.802886962890625,60.37761688232422,183.60000610351562,16.868412017822266
2020-12-09,46.18000030517578,82.5312728881836,65.20478057861328,11.890000343322754,41.54249954223633,,22.0,159.22999572753906,127.26145935058594,88.1116943359375,12.050000190734863,26.165403366088867,363.55999755859375,70.26000213623047,43.95000076293945,12.878778457641602,,50.358333587646484,122.47562408447266,77.31999969482422,,107.1850814819336,936.22998046875,188.8605194091797,40.93058395385742,61.577423095703125,183.67999267578125,16.921817779541016
2020-12-10,47.47999954223633,82.44351196289062,65.47310638427734,12.123332977294922,44.997501373291016,,21.739999771118164,165.3000030517578,128.8715057373047,87.60566711425781,12.3100004196167,26.09622573852539,369.07000732421875,72.33000183105469,44.01499938964844,12.920113563537598,,51.311668395996094,121.61809539794922,77.54000091552734,,106.73297119140625,949.0,186.975341796875,41.0412483215332,61.39282989501953,187.82000732421875,16.752687454223633
2020-12-11,47.02000045776367,81.83015441894531,64.43679809570312,12.126667022705078,43.97999954223633,,21.540000915527344,170.02000427246094,121.51277160644531,87.96003723144531,11.890000343322754,26.251869201660156,344.32000732421875,70.93000030517578,44.0099983215332,12.96094799041748,,51.654998779296875,121.87030792236328,76.19000244140625,,106.26203918457031,940.1699829101562,185.17132568359375,40.266571044921875,60.96831512451172,190.2100067138672,16.272005081176758
2020-12-14,47.38999938964844,80.92145538330078,64.7698974609375,11.886667251586914,43.45000076293945,,21.170000076293945,169.97000122070312,121.81897735595703,86.84294128417969,12.5,26.24322509765625,352.3699951171875,70.3499984741211,44.209999084472656,13.25526237487793,,52.380001068115234,121.24823760986328,76.1500015258789,,104.12398529052734,927.4400024414062,186.71380615234375,39.09178924560547,60.303775787353516,195.1999969482422,16.147382736206055
2020-12-15,47.95000076293945,82.1764144897461,65.45460510253906,12.0,43.73249816894531,,21.229999542236328,177.8000030517578,124.45626068115234,87.28006744384766,12.09000015258789,26.104873657226562,356.07000732421875,73.16999816894531,44.290000915527344,13.306801795959473,,52.90833282470703,121.70221710205078,73.1500015258789,,106.5163345336914,930.4000244140625,191.44931030273438,39.1854133605957,61.59588623046875,194.6999969482422,16.555437088012695
2020-12-16,48.380001068115234,82.20226287841797,64.93644714355469,13.229999542236328,44.9474983215332,,21.600000381469727,182.33999633789062,123.44876098632812,87.08726501464844,12.399999618530273,26.493982315063477,363.1000061035156,72.9800033569336,44.900001525878906,13.189277648925781,,53.88833236694336,121.80306243896484,74.91000366210938,,106.83657836914062,954.5,193.7583770751953,39.38972854614258,61.48514175415039,195.1199951171875,16.214643478393555
2020-12-17,49.959999084472656,82.77880859375,66.11156463623047,13.293333053588867,46.3125,,22.020000457763672,188.10000610351562,122.95489501953125,86.2605972290039,12.270000457763672,26.917675018310547,386.07000732421875,73.9800033569336,45.06999969482422,13.287631034851074,,55.233333587646484,122.49241638183594,74.69999694824219,,109.90708923339844,958.3699951171875,196.45538330078125,39.13434600830078,62.30653762817383,197.39999389648438,16.080120086669922
2020-12-18,48.939998626708984,82.23905944824219,66.15782165527344,13.069999694824219,50.9375,,22.600000381469727,190.75999450683594,124.00189208984375,85.55238342285156,12.050000190734863,26.744739532470703,378.04998779296875,73.43000030517578,45.064998626708984,13.218659400939941,,59.255001068115234,123.51801300048828,74.98999786376953,,110.82068634033203,964.530029296875,197.2491455078125,38.742733001708984,62.48188781738281,203.38999938964844,15.829014778137207
2020-12-21,48.59000015258789,81.0072250366211,64.7791519165039,13.770000457763672,52.662498474121094,,22.709999084472656,189.1999969482422,121.8486099243164,85.96571350097656,12.470000267028809,26.606388092041016,373.3999938964844,72.18000030517578,44.48500061035156,13.278666496276855,,59.336666107177734,122.23178100585938,74.45999908447266,,110.00127410888672,964.780029296875,193.44268798828125,37.95103073120117,62.057350158691406,201.77000427246094,15.748287200927734
2020-12-22,48.439998626708984,80.40483856201172,64.446044921875,13.783332824707031,56.224998474121094,,23.0,197.3800048828125,121.64117431640625,85.2550277709961,13.4399995803833,26.865793228149414,360.07000732421875,72.01000213623047,44.1349983215332,13.224884986877441,,62.0099983215332,121.07169342041016,76.80999755859375,,109.95417022705078,1023.0599975585938,192.08065795898438,37.81482696533203,61.80815505981445,201.86000061035156,16.259485244750977
2020-12-23,48.97999954223633,82.28607177734375,65.2325439453125,14.333333015441895,55.875,,23.690000534057617,190.1699981689453,124.94026184082031,85.6520004272461,14.989999771118164,27.33272933959961,355.1300048828125,71.62999725341797,44.470001220703125,12.956963539123535,,60.8033332824707,121.39955139160156,78.5,,111.27279663085938,1024.0400390625,194.36279296875,38.640594482421875,62.149635314941406,201.82000732421875,16.56440544128418
2020-12-24,49.27000045776367,81.79646301269531,65.27880096435547,14.716667175292969,55.279998779296875,,23.34000015258789,190.30999755859375,125.40449523925781,85.9458999633789,14.979999542236328,27.566194534301758,351.4200134277344,71.63999938964844,44.904998779296875,12.941526412963867,,61.189998626708984,121.94593811035156,77.73999786376953,,111.1597671508789,1014.9299926757812,194.66036987304688,38.708683013916016,61.81739044189453,202.5,16.77964210510254
2020-12-28,48.41999816894531,83.738037109375,65.29730987548828,13.960000038146973,53.13750076293945,,23.459999084472656,178.1199951171875,126.90587615966797,87.91839599609375,14.930000305175781,27.661304473876953,351.3599853515625,74.68000030517578,45.404998779296875,12.848153114318848,,60.246665954589844,123.50122833251953,76.62999725341797,,115.49239349365234,992.22998046875,197.21304321289062,38.717193603515625,63.12793731689453,201.1199951171875,17.147342681884766
2020-12-29,48.560001373291016,85.59772491455078,65.68592071533203,13.626667022705078,51.48249816894531,,23.209999084472656,177.00999450683594,129.69134521484375,87.11553955078125,15.350000381469727,27.669958114624023,353.2200012207031,74.51000213623047,45.52000045776367,12.891227722167969,,59.366668701171875,123.92994689941406,76.33999633789062,,114.39979553222656,978.7000122070312,196.13064575195312,38.76829147338867,62.7495231628418,202.4499969482422,16.95003890991211
2020-12-30,50.29999923706055,86.3756103515625,65.37133026123047,14.80666732788086,52.5724983215332,,23.450000762939453,183.17999267578125,130.50125122070312,86.04948425292969,14.760000228881836,27.514312744140625,350.7799987792969,74.56999969482422,45.72999954223633,13.092917442321777,,59.29833221435547,123.83747100830078,78.04000091552734,,115.36994934082031,997.4099731445312,196.82521057128906,38.512882232666016,63.035640716552734,206.35000610351562,17.479167938232422
2020-12-31,50.2599983215332,87.23768615722656,64.6866226196289,16.770000457763672,52.95500183105469,,25.190000534057617,177.91000366210938,130.77784729003906,86.86177825927734,14.600000381469727,27.669958114624023,348.0299987792969,73.4800033569336,46.2400016784668,13.00252914428711,,59.231666564941406,124.6697006225586,77.62999725341797,,115.67134094238281,994.2899780273438,197.5828857421875,38.4703254699707,63.02641677856445,207.7899932861328,17.63163185119629
2021-01-04,50.4900016784668,84.7626724243164,64.55706787109375,16.51333236694336,50.122501373291016,,25.100000381469727,172.0800018310547,129.76048278808594,85.54792785644531,15.680000305175781,27.315431594848633,356.3999938964844,70.66999816894531,45.29999923706055,13.060794830322266,,58.61000061035156,121.2818832397461,73.93000030517578,,110.26498413085938,952.280029296875,195.49923706054688,38.861915588378906,61.66048049926758,201.85000610351562,17.201160430908203
2021-01-05,50.5,85.70230102539062,65.4638671875,17.383333206176758,52.810001373291016,,25.209999084472656,174.97999572753906,135.4597625732422,86.23780822753906,15.34000015258789,27.358667373657227,366.5,72.0,45.709999084472656,13.350874900817871,,58.358333587646484,121.6433334350586,74.7699966430664,,110.35916900634766,969.219970703125,195.63455200195312,40.01118087768555,61.577423095703125,204.74000549316406,17.775117874145508
2021-01-06,52.5099983215332,88.12052917480469,66.46317291259766,17.446666717529297,52.212501525878906,,24.209999084472656,167.57000732421875,141.662841796875,85.38684844970703,15.720000267028809,27.46242904663086,363.25,72.62000274658203,45.349998474121094,12.563801765441895,,57.54666519165039,120.15534210205078,77.4800033569336,,115.18156433105469,972.72998046875,201.79519653320312,41.92660903930664,64.28158569335938,201.52999877929688,18.19663429260254
2021-01-07,52.97999954223633,87.73043060302734,65.88024139404297,18.780000686645508,55.36750030517578,,23.739999771118164,170.7899932861328,140.5466766357422,87.9372329711914,15.9399995803833,27.62749481201172,367.2900085449219,73.01000213623047,46.75,13.290367126464844,,60.518333435058594,119.76866149902344,79.58000183105469,,114.92726135253906,1004.8599853515625,206.44049072265625,41.84149169921875,64.51232147216797,208.00999450683594,18.097980499267578
2021-01-08,52.0099983215332,89.36334228515625,65.76921081542969,19.51333236694336,55.932498931884766,,23.399999618530273,175.64999389648438,142.25547790527344,89.1014175415039,17.209999084472656,27.801259994506836,365.4599914550781,73.45999908447266,47.494998931884766,13.223386764526367,,61.09166717529297,121.20618438720703,81.41999816894531,,115.29460906982422,1000.489990234375,207.6492156982422,42.13942337036133,64.80766296386719,210.42999267578125,18.824413299560547
2021-01-11,51.619998931884766,87.00267791748047,63.94639205932617,19.036666870117188,58.060001373291016,,23.110000610351562,183.0399932861328,141.20846557617188,87.04267120361328,17.350000381469727,27.24523162841797,361.6600036621094,72.23999786376953,46.470001220703125,13.566754341125488,,60.79999923706055,119.44922637939453,82.73999786376953,,113.84410095214844,933.7899780273438,204.6455535888672,42.29267501831055,63.10026550292969,206.5399932861328,18.985837936401367
2021-01-12,51.9900016784668,86.0262222290039,63.84461212158203,19.770000457763672,58.397499084472656,,23.040000915527344,205.14999389648438,139.2230987548828,86.10796356201172,17.200000762939453,27.24523162841797,356.92999267578125,73.37000274658203,46.994998931884766,13.430554389953613,,61.746665954589844,118.89436340332031,83.75,,114.11724090576172,918.6500244140625,205.7369384765625,44.139991760253906,63.12793731689453,199.14999389648438,19.335603713989258
2021-01-13,51.4900016784668,85.48101043701172,63.90938186645508,19.866666793823242,56.60499954223633,,22.84000015258789,207.02999877929688,138.88726806640625,86.59464263916016,17.209999084472656,27.50586700439453,352.1400146484375,73.31999969482422,45.935001373291016,13.477365493774414,,60.96666717529297,119.86952209472656,82.72000122070312,,112.2335205078125,923.4299926757812,202.56190490722656,44.514564514160156,62.878753662109375,199.5,19.55084228515625
2021-01-14,50.849998474121094,85.48765563964844,64.16846466064453,21.606666564941406,56.404998779296875,,23.739999771118164,211.52000427246094,142.40362548828125,85.78533172607422,17.459999084472656,27.4016170501709,347.7300109863281,73.33000183105469,45.68000030517578,13.147196769714355,,60.526668548583984,119.17179107666016,82.19000244140625,,110.26498413085938,910.7100219726562,201.95755004882812,45.54463577270508,62.777225494384766,195.47000122070312,19.129335403442383
2021-01-15,50.7400016784668,83.00598907470703,63.511512756347656,21.75,54.877498626708984,,23.459999084472656,204.4199981689453,138.96627807617188,85.62175750732422,18.040000915527344,27.67963218688965,344.5,71.56999969482422,45.82500076293945,12.80781364440918,,60.811668395996094,118.86073303222656,81.08999633789062,,110.17082214355469,907.219970703125,198.43077087402344,44.727394104003906,63.18330764770508,196.27999877929688,19.29076385498047
2021-01-19,50.9900016784668,84.72193145751953,63.23392105102539,23.19333267211914,55.47999954223633,,24.010000228881836,221.30999755859375,141.0701904296875,88.43929290771484,16.920000076293945,27.64487648010254,342.25,76.54000091552734,45.040000915527344,12.972900390625,,60.67499923706055,119.42398834228516,80.11000061035156,,107.35460662841797,917.7899780273438,201.06459045410156,44.29322814941406,62.0019645690918,198.72999572753906,19.470123291015625
2021-01-20,52.11000061035156,84.60480499267578,63.19690704345703,21.860000610351562,56.58250045776367,,23.809999465942383,215.69000244140625,140.01329040527344,93.1772689819336,16.3799991607666,27.75782012939453,355.1199951171875,73.7300033569336,44.80500030517578,13.312034606933594,,61.758331298828125,118.810302734375,79.66000366210938,,108.371826171875,922.530029296875,205.21372985839844,43.53556442260742,63.02641677856445,207.0500030517578,19.210050582885742
2021-01-21,51.59000015258789,82.64212036132812,62.7435188293457,21.059999465942383,55.25,,23.280000686645508,212.5399932861328,137.17845153808594,93.37947845458984,15.430000305175781,27.4016170501709,349.2200012207031,74.58999633789062,44.599998474121094,13.811765670776367,,60.936668395996094,117.36438751220703,80.94000244140625,,108.6826400756836,920.010009765625,206.2781524658203,43.118431091308594,62.814151763916016,205.55999755859375,19.0037784576416
2021-01-22,52.0099983215332,80.93046569824219,61.633182525634766,21.559999465942383,55.880001068115234,,22.719999313354492,213.58999633789062,134.84738159179688,93.79629516601562,15.199999809265137,27.340797424316406,346.3699951171875,72.27999877929688,44.099998474121094,13.657388687133789,,60.77000045776367,116.5069351196289,79.33000183105469,,106.74240112304688,930.1900024414062,204.67257690429688,43.00776290893555,61.75278091430664,204.66000366210938,19.138301849365234
2021-01-25,51.65999984741211,79.05784606933594,59.865882873535156,20.97333335876465,54.372501373291016,,22.59000015258789,208.80999755859375,134.32386779785156,93.88153076171875,13.579999923706055,27.827320098876953,339.989990234375,69.20999908447266,44.22999954223633,13.598376274108887,,60.130001068115234,117.84354400634766,77.30000305175781,,106.94017791748047,947.2999877929688,200.3971710205078,43.96974182128906,60.61758804321289,203.99000549316406,18.6988582611084
2021-01-26,51.08000183105469,77.6763916015625,60.273014068603516,21.636667251586914,51.70000076293945,,22.65999984741211,204.41000366210938,129.88890075683594,94.55903625488281,14.670000076293945,28.348596572875977,330.55999755859375,68.69999694824219,44.400001525878906,13.381253242492676,,59.043331146240234,119.2054214477539,74.05000305175781,,105.16947937011719,974.0,198.3044891357422,45.39992904663086,59.50084686279297,199.77999877929688,18.654016494750977
2021-01-27,49.540000915527344,73.87435913085938,58.71854019165039,18.946666717529297,50.23249816894531,,21.809999465942383,193.3699951171875,121.70044708251953,90.14764404296875,13.010000228881836,28.84380340576172,329.510009765625,68.5199966430664,42.96500015258789,12.865832328796387,,55.86166763305664,116.04452514648438,73.54000091552734,,101.61860656738281,912.8099975585938,192.41444396972656,46.81308364868164,59.00247573852539,195.3800048828125,18.097980499267578
2021-01-28,50.88999938964844,79.6716079711914,60.16197967529297,18.68666648864746,53.122501373291016,,22.010000228881836,202.41000366210938,125.18718719482422,91.84558868408203,16.559999465942383,28.166147232055664,330.239990234375,69.18000030517578,44.3650016784668,12.998547554016113,,58.85333251953125,117.01129913330078,75.58999633789062,,107.17565155029297,925.3300170898438,195.59848022460938,44.25065994262695,60.44223403930664,200.3000030517578,18.097980499267578
2021-01-29,50.68000030517578,76.15550231933594,58.006065368652344,17.799999237060547,53.95000076293945,,21.760000228881836,199.08999633789062,122.57955169677734,90.56494140625,18.989999771118164,27.62749481201172,328.67999267578125,66.44999694824219,43.415000915527344,12.937543869018555,,58.45833206176758,114.80879974365234,72.0,,104.82097625732422,916.8900146484375,190.25863647460938,42.701290130615234,59.1039924621582,200.4499969482422,17.90964698791504
2021-02-01,52.9900016784668,77.96231842041016,59.10715866088867,18.633333206176758,53.752498626708984,,22.530000686645508,203.77000427246094,125.7403335571289,93.82157897949219,22.110000610351562,27.731752395629883,333.4700012207031,67.55999755859375,44.125,13.183801651000977,,60.22666549682617,115.15345001220703,73.5,,105.87586975097656,974.6500244140625,193.98388671875,42.147945404052734,59.131683349609375,200.94000244140625,18.268381118774414
2021-02-02,53.36000061035156,80.90265655517578,60.95772171020508,19.15333366394043,54.90999984741211,,22.649999618530273,210.2899932861328,134.462158203125,95.11261749267578,20.020000457763672,27.792570114135742,343.9200134277344,70.37999725341797,45.220001220703125,13.502263069152832,,64.55999755859375,116.33038330078125,73.4800033569336,,109.5208969116211,1073.3900146484375,196.39222717285156,41.620140075683594,60.75603485107422,207.11000061035156,18.671947479248047
2021-02-03,54.43000030517578,79.40526580810547,60.55984878540039,19.690000534057617,54.529998779296875,,22.940000534057617,210.07000732421875,136.78334045410156,102.03919982910156,21.75,27.731752395629883,332.3900146484375,71.44000244140625,45.20500183105469,13.476120948791504,,62.93000030517578,116.02777099609375,73.37999725341797,,110.84894561767578,1067.0,195.10235595703125,42.02875900268555,61.58665084838867,202.39999389648438,19.102428436279297
2021-02-04,54.88999938964844,81.58456420898438,60.652381896972656,19.766666412353516,56.002498626708984,,23.1200008392334,220.83999633789062,140.1713409423828,101.77899932861328,22.15999984741211,28.061893463134766,338.5899963378906,75.0199966430664,45.73500061035156,13.609332084655762,,63.74833297729492,117.42321014404297,74.06999969482422,,111.84735107421875,1081.8399658203125,201.60581970214844,41.76486587524414,63.2940673828125,201.49000549316406,18.914094924926758
2021-02-05,54.400001525878906,82.11255645751953,60.72639846801758,21.31999969482422,55.88249969482422,,22.81999969482422,231.1199951171875,139.66758728027344,103.52352142333984,23.989999771118164,28.261714935302734,334.0799865722656,74.33999633789062,45.54999923706055,13.536376953125,,63.30833435058594,118.4992904663086,77.79000091552734,,111.8190689086914,1123.3299560546875,205.59262084960938,41.69675827026367,63.06332778930664,207.49000549316406,18.878225326538086
2021-02-08,53.65999984741211,82.23553466796875,60.208248138427734,21.373332977294922,55.59000015258789,,23.329999923706055,231.69000244140625,143.63832092285156,103.30992126464844,24.459999084472656,27.888134002685547,339.7099914550781,76.38999938964844,45.439998626708984,14.380718231201172,,64.23332977294922,118.02851104736328,78.72000122070312,,113.64630889892578,1151.3800048828125,206.90484619140625,41.47541809082031,64.57691955566406,213.33999633789062,18.869247436523438
2021-02-09,53.83000183105469,81.67623138427734,59.865882873535156,20.613332748413086,55.93000030517578,,23.219999313354492,229.8699951171875,142.70985412597656,102.85745239257812,23.5,28.148778915405273,340.69000244140625,77.5199966430664,45.255001068115234,14.205925941467285,,65.16166687011719,117.35600280761719,79.7300033569336,,113.07177734375,1146.97998046875,211.5835723876953,41.42434310913086,63.68168640136719,200.30999755859375,19.129335403442383
2021-02-10,53.16999816894531,83.888427734375,59.68083572387695,20.290000915527344,57.837501525878906,,23.059999465942383,225.64999389648438,147.07568359375,103.40707397460938,22.260000228881836,27.827320098876953,341.3900146484375,79.62999725341797,45.224998474121094,14.704910278320312,,65.36833190917969,115.75875854492188,78.0999984741211,,113.28839874267578,1128.3199462890625,217.50210571289062,41.69675827026367,63.55198669433594,199.82000732421875,19.236949920654297
2021-02-11,53.18000030517578,84.5738754272461,58.97761917114258,21.3799991607666,58.70000076293945,,23.280000686645508,226.0500030517578,148.0733184814453,103.51957702636719,21.3799991607666,27.723066329956055,345.8900146484375,81.04000091552734,44.970001220703125,15.18945598602295,,65.18499755859375,113.4637222290039,76.52999877929688,,114.79540252685547,1124.9599609375,213.92739868164062,37.88292694091797,63.941078186035156,197.1199951171875,19.299732208251953
2021-02-12,53.130001068115234,84.23388671875,58.81106948852539,20.579999923706055,60.525001525878906,,23.639999389648438,233.86000061035156,144.7149658203125,103.830810546875,22.459999084472656,27.6014347076416,342.8599853515625,84.16999816894531,45.8650016784668,14.901122093200684,,65.85333251953125,112.53900146484375,77.0999984741211,,112.16758728027344,1167.1300048828125,218.34371948242188,37.46578598022461,62.996131896972656,199.86000061035156,19.129335403442383
2021-02-16,52.060001373291016,85.54914855957031,59.89365005493164,20.75,60.60499954223633,,24.25,228.32000732421875,146.0286865234375,104.607421875,22.170000076293945,27.297361373901367,339.8500061035156,85.01000213623047,46.09000015258789,15.268636703491211,,65.54000091552734,112.96774291992188,76.55999755859375,,112.95875549316406,1166.7099609375,209.95460510253906,37.88292694091797,62.532936096191406,195.7899932861328,19.649494171142578
2021-02-17,51.849998474121094,87.4922866821289,59.523536682128906,19.739999771118164,59.63999938964844,,24.84000015258789,222.41000366210938,152.1527099609375,104.99994659423828,21.040000915527344,27.50586700439453,337.5199890136719,84.86000061035156,46.08000183105469,14.846091270446777,,65.90333557128906,113.0350112915039,78.72000122070312,,112.52548217773438,1213.6199951171875,206.75099182128906,38.63207244873047,61.91225814819336,195.92999267578125,19.739177703857422
2021-02-18,50.650001525878906,88.51143646240234,59.12566375732422,19.59000015258789,59.8125,,24.860000610351562,220.82000732421875,154.8097686767578,104.36507415771484,19.010000228881836,27.575368881225586,336.8299865722656,84.44999694824219,46.32500076293945,14.769401550292969,,65.08833312988281,113.79998779296875,79.7699966430664,,113.22245788574219,1116.8699951171875,204.68763732910156,37.91697311401367,63.27406692504883,196.22999572753906,20.761560440063477
2021-02-19,51.810001373291016,89.81416320800781,59.643821716308594,20.273332595825195,59.79999923706055,,24.75,227.27000427246094,156.97293090820312,103.52253723144531,19.260000228881836,27.140974044799805,332.2300109863281,88.08999633789062,44.82500076293945,14.866508483886719,,66.1500015258789,111.39570617675781,78.5,,112.03569793701172,1113.1300048828125,201.9998779296875,37.797794342041016,62.70893859863281,194.86000061035156,20.546321868896484
2021-02-22,52.150001525878906,92.0455551147461,59.54203796386719,20.366666793823242,56.45750045776367,,25.3799991607666,213.1199951171875,158.64222717285156,101.81022644042969,17.719999313354492,27.52324104309082,321.489990234375,88.8499984741211,44.584999084472656,14.298052787780762,,64.05833435058594,110.95857238769531,81.55000305175781,,114.43748474121094,1029.9000244140625,201.34828186035156,38.41073226928711,64.43209075927734,189.85000610351562,20.671876907348633
2021-02-23,52.5,92.41177368164062,60.16197967529297,18.626667022705078,54.59749984741211,,25.3799991607666,210.75,157.73350524902344,102.10064697265625,17.540000915527344,27.618810653686523,322.8500061035156,90.33000183105469,44.15999984741211,14.085162162780762,,62.97666549682617,111.62267303466797,83.9800033569336,,113.2695541381836,1042.8199462890625,201.24874877929688,39.99415588378906,65.06205749511719,185.9499969482422,20.967832565307617
2021-02-24,54.439998626708984,95.70697784423828,60.37479782104492,19.623332977294922,54.150001525878906,,26.030000686645508,209.10000610351562,160.78564453125,103.27474975585938,16.829999923706055,27.33211326599121,317.70001220703125,90.48999786376953,44.119998931884766,14.440728187561035,,61.60166549682617,111.04261779785156,88.68000030517578,,116.42481994628906,1081.3599853515625,202.65147399902344,40.01969528198242,64.71929931640625,186.99000549316406,21.371400833129883
2021-02-25,51.36000061035156,89.03666687011719,55.618839263916016,19.093332290649414,52.165000915527344,,25.219999313354492,197.5800018310547,155.25424194335938,99.91157531738281,15.020000457763672,26.810836791992188,310.1199951171875,87.22000122070312,42.67499923706055,13.254016876220703,,60.00666809082031,109.28563690185547,88.63999938964844,,111.86617279052734,1035.18994140625,197.22158813476562,39.015167236328125,62.69968032836914,184.67999267578125,20.411792755126953
2021-02-26,55.2400016784668,91.20305633544922,53.416656494140625,19.843332290649414,54.0,,25.649999618530273,220.27000427246094,159.02745056152344,100.2069320678711,14.569999694824219,26.515453338623047,311.67999267578125,88.86000061035156,43.869998931884766,13.659381866455078,,59.71833419799805,108.60472869873047,86.08999633789062,,109.8599853515625,1028.7099609375,193.79173278808594,37.840362548828125,61.134037017822266,184.4600067138672,15.470277786254883
2021-03-01,56.040000915527344,90.88931274414062,54.90636444091797,21.809999465942383,55.849998474121094,,27.200000762939453,244.5800018310547,159.26451110839844,102.57344818115234,15.220000267028809,26.83690071105957,314.8299865722656,92.86000061035156,43.775001525878906,13.78611946105957,,61.231666564941406,109.8068618774414,84.66000366210938,,113.56153106689453,1094.47998046875,197.05865478515625,38.18088150024414,62.301326751708984,187.4499969482422,15.61376953125
2021-03-02,55.79999923706055,89.38958740234375,54.75831985473633,21.333332061767578,55.525001525878906,,26.139999389648438,238.42999267578125,158.306396484375,102.31673431396484,16.020000457763672,26.7413387298584,317.4700012207031,90.56999969482422,43.439998626708984,13.352370262145996,,59.11000061035156,110.1851806640625,83.56999969482422,,110.8018798828125,1066.97998046875,197.4207000732422,38.283042907714844,61.337860107421875,188.1699981689453,14.977023124694824
2021-03-03,55.040000915527344,89.107177734375,54.78607940673828,19.253332138061523,52.654998779296875,,25.6200008392334,208.61000061035156,161.4276580810547,99.68656158447266,15.020000457763672,26.602325439453125,295.989990234375,91.75,42.29999923706055,12.753286361694336,,57.293331146240234,108.56268310546875,85.98999786376953,,104.59491729736328,1022.6699829101562,195.529296875,38.266014099121094,58.97549819946289,180.14999389648438,14.734878540039062
2021-03-04,54.29999923706055,86.9274673461914,55.90567398071289,17.68000030517578,48.247501373291016,,24.959999084472656,198.10000610351562,156.46917724609375,100.80265808105469,13.5600004196167,26.828210830688477,285.1400146484375,91.13999938964844,42.34000015258789,12.320531845092773,,55.939998626708984,109.1668701171875,80.52999877929688,,105.508544921875,1030.81005859375,191.08587646484375,38.640594482421875,57.94718551635742,174.02999877929688,15.685514450073242
2021-03-05,54.97999954223633,90.36447143554688,56.40532684326172,17.290000915527344,45.779998779296875,,25.780000686645508,200.3000030517578,164.41067504882812,103.93191528320312,13.359999656677246,27.392927169799805,293.239990234375,89.80999755859375,43.209999084472656,12.411415100097656,,55.788333892822266,112.7258071899414,83.44000244140625,,106.55403137207031,1088.3199462890625,196.38900756835938,39.29608917236328,58.10467529296875,170.80999755859375,15.981467247009277
2021-03-08,56.790000915527344,92.7787857055664,56.738426208496094,18.336666107177734,44.9375,,26.079999923706055,190.25999450683594,165.84291076660156,99.4927749633789,12.970000267028809,28.209585189819336,288.94000244140625,89.4000015258789,42.56999969482422,11.546655654907227,,55.246665954589844,111.96320343017578,85.7300033569336,,113.37316131591797,1074.969970703125,199.66500854492188,40.58155059814453,60.383663177490234,161.6199951171875,16.93210220336914
2021-03-09,57.31999969482422,92.70240783691406,57.534175872802734,19.913333892822266,49.775001525878906,,26.329999923706055,206.7899932861328,163.739013671875,101.12132263183594,13.579999923706055,28.748233795166016,298.3500061035156,87.26000213623047,44.220001220703125,12.474236488342285,,57.06999969482422,112.06487274169922,81.8499984741211,,117.7152099609375,1106.8299560546875,205.5202178955078,39.48337173461914,61.217430114746094,168.57000732421875,16.725831985473633
2021-03-10,57.2400016784668,92.801513671875,58.626007080078125,20.183332443237305,48.71500015258789,,27.40999984741211,205.92999267578125,165.52684020996094,100.91466522216797,13.220000267028809,29.156572341918945,309.0,88.16999816894531,44.70000076293945,12.42242431640625,,55.78166580200195,113.19188690185547,81.7699966430664,69.5,114.50342559814453,1100.949951171875,205.48399353027344,39.88348388671875,60.77274703979492,164.82000732421875,17.506072998046875
2021-03-11,58.849998474121094,92.51712799072266,57.70997619628906,15.789999961853027,51.45000076293945,,28.719999313354492,220.83999633789062,168.98394775390625,104.10389709472656,15.010000228881836,28.93068504333496,310.3399963378906,88.77999877929688,44.67499923706055,12.945743560791016,,57.39500045776367,112.8868408203125,80.8499984741211,73.9000015258789,113.84410095214844,1117.760009765625,206.88673400878906,39.14284896850586,61.217430114746094,170.61000061035156,16.86932945251465
2021-03-12,59.720001220703125,94.0439224243164,58.17262268066406,15.063332557678223,49.75,,28.610000610351562,221.13999938964844,172.45094299316406,101.59910583496094,15.770000457763672,28.991498947143555,306.0799865722656,87.87999725341797,44.470001220703125,12.80875015258789,,57.08833312988281,112.7342758178711,80.04000091552734,69.69999694824219,115.49239349365234,1086.010009765625,207.59259033203125,39.696197509765625,61.921504974365234,170.25,16.501628875732422
2021-03-15,60.970001220703125,95.55030822753906,57.9875602722168,16.200000762939453,50.13750076293945,,28.790000915527344,223.22999572753906,174.93020629882812,101.81915283203125,16.139999389648438,29.173952102661133,314.32000732421875,90.16000366210938,44.654998779296875,13.142769813537598,,57.38166809082031,112.7258071899414,83.97000122070312,72.1500015258789,118.26322174072266,1108.8900146484375,208.01797485351562,40.55601119995117,63.014671325683594,169.1699981689453,16.67202377319336
2021-03-16,59.43000030517578,93.86843872070312,57.22882843017578,15.649999618530273,49.07749938964844,,28.25,215.97999572753906,174.21902465820312,103.27871704101562,16.3799991607666,29.61703109741211,308.75,88.01000213623047,44.69499969482422,13.242402076721191,,56.66666793823242,113.5562515258789,82.12999725341797,77.0,116.48835754394531,1103.3499755859375,208.7147674560547,41.21151351928711,61.81032943725586,173.00999450683594,16.382705688476562
2021-03-17,59.2400016784668,96.4229736328125,59.06089401245117,16.64666748046875,52.00749969482422,,27.8700008392334,218.44000244140625,183.00009155273438,103.19593811035156,15.630000114440918,29.62571907043457,315.2200012207031,86.69000244140625,44.29999923706055,13.292218208312988,,56.1533317565918,113.22577667236328,83.20999908447266,76.79000091552734,116.76214599609375,1101.3399658203125,210.86863708496094,41.42434310913086,62.38470458984375,168.91000366210938,15.632286071777344
2021-03-18,58.689998626708984,91.92530822753906,58.070838928222656,15.15999984741211,47.5525016784668,,27.75,209.50999450683594,178.58485412597656,100.1786880493164,16.010000228881836,29.44327163696289,306.3500061035156,87.88999938964844,43.959999084472656,12.675740242004395,,52.92499923706055,112.3021469116211,80.58000183105469,67.30000305175781,116.28068542480469,1060.0,209.11300659179688,41.84149169921875,61.62503433227539,167.22000122070312,15.180222511291504
2021-03-19,57.20000076293945,89.60617065429688,59.48651885986328,15.40999984741211,48.657501220703125,,27.670000076293945,215.41000366210938,177.77491760253906,100.45722198486328,14.449999809265137,29.660465240478516,308.7099914550781,84.68000030517578,43.959999084472656,12.798540115356445,,52.80833435058594,113.9714584350586,78.3499984741211,70.5,114.52473449707031,1105.739990234375,212.39804077148438,41.88404083251953,61.70842361450195,169.74000549316406,15.641324996948242
2021-03-22,56.810001373291016,87.41864013671875,58.65376663208008,16.18000030517578,48.932498931884766,,28.350000381469727,219.77000427246094,170.96932983398438,100.64208984375,13.479999542236328,30.042739868164062,313.6000061035156,84.27999877929688,44.525001525878906,13.137784957885742,,53.90666580200195,116.76781463623047,77.98999786376953,70.0,113.91108703613281,1070.6700439453125,208.79624938964844,42.4373893737793,61.606529235839844,171.8800048828125,15.098854064941406
2021-03-23,55.02000045776367,86.7571029663086,58.107845306396484,15.9399995803833,47.650001525878906,,27.239999771118164,219.6699981689453,166.35655212402344,101.16940307617188,13.229999542236328,30.06879234313965,314.0299987792969,81.63999938964844,44.810001373291016,13.022710800170898,,53.93333435058594,118.1744384765625,75.44999694824219,68.0,110.1536865234375,1063.27001953125,207.31207275390625,41.535011291503906,59.78147888183594,173.85000610351562,15.098854064941406
2021-03-24,55.02000045776367,86.27649688720703,57.404632568359375,14.58666706085205,45.400001525878906,,26.139999389648438,199.17999267578125,164.1044921875,100.73328399658203,13.050000190734863,29.860288619995117,307.30999755859375,81.55000305175781,44.36000061035156,12.596532821655273,,53.5,117.6236343383789,73.48999786376953,64.5,109.02081298828125,1050.969970703125,207.8550567626953,41.168941497802734,59.59619903564453,170.25999450683594,15.207348823547363
2021-03-25,57.400001525878906,88.86864471435547,57.404632568359375,14.983332633972168,44.790000915527344,,26.649999618530273,196.1999969482422,172.52008056640625,100.72980499267578,13.029999732971191,30.00798988342285,306.2099914550781,83.81999969482422,44.39500045776367,12.489178657531738,,53.913333892822266,118.3184814453125,75.79000091552734,67.8499984741211,112.33447265625,1077.3599853515625,209.19444274902344,42.65022659301758,60.291015625,169.7899932861328,15.415289878845215
2021-03-26,57.709999084472656,91.00799560546875,58.579750061035156,14.49666690826416,44.42124938964844,,27.110000610351562,202.32000732421875,174.2881622314453,100.34669494628906,13.40999984741211,30.616130828857422,314.0,84.04000091552734,45.82500076293945,12.792061805725098,,53.28499984741211,120.91988372802734,77.62000274658203,70.97000122070312,115.5159912109375,1159.989990234375,212.95004272460938,43.73137283325195,61.18038558959961,174.2899932861328,15.252553939819336
2021-03-29,56.65999984741211,92.09805297851562,59.31071472167969,14.1899995803833,43.462501525878906,,26.579999923706055,196.30999755859375,173.97207641601562,101.39044952392578,12.789999961853027,30.833332061767578,316.1600036621094,81.75,45.959999084472656,12.900663375854492,,53.371665954589844,122.70785522460938,75.0199966430664,67.02999877929688,113.3163070678711,1166.02001953125,213.55641174316406,45.04237747192383,60.7078971862793,176.2899932861328,15.930645942687988
2021-03-30,58.439998626708984,91.45294952392578,59.19968032836914,15.239999771118164,43.81999969482422,,27.040000915527344,198.8699951171875,173.71527099609375,101.42415618896484,12.619999885559082,30.32944107055664,317.0899963378906,83.48999786376953,45.345001220703125,12.824441909790039,,53.00166702270508,120.78431701660156,75.66000366210938,65.16999816894531,113.64674377441406,1195.6700439453125,211.71929931640625,44.557132720947266,61.62503433227539,177.08999633789062,16.102426528930664
2021-03-31,57.13999938964844,91.25515747070312,58.154109954833984,16.016666412353516,45.627498626708984,,26.829999923706055,201.6699981689453,170.01119995117188,102.21959686279297,13.229999542236328,29.989145278930664,306.7099914550781,84.6500015258789,45.54499816894531,13.29919147491455,,53.676666259765625,119.8606948852539,77.30000305175781,64.83000183105469,113.2030258178711,1206.280029296875,206.33468627929688,43.54408645629883,61.28227996826172,176.6999969482422,15.984891891479492
2021-04-01,56.79999923706055,93.31616973876953,59.02388381958008,16.520000457763672,46.75749969482422,,26.940000534057617,208.1999969482422,173.77450561523438,105.55303955078125,13.600000381469727,30.102567672729492,301.07000732421875,88.06999969482422,45.68000030517578,13.76098918914795,,54.67499923706055,119.71664428710938,78.5199966430664,67.33999633789062,113.76948547363281,1184.6800537109375,207.80072021484375,44.18256378173828,61.12479019165039,180.14999389648438,16.021060943603516
2021-04-05,57.90999984741211,94.36273956298828,59.53278350830078,17.303333282470703,46.654998779296875,,27.010000228881836,197.1999969482422,173.86341857910156,109.97285461425781,14.079999923706055,30.538843154907227,298.75,87.55000305175781,46.720001220703125,13.9360933303833,,55.17166519165039,121.30972290039062,79.76000213623047,70.76000213623047,116.10130310058594,1211.0799560546875,208.3980255126953,44.90616989135742,62.7738151550293,183.3800048828125,15.984891891479492
2021-04-06,58.599998474121094,94.8648681640625,59.12566375732422,17.456666946411133,48.595001220703125,,27.020000457763672,206.00999450683594,172.55960083007812,109.49210357666016,13.710000038146973,30.59992027282715,308.5199890136719,88.93000030517578,46.8650016784668,13.810554504394531,,56.22999954223633,121.74185180664062,82.19999694824219,71.31999969482422,116.59221649169922,1225.300048828125,213.84600830078125,44.616729736328125,62.66263961791992,184.0,16.165719985961914
2021-04-07,57.709999084472656,94.41992950439453,58.82032012939453,17.253332138061523,48.48249816894531,,27.25,204.02000427246094,169.9321746826172,110.967529296875,13.039999961853027,30.774431228637695,306.0400085449219,86.68000030517578,47.1150016784668,14.091519355773926,,56.4283332824707,121.52153015136719,81.4800033569336,68.7300033569336,116.50727081298828,1235.3399658203125,212.61521911621094,44.02933120727539,62.792335510253906,183.64999389648438,15.993936538696289
2021-04-08,58.93000030517578,95.09947967529297,60.273014068603516,18.200000762939453,50.86249923706055,,27.540000915527344,215.38999938964844,172.4311981201172,111.53251647949219,12.9399995803833,30.809326171875,312.55999755859375,87.0,47.650001525878906,14.264381408691406,,57.20833206176758,120.78431701660156,86.22000122070312,70.76000213623047,120.32129669189453,1270.1099853515625,202.90484619140625,43.9101448059082,63.95034408569336,183.60000610351562,15.912562370300293
2021-04-09,59.709999084472656,95.96394348144531,60.50434112548828,17.84666633605957,50.66999816894531,,27.850000381469727,218.57000732421875,172.836181640625,112.5356216430664,12.970000267028809,30.68717384338379,318.1199951171875,86.0,47.64500045776367,14.347074508666992,,58.25166702270508,120.80977630615234,85.73999786376953,71.83000183105469,121.0482177734375,1253.0999755859375,202.85052490234375,42.56507873535156,64.33943939208984,184.02000427246094,15.822147369384766
2021-04-12,59.43000030517578,94.35765075683594,60.208248138427734,19.030000686645508,50.997501373291016,,28.329999923706055,218.1300048828125,169.60623168945312,111.24457550048828,12.520000457763672,30.966386795043945,323.8699951171875,84.87999725341797,47.709999084472656,15.153103828430176,,59.22666549682617,121.19107055664062,85.5,75.0,120.84051513671875,1259.8800048828125,204.80526733398438,43.092891693115234,64.4042739868164,182.75999450683594,15.514744758605957
2021-04-13,58.900001525878906,94.17121124267578,59.56979751586914,18.860000610351562,54.087501525878906,,28.239999771118164,224.02999877929688,168.8357696533203,111.73075866699219,12.119999885559082,30.870410919189453,324.0,82.66999816894531,47.94499969482422,15.621872901916504,,59.983333587646484,121.21649932861328,86.5,82.05000305175781,119.32057189941406,1267.02001953125,205.0406036376953,44.04636001586914,63.42228698730469,182.66000366210938,15.86735725402832
2021-04-14,58.869998931884766,96.12686157226562,60.29152297973633,19.270000457763672,52.04999923706055,,29.06999969482422,218.07000732421875,169.61610412597656,111.1102523803711,12.289999961853027,30.85295867919922,323.0,82.05000305175781,47.400001525878906,15.220853805541992,,60.163333892822266,120.4199447631836,85.23999786376953,75.3499984741211,119.77372741699219,1252.550048828125,207.07675170898438,43.54408645629883,63.561248779296875,181.44000244140625,15.939687728881836
2021-04-15,60.279998779296875,95.303955078125,62.66950607299805,19.803333282470703,53.275001525878906,,29.079999923706055,219.2899932861328,168.46041870117188,113.25821685791016,12.899999618530273,31.263057708740234,325.8299865722656,80.25,47.974998474121094,16.077943801879883,,61.72999954223633,120.58941650390625,86.83999633789062,79.66000366210938,121.8507080078125,1290.8900146484375,212.3075714111328,45.06790542602539,64.1448745727539,182.5,16.20188331604004
2021-04-16,62.119998931884766,97.01519012451172,63.04886245727539,20.253332138061523,53.79999923706055,,29.899999618530273,219.99000549316406,171.77928161621094,113.13430786132812,12.300000190734863,31.420114517211914,324.1000061035156,80.98999786376953,49.084999084472656,15.854016304016113,,61.108333587646484,122.15704345703125,88.30000305175781,75.8499984741211,122.6436767578125,1294.9300537109375,216.1627655029297,45.51911544799805,64.8396987915039,178.8000030517578,16.093385696411133
2021-04-19,60.84000015258789,96.20442962646484,63.57627487182617,19.086666107177734,53.342498779296875,,29.75,213.19000244140625,173.4683074951172,113.48173522949219,11.210000038146973,31.524810791015625,322.2699890136719,81.58000183105469,48.93000030517578,15.305290222167969,,61.15999984741211,122.65702056884766,86.80000305175781,72.0,120.35903930664062,1287.68994140625,215.02247619628906,45.97880554199219,63.92255401611328,177.91000366210938,16.14763069152832
2021-04-20,60.70000076293945,91.84894561767578,62.28087615966797,18.469999313354492,51.650001525878906,,29.56999969482422,206.86000061035156,168.37155151367188,112.94895935058594,9.890000343322754,31.55971336364746,316.2900085449219,78.44999694824219,48.70000076293945,15.115490913391113,,60.0,123.47050476074219,84.05999755859375,69.23999786376953,117.9705581665039,1306.449951171875,215.6650390625,44.63375473022461,62.7645378112793,177.89999389648438,16.102426528930664
2021-04-21,62.54999923706055,92.34754943847656,64.42754364013672,19.356666564941406,52.592498779296875,,29.809999465942383,209.75999450683594,174.10047912597656,112.916259765625,11.289999961853027,31.681867599487305,326.67999267578125,81.27999877929688,48.994998931884766,15.304045677185059,,59.435001373291016,124.54666137695312,86.58999633789062,71.76000213623047,120.24577331542969,1255.219970703125,218.21702575683594,45.26371765136719,63.44082260131836,176.4499969482422,16.05722427368164
2021-04-22,61.52000045776367,91.92922973632812,64.98271942138672,19.043333053588867,54.182498931884766,,30.219999313354492,210.27999877929688,173.4979705810547,111.63609313964844,10.989999771118164,31.43755531311035,338.75,80.9800033569336,48.755001068115234,14.795670509338379,,58.801666259765625,123.77555084228516,84.9800033569336,69.8499984741211,120.689453125,1246.0,215.68310546875,44.50605773925781,64.08004760742188,178.3800048828125,15.74981689453125
2021-04-23,62.189998626708984,93.82417297363281,65.186279296875,19.876667022705078,54.82500076293945,,31.1200008392334,214.58999633789062,175.3845672607422,113.98576354980469,11.420000076293945,31.568439483642578,340.9800109863281,81.77999877929688,49.34000015258789,15.209145545959473,,59.73666763305664,123.57215881347656,83.80999755859375,71.77999877929688,121.61466979980469,1283.9000244140625,217.7193145751953,44.49755096435547,65.21028900146484,176.19000244140625,15.813106536865234
2021-04-26,61.68000030517578,96.28469848632812,65.3158187866211,21.583332061767578,56.11750030517578,,30.329999923706055,205.17999267578125,174.51535034179688,114.48136901855469,11.960000038146973,31.07109260559082,337.79998779296875,82.62000274658203,48.56999969482422,15.421113967895508,,60.244998931884766,121.47915649414062,84.69000244140625,74.9000015258789,120.07581329345703,1233.989990234375,215.8460235595703,45.06790542602539,64.18194580078125,176.42999267578125,15.415289878845215
2021-04-27,61.36000061035156,96.51580810546875,65.07524108886719,20.873332977294922,55.3125,,30.209999084472656,207.49000549316406,174.91043090820312,113.54219818115234,12.050000190734863,30.983837127685547,339.2799987792969,82.27999877929688,48.5099983215332,15.325215339660645,,59.746665954589844,121.08090209960938,85.05999755859375,74.3499984741211,121.94509887695312,1215.4200439453125,215.70120239257812,44.31876754760742,64.6636734008789,174.27999877929688,15.22542667388916
2021-04-28,61.619998931884766,98.11972045898438,66.00052642822266,20.60333251953125,55.060001373291016,,30.049999237060547,211.35000610351562,175.424072265625,116.91529083251953,12.350000381469727,30.722068786621094,338.05999755859375,82.41999816894531,48.23500061035156,15.220603942871094,,60.026668548583984,120.18268585205078,84.47000122070312,75.63999938964844,121.33143615722656,1210.22998046875,215.29397583007812,44.15701675415039,64.80264282226562,174.3800048828125,15.180222511291504
2021-04-29,61.40999984741211,97.9759750366211,66.75,18.92333221435547,52.88249969482422,,30.290000915527344,208.8000030517578,175.6907501220703,118.58647155761719,12.270000457763672,31.359033584594727,342.8999938964844,82.61000061035156,48.970001220703125,15.268427848815918,,59.19166564941406,121.97064208984375,83.93000030517578,76.12000274658203,123.8426284790039,1210.18994140625,218.64236450195312,47.24725341796875,66.16446685791016,176.47000122070312,15.424336433410645
2021-04-30,60.91999816894531,96.59139251708984,65.65817260742188,19.100000381469727,52.127498626708984,,30.25,198.7899932861328,174.07086181640625,116.6407241821289,12.380000114440918,31.28049659729004,335.2699890136719,81.87999725341797,48.525001525878906,14.954337120056152,,58.89833450317383,122.15704345703125,83.98999786376953,74.55000305175781,123.6160659790039,1216.489990234375,217.48399353027344,46.77903366088867,65.77538299560547,175.3800048828125,15.252553939819336
2021-05-03,62.09000015258789,95.5871353149414,66.27810668945312,18.81333351135254,51.279998779296875,,29.540000915527344,190.7100067138672,172.6781463623047,116.1242904663086,11.649999618530273,31.472457885742188,335.3800048828125,82.1500015258789,48.80500030517578,14.782219886779785,,58.18000030517578,123.53829956054688,82.5,71.08000183105469,124.739501953125,1191.0799560546875,220.62515258789062,48.643375396728516,66.77590942382812,170.3000030517578,15.189263343811035
2021-05-04,62.279998779296875,93.3349609375,65.86383056640625,17.579999923706055,49.4474983215332,,29.729999542236328,188.4499969482422,171.32492065429688,114.3277359008789,11.449999809265137,31.167070388793945,324.8999938964844,79.27999877929688,47.970001220703125,14.298503875732422,,57.599998474121094,121.98757934570312,81.61000061035156,69.62000274658203,124.60733032226562,1131.1400146484375,217.88345336914062,48.03043746948242,65.60862731933594,167.52999877929688,14.728163719177246
2021-05-05,62.7599983215332,91.5716323852539,65.89183044433594,17.333332061767578,48.310001373291016,,29.93000030517578,184.57000732421875,168.82591247558594,114.72124481201172,11.479999542236328,31.402647018432617,322.0899963378906,78.7699966430664,47.224998474121094,14.405363082885742,,56.86333465576172,121.92826843261719,81.38999938964844,66.58999633789062,121.5202407836914,1099.199951171875,217.61109924316406,48.48163604736328,65.80315399169922,167.47000122070312,14.70103645324707
2021-05-06,63.83000183105469,89.27755737304688,69.97857666015625,16.586666107177734,46.76750183105469,,30.56999969482422,157.67999267578125,162.80064392089844,115.84031677246094,10.729999542236328,31.699316024780273,321.2799987792969,75.12000274658203,47.5099983215332,14.469624519348145,,56.2400016784668,123.34336853027344,80.58000183105469,65.05999755859375,121.84121704101562,1109.739990234375,219.35415649414062,50.60988235473633,66.4794692993164,168.63999938964844,14.520214080810547
2021-05-07,63.97999954223633,91.14704895019531,69.59603118896484,16.356666564941406,47.29499816894531,,30.1299991607666,165.50999450683594,171.3347930908203,116.56291198730469,10.800000190734863,31.934913635253906,330.239990234375,79.95999908447266,45.625,14.757808685302734,,57.05666732788086,123.34336853027344,77.13999938964844,67.9000015258789,125.5230941772461,1115.1500244140625,218.7186737060547,50.66096115112305,68.35082244873047,170.07000732421875,14.511171340942383
2021-05-10,63.41999816894531,88.64108276367188,69.86661529541016,15.776666641235352,46.89500045776367,,29.040000915527344,167.1300048828125,170.96932983398438,113.58035278320312,10.319999694824219,31.742944717407227,324.260009765625,83.05999755859375,45.79999923706055,14.21331787109375,,56.88999938964844,124.32636260986328,78.2300033569336,64.0,123.63496398925781,1136.8800048828125,217.14808654785156,50.70353698730469,67.61894226074219,169.02000427246094,14.475007057189941
2021-05-11,62.91999816894531,88.03710174560547,69.3720932006836,16.266666412353516,48.775001525878906,,28.56999969482422,169.83999633789062,170.2877655029297,112.5053939819336,9.899999618530273,31.1932430267334,322.0400085449219,81.94999694824219,45.77000045776367,14.253670692443848,,57.23833465576172,123.41963958740234,77.12000274658203,77.6500015258789,121.89787292480469,1083.9000244140625,212.47265625,49.205238342285156,66.71106719970703,167.99000549316406,14.764328002929688
2021-05-12,61.66999816894531,85.0826644897461,69.00820922851562,15.376667022705078,47.317501068115234,,27.719999313354492,159.33999633789062,160.0053253173828,109.04556274414062,8.970000267028809,30.914030075073242,305.2099914550781,77.91000366210938,44.89500045776367,13.707931518554688,,55.848331451416016,122.21639251708984,73.19000244140625,75.52999877929688,117.14921569824219,1054.219970703125,208.57803344726562,48.84769058227539,64.64698028564453,164.25999450683594,14.46596622467041
2021-05-13,63.52000045776367,86.45433044433594,69.94124603271484,17.233333587646484,45.939998626708984,,27.8700008392334,156.58999633789062,165.66510009765625,110.47241973876953,8.15999984741211,31.167070388793945,307.92999267578125,81.2300033569336,44.73500061035156,13.615026473999023,,53.97999954223633,124.02973937988281,76.55000305175781,69.68000030517578,118.70693969726562,1067.1600341796875,209.71282958984375,49.57980728149414,65.9207534790039,162.74000549316406,14.520214080810547
2021-05-14,65.62000274658203,89.40015411376953,70.5943832397461,18.049999237060547,47.65999984741211,,28.860000610351562,163.11000061035156,169.6951141357422,112.91773223876953,8.84000015258789,31.45501136779785,314.6499938964844,85.80000305175781,46.06999969482422,14.190651893615723,,56.13666534423828,124.21619415283203,79.05999755859375,70.94999694824219,123.20069122314453,1108.4200439453125,212.8358154296875,49.52873992919922,67.34330749511719,166.99000549316406,14.80953311920166
2021-05-17,63.5,87.0763168334961,70.29580688476562,18.226667404174805,47.13249969482422,,29.270000457763672,165.17999267578125,167.37391662597656,113.44009399414062,9.210000038146973,31.38520622253418,314.5400085449219,84.5199966430664,45.67499923706055,14.113436698913574,,55.96666717529297,123.86026763916016,78.94000244140625,76.93000030517578,121.2370376586914,1121.030029296875,214.13401794433594,49.315914154052734,66.95281219482422,168.22000122070312,14.393638610839844
2021-05-18,61.599998474121094,86.62469482421875,69.74530792236328,17.696666717529297,49.19499969482422,,29.219999313354492,167.25,166.04046630859375,112.12923431396484,10.050000190734863,31.411378860473633,312.0299987792969,87.08999633789062,45.404998779296875,13.964238166809082,,56.68166732788086,123.30098724365234,78.61000061035156,74.98999786376953,117.82894134521484,1061.7099609375,212.53622436523438,47.230220794677734,66.1438980102539,167.69000244140625,14.601583480834961
2021-05-19,62.06999969482422,88.91172790527344,69.49340057373047,17.866666793823242,49.6775016784668,,28.93000030517578,165.4199981689453,165.0230712890625,112.57674407958984,10.5600004196167,31.2281494140625,310.30999755859375,87.30000305175781,45.3650016784668,14.014053344726562,,55.93000030517578,123.23324584960938,76.70999908447266,75.22000122070312,118.14049530029297,1049.0,210.96568298339844,47.30683898925781,62.64796447753906,179.35000610351562,14.94515323638916
2021-05-20,62.459999084472656,90.3233413696289,70.30513763427734,19.083332061767578,51.00749969482422,,29.290000915527344,172.36000061035156,167.06771850585938,114.33368682861328,11.420000076293945,31.75166893005371,319.1700134277344,88.37000274658203,46.25,14.558796882629395,,57.098331451416016,124.75851440429688,77.56999969482422,76.33000183105469,115.62928009033203,1047.8499755859375,214.34286499023438,48.09003829956055,62.63866424560547,185.0800018310547,14.899943351745605
2021-05-21,62.13999938964844,89.82708740234375,70.68768310546875,20.01333236694336,52.650001525878906,,28.799999237060547,167.55999755859375,166.00094604492188,113.69831085205078,12.8100004196167,31.620786666870117,313.20001220703125,89.26000213623047,46.005001068115234,14.936650276184082,,60.40833282470703,124.64837646484375,77.52999877929688,82.5,116.35620880126953,1045.3900146484375,215.41407775878906,48.651893615722656,62.331844329833984,184.36000061035156,15.080771446228027
2021-05-24,62.75,91.98524475097656,70.88362884521484,21.296667098999023,53.587501525878906,,29.149999618530273,165.17999267578125,169.0037078857422,117.014404296875,12.039999961853027,32.16176223754883,318.19000244140625,91.72000122070312,46.6150016784668,15.554621696472168,,60.753334045410156,125.28382873535156,78.45999908447266,89.2300033569336,116.60166931152344,1052.3599853515625,214.6878204345703,49.16267776489258,61.699607849121094,185.02000427246094,15.062685012817383
2021-05-25,62.09000015258789,91.61431884765625,70.5943832397461,20.863332748413086,53.21500015258789,,28.5,167.0500030517578,170.93968200683594,117.1051025390625,11.649999618530273,31.847652435302734,324.1099853515625,90.37000274658203,46.51499938964844,15.590240478515625,,60.8466682434082,125.66516876220703,79.0,89.31999969482422,116.9415283203125,1096.699951171875,216.01333618164062,49.42658233642578,62.54569625854492,184.6199951171875,14.628707885742188
2021-05-26,63.529998779296875,91.9272689819336,70.78099822998047,21.343332290649414,54.9900016784668,,29.649999618530273,168.22000122070312,172.68800354003906,117.96943664550781,12.390000343322754,31.882556915283203,329.760009765625,90.30000305175781,46.70500183105469,15.642298698425293,,61.29499816894531,125.66516876220703,80.23999786376953,89.70999908447266,119.08455657958984,1105.93994140625,215.3323974609375,48.839176177978516,63.09425354003906,185.6699981689453,14.67391586303711
2021-05-27,63.7400016784668,91.44862365722656,70.78099822998047,21.883333206176758,55.70249938964844,,28.520000457763672,166.74000549316406,171.97683715820312,117.09568786621094,13.899999618530273,31.978532791137695,328.1099853515625,90.5199966430664,46.654998779296875,15.431076049804688,,61.209999084472656,124.14839172363281,79.66999816894531,97.47000122070312,118.63143157958984,1030.449951171875,215.15086364746094,48.84769058227539,62.517799377441406,186.47999572753906,14.520214080810547
2021-05-28,64.36000061035156,92.49716186523438,70.697021484375,21.84666633605957,55.537498474121094,,28.0,164.72999572753906,174.78204345703125,116.80675506591797,14.40999984741211,32.24900817871094,323.1300048828125,90.11000061035156,47.1349983215332,16.184795379638672,,60.54166793823242,125.36012268066406,78.7699966430664,93.7699966430664,119.32057189941406,1058.1600341796875,217.6292724609375,49.64791488647461,62.7967414855957,185.55999755859375,14.61966609954834
2021-06-01,64.5999984741211,91.19404602050781,71.3408203125,22.156667709350586,55.51750183105469,,27.56999969482422,163.4600067138672,175.1376190185547,118.0125503540039,13.199999809265137,32.18793869018555,318.6199951171875,91.97000122070312,46.79499816894531,16.204721450805664,,60.05833435058594,125.09745025634766,77.62999725341797,96.88999938964844,116.09186553955078,1063.010009765625,215.4776611328125,49.54576110839844,62.47130584716797,182.75999450683594,14.872821807861328
2021-06-02,64.02999877929688,90.78826141357422,72.33918762207031,25.489999771118164,55.14500045776367,,27.59000015258789,175.13999938964844,173.0238494873047,117.48770904541016,13.6899995803833,32.32754135131836,320.7799987792969,90.91000366210938,47.415000915527344,16.716583251953125,,59.61166763305664,125.59739685058594,76.23999786376953,99.86000061035156,114.22260284423828,1066.9000244140625,217.2570343017578,51.16323471069336,61.34628677368164,176.91000366210938,15.144059181213379
2021-06-03,65.01000213623047,89.92225646972656,71.2288589477539,24.510000228881836,54.0,,27.329999923706055,165.74000549316406,168.65798950195312,116.3473129272461,13.9399995803833,32.214115142822266,317.3599853515625,90.02999877929688,47.525001525878906,16.907377243041992,,58.52166748046875,126.04553985595703,75.19999694824219,96.5,112.79708099365234,1099.0,216.65789794921875,50.90784454345703,61.21611785888672,177.72999572753906,15.70461654663086
2021-06-04,65.5999984741211,90.700927734375,71.64872741699219,26.043333053588867,51.73500061035156,,27.299999237060547,164.17999267578125,169.31976318359375,118.62661743164062,13.970000267028809,32.20539093017578,329.5199890136719,89.23999786376953,47.685001373291016,17.51364517211914,,59.55833435058594,126.19062805175781,75.4000015258789,99.56999969482422,112.78763580322266,1106.2900390625,217.20260620117188,51.1717529296875,61.03015899658203,184.4499969482422,15.731743812561035
2021-06-07,65.44999694824219,90.02841186523438,72.95500183105469,27.31333351135254,53.852500915527344,,27.520000457763672,168.32000732421875,168.26290893554688,119.05928802490234,14.779999732971191,32.144317626953125,331.6099853515625,89.69999694824219,47.150001525878906,17.554241180419922,,59.39500045776367,126.11377716064453,74.80999755859375,93.44000244140625,112.82076263427734,1089.8900146484375,217.04824829101562,51.63996887207031,60.73262023925781,184.25999450683594,15.921602249145508
2021-06-08,66.77999877929688,90.23285675048828,73.54281616210938,24.149999618530273,53.78499984741211,,27.969999313354492,170.2100067138672,170.49517822265625,118.86796569824219,15.350000381469727,30.75698471069336,331.0,89.29000091552734,47.08000183105469,17.39284324645996,,58.88999938964844,124.93586730957031,76.7300033569336,91.41000366210938,113.81440734863281,1092.02001953125,216.40367126464844,51.69955062866211,61.13243865966797,184.8300018310547,16.40983009338379
2021-06-09,66.16999816894531,90.6370849609375,73.28156280517578,24.24333381652832,53.48749923706055,,28.100000381469727,167.3000030517578,170.68287658691406,119.33879852294922,13.449999809265137,30.521387100219727,327.2200012207031,88.16999816894531,46.619998931884766,17.298419952392578,,58.731666564941406,124.70542907714844,76.19999694824219,91.04000091552734,113.64405059814453,1038.510009765625,214.8603057861328,51.70806884765625,60.46300506591797,183.58999633789062,16.52736473083496
2021-06-10,67.11000061035156,91.04403686523438,73.1416015625,20.583332061767578,57.150001525878906,,27.8700008392334,167.14999389648438,169.47781372070312,120.68635559082031,12.850000381469727,30.486488342285156,329.79998779296875,87.01000213623047,46.8849983215332,17.36493682861328,,60.40833282470703,125.98575592041016,75.88999938964844,91.0,111.63787078857422,1028.489990234375,215.3142547607422,51.691036224365234,60.22125244140625,184.97000122070312,16.427913665771484
2021-06-11,67.80000305175781,90.25753784179688,72.92700958251953,21.270000457763672,57.817501068115234,,28.469999313354492,165.82000732421875,170.8211669921875,120.44202423095703,12.210000038146973,30.739519119262695,338.29998779296875,87.45999908447266,46.75,17.763811111450195,,60.973331451416016,126.0626220703125,75.16000366210938,92.81999969482422,113.63459014892578,1028.9599609375,215.96792602539062,51.04405212402344,61.14173126220703,186.4199981689453,16.843807220458984
2021-06-14,66.75,90.2837905883789,73.70143127441406,21.516666412353516,58.38249969482422,,28.489999771118164,170.3000030517578,167.06771850585938,121.36930847167969,12.899999618530273,30.4079647064209,337.6199951171875,86.4000015258789,46.70000076293945,17.95663833618164,,61.258331298828125,126.813720703125,75.83000183105469,87.80000305175781,112.82076263427734,1021.8800048828125,214.5879669189453,50.87378692626953,60.55598068237305,186.75,16.626815795898438
2021-06-15,65.70999908447266,90.16313934326172,74.0373306274414,21.31333351135254,57.084999084472656,,28.600000381469727,166.05999755859375,167.9171905517578,120.3523178100586,12.069999694824219,30.2596378326416,335.19000244140625,85.95999908447266,46.095001220703125,17.727184295654297,,60.13999938964844,126.82225799560547,74.58000183105469,89.80000305175781,112.3570556640625,1007.780029296875,214.32469177246094,49.49467468261719,60.80701446533203,178.60000610351562,16.781784057617188
2021-06-16,64.29000091552734,90.01705169677734,73.33753967285156,21.003332138061523,58.54249954223633,,28.1299991607666,167.3699951171875,165.9021759033203,119.71099090576172,11.770000457763672,29.875713348388672,337.260009765625,87.22000122070312,45.7599983215332,17.748855590820312,,60.58333206176758,125.55902099609375,73.0199966430664,82.58999633789062,112.59363555908203,995.0,212.4091339111328,49.19672775268555,60.62104797363281,171.64999389648438,16.53566551208496
2021-06-17,63.130001068115234,89.85137176513672,71.87266540527344,21.543333053588867,60.32749938964844,,27.84000015258789,169.63999938964844,163.88717651367188,120.6734619140625,11.640000343322754,30.093854904174805,349.3999938964844,85.36000061035156,46.28499984741211,18.592941284179688,,62.01166534423828,126.77103424072266,74.22000122070312,82.9800033569336,111.88390350341797,970.1400146484375,208.56893920898438,47.792076110839844,60.15617752075195,170.5,16.54477882385254
2021-06-18,61.560001373291016,87.8385238647461,69.96924591064453,21.799999237060547,61.227500915527344,,27.469999313354492,169.82000732421875,160.9337921142578,119.05531311035156,11.100000381469727,30.120027542114258,347.57000732421875,85.66000366210938,45.880001068115234,18.574501037597656,,61.95166778564453,124.12500762939453,74.37000274658203,81.13999938964844,109.07331085205078,970.0800170898438,200.861328125,46.16608810424805,58.91958236694336,171.27999877929688,15.924922943115234
2021-06-21,63.95000076293945,88.639892578125,71.02359008789062,22.48666763305664,59.41999816894531,,27.90999984741211,170.7899932861328,165.8626708984375,120.74185180664062,11.199999809265137,29.919343948364258,352.2900085449219,89.05999755859375,46.02000045776367,18.363727569580078,,61.823333740234375,125.09811401367188,76.12000274658203,82.51000213623047,113.00056457519531,986.0800170898438,205.11912536621094,47.426021575927734,60.35143280029297,173.47000122070312,16.33512306213379
2021-06-22,64.47000122070312,88.1632308959961,70.8649673461914,23.06999969482422,64.15249633789062,,27.610000610351562,177.97999572753906,164.88478088378906,121.25530242919922,10.899999618530273,30.338157653808594,359.1099853515625,91.5199966430664,45.88999938964844,18.82164764404297,,60.900001525878906,125.28585815429688,77.06999969482422,82.44000244140625,113.93740844726562,1004.239990234375,203.99339294433594,46.75347900390625,61.28120803833008,174.22999572753906,16.298660278320312
2021-06-23,64.12000274658203,87.98226928710938,70.04388427734375,23.3700008392334,63.224998474121094,,27.6200008392334,179.4499969482422,166.8800506591797,121.05359649658203,11.119999885559082,30.093854904174805,359.3999938964844,91.94000244140625,45.154998779296875,18.991558074951172,,61.39833450317383,123.63845825195312,77.88999938964844,84.86000061035156,114.39165496826172,1010.02001953125,203.58485412597656,46.583229064941406,61.234703063964844,171.8800048828125,16.180156707763672
2021-06-24,63.90999984741211,87.98031616210938,70.39844512939453,24.40999984741211,63.42499923706055,,28.0,181.52000427246094,167.96658325195312,121.4233169555664,10.75,30.181108474731445,361.9100036621094,91.98999786376953,45.06999969482422,19.139299392700195,,62.099998474121094,124.33840942382812,76.87000274658203,87.33999633789062,116.5587387084961,1019.6199951171875,205.17356872558594,46.78753662109375,62.26675796508789,175.05999755859375,16.635934829711914
2021-06-25,65.55999755859375,89.36803436279297,70.39844512939453,24.123332977294922,63.310001373291016,,28.0,184.8000030517578,168.8950653076172,121.43175506591797,10.649999618530273,30.416690826416016,363.69000244140625,92.5999984741211,46.060001373291016,18.965396881103516,,62.595001220703125,124.97004699707031,78.12000274658203,87.0,116.93727111816406,1035.219970703125,207.5339813232422,46.88970184326172,62.78743362426758,173.82000732421875,16.7635498046875
2021-06-28,64.05000305175781,86.34779357910156,69.07351684570312,24.59666633605957,63.772499084472656,,27.549999237060547,198.41000366210938,161.54620361328125,121.45899200439453,10.890000343322754,30.43414306640625,363.7900085449219,88.29000091552734,45.72999954223633,19.916112899780273,,63.07833480834961,125.50774383544922,75.12000274658203,93.04000091552734,115.24333953857422,1037.77001953125,208.25119018554688,46.676883697509766,61.820472717285156,178.08999633789062,17.14640998840332
2021-06-29,63.47999954223633,85.08031463623047,67.91654205322266,24.85333251953125,64.27999877929688,,27.600000381469727,202.52999877929688,157.94090270996094,121.19780731201172,10.6899995803833,30.748249053955078,366.6600036621094,88.4800033569336,45.779998779296875,19.957717895507812,,62.61166763305664,125.42240142822266,74.6500015258789,92.5999984741211,115.60295867919922,1034.5699462890625,209.69468688964844,46.33635330200195,62.015708923339844,178.10000610351562,16.7635498046875
2021-06-30,62.75,85.70309448242188,67.18876647949219,25.363332748413086,62.82749938964844,,27.139999389648438,205.83999633789062,161.7042694091797,121.01641845703125,10.890000343322754,30.913171768188477,364.9700012207031,87.58999633789062,45.67499923706055,19.933551788330078,,61.84166717529297,126.47227478027344,75.25,89.9800033569336,117.34416961669922,1020.7999877929688,212.3365020751953,45.706390380859375,62.68514633178711,177.02000427246094,16.909404754638672
2021-07-01,63.540000915527344,86.56204223632812,67.27273559570312,24.24333381652832,62.790000915527344,,27.15999984741211,199.50999450683594,164.98358154296875,121.3683090209961,10.970000267028809,30.8956241607666,364.2300109863281,88.58999633789062,45.57500076293945,20.1423282623291,,61.78166580200195,126.49789428710938,75.41999816894531,85.81999969482422,118.28105163574219,966.47998046875,210.64791870117188,45.953269958496094,63.11282730102539,178.97000122070312,17.210216522216797
2021-07-02,63.439998626708984,87.69281768798828,66.69424438476562,24.1200008392334,63.147499084472656,,26.610000610351562,197.57000732421875,165.3687744140625,124.15657806396484,10.380000114440918,30.860544204711914,368.4700012207031,87.29000091552734,45.43000030517578,20.416383743286133,,62.13666534423828,127.10392761230469,74.5,86.19999694824219,119.47343444824219,953.8499755859375,210.0941162109375,45.80854797363281,63.456871032714844,177.3000030517578,17.356063842773438
2021-07-06,62.58000183105469,87.04380798339844,65.63057708740234,24.30666732788086,66.24500274658203,,26.299999237060547,197.80999755859375,163.54147338867188,125.08088684082031,10.5600004196167,30.641231536865234,371.3699951171875,84.94999694824219,45.30500030517578,20.627153396606445,,65.31666564941406,127.2917251586914,74.0199966430664,86.9800033569336,119.72892761230469,927.9199829101562,208.31475830078125,44.28471374511719,63.345279693603516,174.07000732421875,16.71797752380371
2021-07-07,63.369998931884766,84.8680191040039,66.04110717773438,23.366666793823242,66.87999725341797,,25.899999618530273,192.89999389648438,160.9634246826172,125.36238098144531,10.729999542236328,30.702632904052734,377.82000732421875,83.5999984741211,45.41999816894531,20.301536560058594,,64.49833679199219,127.85505676269531,72.91000366210938,86.4000015258789,117.42933654785156,959.0,206.15406799316406,45.025352478027344,62.89899826049805,173.69000244140625,17.675111770629883
2021-07-08,62.36000061035156,84.75639343261719,64.94945526123047,23.59666633605957,65.84750366210938,,25.8799991607666,196.02000427246094,159.58058166503906,123.94495391845703,10.3100004196167,30.500873565673828,373.5299987792969,82.0999984741211,44.91999816894531,19.834152221679688,,64.4183349609375,127.91483306884766,72.41000366210938,86.87999725341797,115.13925170898438,964.72998046875,206.09051513671875,44.88913345336914,62.17378234863281,170.6699981689453,17.091712951660156
2021-07-09,63.22999954223633,85.97335052490234,65.20136260986328,23.816667556762695,66.11000061035156,,26.40999984741211,195.08999633789062,165.6848602294922,124.415283203125,10.109999656677246,30.702632904052734,377.4200134277344,83.66000366210938,45.119998931884766,19.98113441467285,,65.04000091552734,127.59046173095703,73.86000061035156,86.26000213623047,118.0728530883789,973.5800170898438,206.7078857421875,45.27222442626953,63.55913162231445,170.3699951171875,17.611303329467773
2021-07-12,63.25,86.32625579833984,64.94945526123047,23.829999923706055,65.44750213623047,,26.1299991607666,194.3000030517578,165.29966735839844,125.85948181152344,10.5600004196167,30.685096740722656,368.9100036621094,84.38999938964844,45.584999084472656,20.441797256469727,,64.75499725341797,127.61605834960938,73.80000305175781,86.54000091552734,117.43882751464844,979.4099731445312,205.59120178222656,44.991294860839844,63.428977966308594,172.10000610351562,17.602184295654297
2021-07-13,61.40999984741211,85.716796875,64.80948638916016,23.920000076293945,65.29000091552734,,25.700000762939453,188.5,160.03492736816406,126.22225189208984,9.970000267028809,30.72018814086914,370.7699890136719,81.77999877929688,46.0099983215332,20.180194854736328,,64.66666412353516,130.5608673095703,73.44000244140625,84.0199966430664,116.08555603027344,940.7000122070312,204.67425537109375,44.00377655029297,62.88970947265625,173.5500030517578,17.155519485473633
2021-07-14,60.63999938964844,85.25383758544922,64.83748626708984,21.709999084472656,63.557498931884766,,26.290000915527344,182.86000061035156,159.01759338378906,127.1098861694336,9.260000228881836,31.141250610351562,376.989990234375,80.94000244140625,46.5,19.773107528686523,,64.38333129882812,131.90951538085938,72.91000366210938,79.16999816894531,118.1864242553711,919.5499877929688,204.973876953125,43.87608337402344,63.81947708129883,171.8800048828125,17.137290954589844
2021-07-15,60.38999938964844,84.97064208984375,64.17501831054688,20.899999618530273,62.32500076293945,,25.90999984741211,182.3000030517578,157.33839416503906,125.88870239257812,9.770000457763672,31.58863639831543,376.1700134277344,79.93000030517578,46.810001373291016,18.9008731842041,,64.63999938964844,132.51548767089844,73.55999755859375,77.27999877929688,117.06028747558594,930.8599853515625,204.22946166992188,43.450435638427734,63.289493560791016,168.24000549316406,17.155519485473633
2021-07-16,59.189998626708984,84.00438690185547,63.86711120605469,20.50666618347168,62.4900016784668,,25.489999771118164,184.4199981689453,155.67897033691406,125.8540267944336,9.130000114440918,31.47458839416504,371.69000244140625,78.52999877929688,46.53499984741211,18.098398208618164,,64.71666717529297,133.0020294189453,73.3499984741211,77.55999755859375,113.0762710571289,925.0900268554688,203.366943359375,42.98222351074219,62.67585754394531,170.52000427246094,17.14640998840332
2021-07-19,58.33000183105469,80.9817886352539,61.8237419128418,20.786666870117188,62.599998474121094,,24.959999084472656,190.3300018310547,149.78213500976562,123.48304748535156,9.5600004196167,31.2114200592041,373.0400085449219,74.79000091552734,46.125,18.715017318725586,,64.90666961669922,132.9849853515625,69.41000366210938,79.23999786376953,109.3382797241211,951.5,201.56039428710938,42.87155532836914,60.46300506591797,168.9600067138672,16.21661949157715
2021-07-20,61.34000015258789,83.44465637207031,62.44887924194336,21.863332748413086,63.060001373291016,,26.040000915527344,194.8699951171875,154.2072296142578,125.10021209716797,8.6899995803833,31.48335838317871,383.29998779296875,76.98999786376953,46.85499954223633,18.547849655151367,,66.8316650390625,133.0020294189453,71.73999786376953,79.86000061035156,112.22457122802734,936.4299926757812,204.4200897216797,43.356788635253906,61.82977294921875,170.02000427246094,16.581239700317383
2021-07-21,61.9900016784668,85.93573760986328,63.82046127319336,22.139999389648438,63.38750076293945,,26.600000381469727,195.8000030517578,160.43003845214844,126.42794036865234,8.84000015258789,31.141250610351562,383.6199951171875,80.0,46.67499923706055,19.343093872070312,,65.30332946777344,132.50698852539062,72.9800033569336,79.91000366210938,115.12033081054688,930.0,205.0373992919922,43.06734848022461,62.740936279296875,170.89999389648438,16.699745178222656
2021-07-22,61.130001068115234,85.95063781738281,63.62452697753906,21.950000762939453,65.76000213623047,,25.979999542236328,201.85000610351562,158.0693359375,127.2927474975586,8.489999771118164,31.34300422668457,395.8500061035156,78.80000305175781,46.685001373291016,19.526460647583008,,66.3933334350586,132.46429443359375,73.81999969482422,82.02999877929688,114.6944808959961,947.5399780273438,203.21261596679688,42.94817352294922,62.54569625854492,171.27999877929688,17.16463851928711
2021-07-23,61.58000183105469,86.27023315429688,63.596534729003906,21.766666412353516,67.23999786376953,,26.790000915527344,208.86000061035156,159.5707244873047,131.8459014892578,8.600000381469727,31.64125633239746,402.7900085449219,77.70999908447266,48.14500045776367,19.49058723449707,,66.9366683959961,134.16285705566406,75.4000015258789,81.83000183105469,115.14871215820312,701.0,203.8844451904297,42.3096923828125,63.39177322387695,173.2899932861328,17.410757064819336
2021-07-26,61.529998779296875,87.37203979492188,64.38961791992188,22.303333282470703,66.2074966430664,,26.549999237060547,206.0500030517578,160.70660400390625,132.85693359375,8.1899995803833,31.623720169067383,395.44000244140625,82.18000030517578,48.0,19.227495193481445,,66.49833679199219,134.06900024414062,76.0999984741211,77.62999725341797,115.82060241699219,726.6199951171875,204.10232543945312,42.98222351074219,63.89386749267578,172.89999389648438,17.410757064819336
2021-07-27,61.459999084472656,87.9787368774414,64.10970306396484,21.793333053588867,64.45999908447266,,26.579999923706055,199.47999572753906,161.71412658691406,130.74069213867188,8.199999809265137,31.15001678466797,391.42999267578125,80.29000091552734,47.59000015258789,19.141794204711914,,66.25166320800781,134.81158447265625,75.30999755859375,76.19000244140625,115.10139465332031,716.4000244140625,205.5004119873047,42.57360076904297,63.64281463623047,167.5,17.565725326538086
2021-07-28,61.77000045776367,87.20086669921875,64.0350570678711,22.566667556762695,65.8949966430664,134.2550048828125,26.700000762939453,202.94000244140625,161.1906280517578,134.8978271484375,8.34000015258789,30.992124557495117,393.0899963378906,80.20999908447266,47.025001525878906,19.435771942138672,,66.57666778564453,133.5739288330078,75.97000122070312,79.12999725341797,114.67555236816406,717.1699829101562,205.55490112304688,42.164981842041016,63.11282730102539,171.27999877929688,17.74803924560547
2021-07-29,61.66999816894531,86.73123168945312,60.4521598815918,23.209999084472656,65.00749969482422,134.44000244140625,27.260000228881836,198.97999572753906,161.7239990234375,134.58409118652344,7.929999828338623,30.658781051635742,402.8699951171875,80.72000122070312,47.290000915527344,19.59422492980957,,66.5,133.84706115722656,75.94000244140625,76.8499984741211,116.00042724609375,705.5599975585938,203.87539672851562,42.06281661987305,64.00541687011719,169.99000549316406,17.665992736816406
2021-07-30,61.720001220703125,85.31806182861328,58.763343811035156,22.876667022705078,63.40250015258789,140.25,27.610000610351562,183.50999450683594,158.8990478515625,133.54232788085938,7.909999847412109,30.886856079101562,400.1700134277344,78.88999938964844,47.15999984741211,19.431785583496094,,66.50833129882812,133.96658325195312,75.2300033569336,76.9800033569336,116.10450744628906,710.0,203.66656494140625,41.620140075683594,63.9775390625,173.4199981689453,17.456331253051758
2021-08-02,61.7400016784668,85.03135681152344,58.7353515625,23.09000015258789,63.477500915527344,143.8000030517578,27.81999969482422,188.88999938964844,157.2396240234375,133.6692352294922,8.069999694824219,30.167531967163086,402.6499938964844,79.12000274658203,46.68000030517578,19.681922912597656,,66.72000122070312,133.42881774902344,74.37000274658203,78.30999755859375,114.5146713256836,715.8699951171875,202.25938415527344,41.92660903930664,63.177940368652344,173.2100067138672,17.30137062072754
2021-08-03,63.619998931884766,83.79168701171875,58.32481384277344,23.950000762939453,63.584999084472656,139.86000061035156,28.610000610351562,190.4600067138672,152.88365173339844,134.4379119873047,8.170000076293945,30.544740676879883,407.510009765625,78.33000183105469,46.52000045776367,19.7466983795166,,66.38833618164062,133.72760009765625,73.44999694824219,77.48999786376953,115.45155334472656,678.0900268554688,200.94300842285156,41.8244514465332,64.1355972290039,159.86000061035156,17.274030685424805
2021-08-04,62.5,81.69031524658203,57.24247360229492,24.113332748413086,66.05249786376953,141.5,28.049999237060547,202.10000610351562,151.37240600585938,133.93785095214844,8.109999656677246,30.149988174438477,410.4700012207031,79.48999786376953,46.005001068115234,20.204118728637695,,67.22166442871094,131.49124145507812,72.69999694824219,81.6500015258789,112.32867431640625,660.2100219726562,199.1726837158203,40.879512786865234,62.527095794677734,158.75,17.237564086914062
2021-08-05,62.2400016784668,86.47156524658203,57.69967269897461,25.209999084472656,66.40499877929688,146.0,29.829999923706055,182.41000366210938,159.708984375,135.053955078125,8.109999656677246,30.22893714904785,414.3900146484375,84.76000213623047,45.974998474121094,20.56586265563965,,67.27333068847656,131.7131805419922,76.02999877929688,80.56999969482422,114.19292449951172,656.030029296875,199.28164672851562,41.11786651611328,63.76369094848633,156.77999877929688,16.654165267944336
2021-08-06,62.52000045776367,85.50293731689453,57.55970764160156,25.239999771118164,65.18499755859375,134.3800048828125,30.020000457763672,178.36000061035156,147.06581115722656,134.5454559326172,8.149999618530273,30.079818725585938,408.5199890136719,85.41000366210938,48.48500061035156,20.295801162719727,,64.3933334350586,131.730224609375,75.58999633789062,77.91999816894531,116.4830322265625,656.719970703125,198.6371307373047,41.79890823364258,64.44242095947266,158.3000030517578,16.918514251708984
2021-08-09,62.900001525878906,84.51590728759766,56.831932067871094,25.593332290649414,65.88999938964844,138.25,29.75,183.10000610351562,146.9769287109375,135.70962524414062,8.229999542236328,30.149988174438477,407.6400146484375,83.30999755859375,49.23500061035156,20.225040435791016,,64.74666595458984,131.747314453125,74.26000213623047,85.51000213623047,114.94052124023438,684.52001953125,197.86276245117188,42.00322723388672,64.0890884399414,160.57000732421875,17.219331741333008
2021-08-10,63.09000015258789,86.18797302246094,56.98122024536133,25.639999389648438,63.16749954223633,140.0,30.549999237060547,188.4600067138672,146.7793731689453,135.60455322265625,7.840000152587891,30.149988174438477,405.8699951171875,83.75,49.39500045776367,19.867277145385742,,62.83333206176758,131.81561279296875,75.08999633789062,85.08000183105469,118.99080657958984,663.27001953125,198.65533447265625,43.5866584777832,66.41353607177734,159.67999267578125,16.854707717895508
2021-08-11,64.12000274658203,86.1781997680664,57.27980041503906,25.93666648864746,59.970001220703125,135.9600067138672,30.059999465942383,193.9600067138672,148.23138427734375,135.08120727539062,7.570000171661377,30.40437889099121,408.82000732421875,83.7699966430664,49.36000061035156,19.631101608276367,,60.913333892822266,132.33624267578125,75.91000366210938,84.69000244140625,120.41973114013672,649.5900268554688,194.4099884033203,44.31025314331055,66.9174575805664,159.92999267578125,16.72709083557129
2021-08-12,63.20000076293945,85.90206909179688,57.33578109741211,24.440000534057617,61.45500183105469,133.8000030517578,29.719999313354492,193.24000549316406,148.48818969726562,135.9881591796875,8.390000343322754,30.176311492919922,408.9100036621094,84.0199966430664,48.810001373291016,19.83639144897461,,61.5,132.3618927001953,75.87000274658203,82.6500015258789,118.69742584228516,640.0,193.0799102783203,42.880069732666016,66.76811981201172,160.3699951171875,16.7635498046875
2021-08-13,61.900001525878906,86.30353546142578,57.82096481323242,24.209999084472656,60.95500183105469,136.6300048828125,29.920000076293945,192.0800018310547,146.8090057373047,136.51698303222656,8.369999885559082,30.220163345336914,408.7200012207031,81.58000183105469,49.060001373291016,20.118410110473633,,62.34000015258789,133.5995635986328,75.08000183105469,83.95999908447266,117.96874237060547,633.8599853515625,194.628662109375,43.024784088134766,65.77896881103516,160.35000610351562,16.77267074584961
2021-08-16,62.7599983215332,83.46267700195312,57.84895324707031,24.1299991607666,58.6775016784668,135.0,29.309999465942383,190.4199981689453,142.3740234375,137.0938720703125,7.46999979019165,30.81667709350586,407.4200134277344,81.13999938964844,49.209999084472656,19.88123893737793,,61.720001220703125,134.9054718017578,75.63999938964844,79.56999969482422,118.10124206542969,626.6400146484375,195.00213623046875,42.888580322265625,65.64834594726562,160.35000610351562,16.38981056213379
2021-08-17,62.560001373291016,82.77252960205078,57.11185073852539,21.946666717529297,58.20000076293945,133.47999572753906,28.31999969482422,194.3000030517578,140.82325744628906,135.46034240722656,6.909999847412109,30.395610809326172,392.4800109863281,80.55999755859375,48.7599983215332,19.39093017578125,,60.961666107177734,134.7774658203125,73.04000091552734,78.68000030517578,114.27809143066406,627.989990234375,194.32801818847656,42.27565383911133,64.5285415649414,163.47000122070312,16.54477882385254
2021-08-18,59.650001525878906,81.71656036376953,56.72929763793945,22.613332748413086,58.44499969482422,131.5,28.209999084472656,190.8000030517578,138.63046264648438,134.2584991455078,7.369999885559082,30.158761978149414,391.3800048828125,80.87000274658203,47.93000030517578,18.974369049072266,,60.393333435058594,133.39468383789062,71.54000091552734,83.45999908447266,117.3915023803711,604.8300170898438,195.3483428955078,41.61163330078125,68.12122344970703,161.6199951171875,16.41716194152832
2021-08-19,60.619998931884766,81.3072738647461,55.86156463623047,21.963333129882812,58.7400016784668,126.16000366210938,28.959999084472656,192.27999877929688,136.35865783691406,134.48745727539062,6.809999942779541,30.60614585876465,396.489990234375,79.5,48.59000015258789,19.729755401611328,,60.483333587646484,135.63955688476562,68.98999786376953,81.3499984741211,119.78569793701172,597.8599853515625,194.84727478027344,40.905052185058594,68.67179870605469,162.27000427246094,16.22573471069336
2021-08-20,63.220001220703125,81.26338958740234,55.945533752441406,21.996667861938477,59.470001220703125,126.02999877929688,29.31999969482422,199.27000427246094,136.101806640625,136.2216033935547,7.110000133514404,30.544740676879883,397.8299865722656,80.19999694824219,48.369998931884766,20.74424934387207,,61.24333190917969,135.16156005859375,70.12999725341797,82.7699966430664,116.51142883300781,588.1199951171875,194.8017578125,40.68370056152344,69.09173583984375,160.9600067138672,16.526552200317383
2021-08-23,63.439998626708984,83.71452331542969,56.55201721191406,23.516666412353516,61.45000076293945,124.01000213623047,29.850000381469727,196.5800018310547,141.08995056152344,138.81063842773438,7.28000020980835,30.728960037231445,404.3599853515625,83.44000244140625,48.375,21.88231086730957,,62.095001220703125,134.73480224609375,73.70999908447266,85.05999755859375,117.77003479003906,605.0599975585938,196.78768920898438,40.88801956176758,70.10887908935547,163.36000061035156,16.435392379760742
2021-08-24,64.16999816894531,87.46644592285156,56.44005584716797,24.1200008392334,66.40750122070312,127.16000366210938,29.799999237060547,201.39999389648438,144.83352661132812,140.0198974609375,7.730000019073486,30.67632484436035,405.79998779296875,85.73999786376953,48.314998626708984,21.717880249023438,,73.6449966430664,133.0618133544922,77.51000213623047,89.26000213623047,117.14546203613281,608.1099853515625,197.53477478027344,41.245567321777344,70.2768325805664,163.82000732421875,16.81825065612793
2021-08-25,64.33999633789062,88.6680908203125,56.85059356689453,24.47333335876465,67.5,127.33000183105469,30.020000457763672,202.27999877929688,145.81137084960938,140.83023071289062,7.510000228881836,30.632457733154297,408.32000732421875,85.88999938964844,48.564998626708984,22.136428833007812,,74.50833129882812,132.47283935546875,79.36000061035156,90.33999633789062,117.32526397705078,586.6199951171875,195.84938049316406,40.785865783691406,70.74342346191406,160.66000366210938,17.31960105895996
2021-08-26,64.26000213623047,89.17768096923828,56.505367279052734,24.190000534057617,69.69249725341797,120.0,30.030000686645508,212.58999633789062,142.09744262695312,140.19732666015625,7.480000019073486,30.67632484436035,404.44000244140625,84.75,48.41999816894531,21.99193572998047,,76.23999786376953,131.98631286621094,80.0,85.80999755859375,112.8491439819336,586.1900024414062,195.27549743652344,40.15589904785156,68.90509796142578,158.8800048828125,16.854707717895508
2021-08-27,66.08000183105469,90.3006362915039,57.27980041503906,25.18666648864746,70.57749938964844,120.0999984741211,30.690000534057617,210.39999389648438,144.94216918945312,142.73829650878906,7.730000019073486,30.81667709350586,405.9700012207031,86.9000015258789,48.665000915527344,22.55797004699707,,76.87999725341797,132.2509307861328,82.12999725341797,85.4000015258789,112.50846862792969,585.1099853515625,193.51718139648438,40.738990783691406,68.71846008300781,160.02999877929688,17.027902603149414
2021-08-30,66.30000305175781,89.21331787109375,56.925235748291016,26.536666870117188,71.59249877929688,128.6999969482422,30.829999923706055,217.7100067138672,142.42340087890625,143.31967163085938,8.0,30.93071174621582,414.5199890136719,86.56999969482422,48.904998779296875,22.60979461669922,,76.46833038330078,133.15570068359375,81.56999969482422,81.87000274658203,112.1204833984375,576.719970703125,192.94326782226562,40.0787353515625,67.93457794189453,158.13999938964844,17.182870864868164
2021-08-31,66.12000274658203,90.07345581054688,57.149173736572266,27.253332138061523,70.25,129.55999755859375,30.950000762939453,216.25999450683594,142.7296142578125,143.4257049560547,7.880000114440918,31.290372848510742,400.1700134277344,86.69999694824219,48.78499984741211,22.311771392822266,,76.83999633789062,133.4885711669922,81.30000305175781,82.05000305175781,112.04476928710938,570.2100219726562,192.3511199951172,40.75613784790039,67.85993957519531,161.22000122070312,17.40164566040039
2021-09-01,66.62999725341797,89.57132720947266,58.119537353515625,28.03333282470703,67.49250030517578,137.47999572753906,31.049999237060547,216.77999877929688,144.37911987304688,143.9391632080078,8.119999885559082,31.351783752441406,395.5299987792969,86.36000061035156,48.900001525878906,22.367589950561523,,76.71666717529297,134.78602600097656,79.83999633789062,84.44999694824219,111.22146606445312,570.780029296875,195.78562927246094,40.53319549560547,67.26272583007812,161.92999267578125,17.456331253051758
2021-09-02,68.26000213623047,90.10440826416016,56.3560791015625,28.586666107177734,68.1675033569336,152.08999633789062,31.049999237060547,213.49000549316406,142.008544921875,142.02760314941406,8.34000015258789,31.457040786743164,388.3699951171875,86.69000244140625,48.79999923706055,22.322738647460938,,77.09166717529297,134.88479614257812,78.5,84.5999984741211,110.68206787109375,562.3900146484375,193.55364990234375,40.37884521484375,67.06675720214844,162.02999877929688,17.574840545654297
2021-09-03,68.16000366210938,90.26067352294922,55.86156463623047,29.139999389648438,69.55750274658203,163.05999755859375,30.65999984741211,220.3800048828125,140.89239501953125,142.4761199951172,8.210000038146973,30.913171768188477,388.3299865722656,86.08000183105469,48.790000915527344,22.768274307250977,,78.03666687011719,135.005126953125,76.4800033569336,82.87000274658203,109.45357513427734,562.510009765625,192.97970581054688,40.28452682495117,66.3202133178711,160.55999755859375,17.419872283935547
2021-09-07,66.66000366210938,91.59708404541016,55.45102310180664,28.616666793823242,67.41999816894531,163.3800048828125,30.889999389648438,216.44000244140625,145.68296813964844,143.0124053955078,8.600000381469727,30.500873565673828,386.4599914550781,87.68000030517578,47.59000015258789,22.587867736816406,,77.1066665649414,132.8050537109375,77.62000274658203,84.97000122070312,108.63774871826172,559.8699951171875,190.6566162109375,39.28984832763672,65.18177032470703,159.11000061035156,17.17375946044922
2021-09-08,65.93000030517578,90.71111297607422,54.984500885009766,29.200000762939453,66.30750274658203,158.11000061035156,30.219999313354492,214.77000427246094,143.88526916503906,142.42807006835938,8.529999732971191,30.957033157348633,380.8500061035156,86.69000244140625,48.41999816894531,22.265928268432617,,77.62166595458984,134.6871337890625,77.0,83.51000213623047,108.38162994384766,559.4000244140625,197.66232299804688,39.684288024902344,65.15376281738281,159.4499969482422,17.501914978027344
2021-09-09,65.69999694824219,90.81765747070312,54.05145263671875,29.213333129882812,66.29000091552734,169.75,29.81999969482422,216.6300048828125,144.94216918945312,142.27938842773438,9.0600004196167,30.55351448059082,420.7099914550781,86.37999725341797,48.17499923706055,22.10445213317871,,77.75,133.83633422851562,78.69000244140625,86.3499984741211,108.40059661865234,538.3099975585938,196.78768920898438,39.487064361572266,64.8084945678711,157.02999877929688,17.22844696044922
2021-09-10,64.66000366210938,90.27439880371094,53.57559585571289,30.483333587646484,65.5,173.3699951171875,30.280000686645508,217.02000427246094,143.6087188720703,139.63778686523438,8.710000038146973,30.55351448059082,425.5799865722656,86.08000183105469,47.959999084472656,22.40447235107422,,78.31666564941406,133.60430908203125,77.33000183105469,87.87999725341797,107.01558685302734,542.8200073242188,194.87461853027344,39.07547378540039,64.26725769042969,153.94000244140625,16.809131622314453
2021-09-13,65.0199966430664,90.95277404785156,54.53663635253906,28.983333587646484,63.50749969482422,158.7100067138672,30.68000030517578,212.60000610351562,146.96702575683594,141.0814971923828,8.869999885559082,30.834217071533203,425.1199951171875,89.11000061035156,47.69499969482422,22.079540252685547,,79.35333251953125,133.86212158203125,78.22000122070312,84.6500015258789,107.71759033203125,543.7100219726562,195.77650451660156,40.25022506713867,64.10860443115234,152.92999267578125,16.954980850219727
2021-09-14,60.47999954223633,91.20893096923828,53.40765380859375,29.666667938232422,64.32499694824219,160.08999633789062,29.649999618530273,214.30999755859375,148.7548828125,141.29161071777344,8.65999984741211,30.72018814086914,420.5,88.68000030517578,47.47999954223633,22.169240951538086,,80.80500030517578,133.33787536621094,78.8499984741211,82.33000183105469,106.64563751220703,531.010009765625,196.4051055908203,39.94154357910156,64.83650207519531,152.14999389648438,16.408044815063477
2021-09-15,59.7400016784668,93.06196594238281,53.34233474731445,30.299999237060547,64.89250183105469,160.2899932861328,30.270000457763672,217.4199981689453,149.466064453125,143.16009521484375,8.65999984741211,31.071069717407227,418.95001220703125,86.54000091552734,47.56999969482422,22.267919540405273,35.0,79.98999786376953,134.08558654785156,78.33999633789062,82.1500015258789,107.11045837402344,530.4000244140625,199.05616760253906,39.93295669555664,64.83650207519531,152.69000244140625,16.95038414001465
2021-09-16,59.36000061035156,91.84894561767578,53.547607421875,32.08000183105469,66.18499755859375,185.0,30.219999313354492,224.14999389648438,148.33013916015625,142.34776306152344,8.609999656677246,31.132476806640625,426.44000244140625,86.80999755859375,47.939998626708984,22.169240951538086,37.4900016784668,80.8133316040039,133.69024658203125,78.7699966430664,81.41999816894531,107.81244659423828,527.1500244140625,196.277587890625,39.77003479003906,65.76966857910156,151.88999938964844,16.454004287719727
2021-09-17,61.220001220703125,91.08007049560547,54.079437255859375,31.093332290649414,65.77249908447266,184.97999572753906,29.979999542236328,226.97999572753906,150.41429138183594,139.56246948242188,8.729999542236328,30.623689651489258,426.54998779296875,86.83000183105469,47.31999969482422,21.82836151123047,38.95000076293945,79.3949966430664,132.4613037109375,78.41000366210938,80.80999755859375,108.73262786865234,517.0599975585938,195.7310028076172,39.2726936340332,65.70433044433594,151.66000366210938,16.352893829345703
2021-09-20,63.209999084472656,91.68208312988281,53.295684814453125,29.889999389648438,64.38999938964844,181.6999969482422,29.049999237060547,217.66000366210938,151.70823669433594,137.500244140625,8.050000190734863,30.10613250732422,419.5299987792969,86.73999786376953,46.39500045776367,21.0439395904541,36.0099983215332,79.06500244140625,132.01437377929688,77.29000091552734,77.7699966430664,107.31916046142578,524.3599853515625,191.43106079101562,38.672454833984375,64.49121856689453,148.83999633789062,15.94843578338623
2021-09-21,63.7400016784668,91.08985137939453,53.88350296020508,30.543333053588867,63.52750015258789,200.2100067138672,28.739999771118164,220.58999633789062,151.07606506347656,137.81100463867188,8.260000228881836,29.816648483276367,424.19000244140625,85.22000122070312,45.900001525878906,21.17650032043457,38.63999938964844,78.83833312988281,131.95425415039062,76.27999877929688,78.8499984741211,107.98320770263672,520.8400268554688,190.4744415283203,38.41521072387695,64.6591796875,145.72000122070312,15.98520565032959
2021-09-22,65.5,94.24248504638672,54.49931335449219,31.299999237060547,64.96499633789062,201.86000061035156,28.959999084472656,219.3699951171875,157.00257873535156,139.05050659179688,8.239999771118164,30.11490249633789,431.17999267578125,88.31999969482422,46.28499984741211,21.869224548339844,35.75,79.32833099365234,132.35813903808594,78.61000061035156,81.18000030517578,108.32471466064453,522.3499755859375,192.4968719482422,39.12691879272461,64.88314056396484,145.25,16.02197265625
2021-09-23,65.1500015258789,96.96076202392578,54.89119338989258,32.32666778564453,65.57250213623047,202.69000244140625,29.190000534057617,223.66000366210938,164.7958984375,139.9748077392578,8.239999771118164,30.088581085205078,431.9100036621094,91.58999633789062,46.54499816894531,22.408458709716797,37.34000015258789,80.5250015258789,132.4613037109375,79.47000122070312,82.27999877929688,109.62434387207031,525.6900024414062,194.97482299804688,39.752891540527344,65.97493743896484,146.67999267578125,16.18743324279785
2021-09-24,65.1500015258789,97.5811767578125,54.219398498535156,32.883331298828125,65.4375,199.3699951171875,29.190000534057617,222.85000610351562,169.8828125,140.9650115966797,8.100000381469727,29.711376190185547,432.6099853515625,92.73999786376953,46.369998931884766,22.008764266967773,36.02000045776367,81.74500274658203,132.52146911621094,81.4800033569336,83.22000122070312,110.0322494506836,514.5900268554688,193.6994171142578,39.88150405883789,66.34820556640625,147.36000061035156,16.141468048095703
2021-09-27,65.58999633789062,97.00030517578125,55.6936149597168,30.753332138061523,63.334999084472656,189.3800048828125,29.989999771118164,225.77999877929688,167.5714569091797,139.8320770263672,8.359999656677246,29.834196090698242,430.7200012207031,93.63999938964844,45.89500045776367,21.58914566040039,33.369998931884766,81.00666809082031,131.24951171875,80.48999786376953,79.98999786376953,110.61092376708984,523.9000244140625,192.8339385986328,41.84514617919922,66.38553619384766,148.64999389648438,15.727826118469238
2021-09-28,64.56999969482422,95.28592681884766,54.489986419677734,30.23666763305664,60.46500015258789,171.72999572753906,29.6299991607666,212.35000610351562,166.71212768554688,134.6361541748047,7.820000171661377,29.860511779785156,414.5400085449219,92.41999816894531,44.75,20.631284713745117,32.0,79.39167022705078,129.8142852783203,79.75,77.05000305175781,108.6662368774414,517.4000244140625,191.27615356445312,40.72184371948242,65.39637756347656,149.11000061035156,15.415288925170898
2021-09-29,64.25,93.13443756103516,53.687564849853516,30.19333267211914,59.89250183105469,168.88999938964844,30.010000228881836,205.3000030517578,164.23289489746094,133.17262268066406,7.53000020980835,30.38683319091797,410.2200012207031,91.41000366210938,44.665000915527344,20.449878692626953,30.899999618530273,78.84500122070312,130.88858032226562,78.56999969482422,76.30999755859375,109.06465148925781,513.989990234375,192.9159393310547,40.57605743408203,65.22840118408203,151.60000610351562,15.58074951171875
2021-09-30,63.779998779296875,92.9797134399414,52.605228424072266,30.030000686645508,61.44499969482422,166.36000061035156,29.049999237060547,207.9600067138672,161.8918914794922,132.50108337402344,7.539999961853027,30.12929344177246,404.70001220703125,91.12999725341797,44.415000915527344,20.648229598999023,30.1299991607666,79.83333587646484,129.26426696777344,78.55000305175781,75.55000305175781,103.25898742675781,509.75,191.94114685058594,39.77003479003906,61.570396423339844,154.07000732421875,15.718631744384766
2021-10-01,65.48999786376953,96.19149780273438,52.717193603515625,31.39666748046875,62.317501068115234,160.5800018310547,29.579999923706055,204.3699951171875,167.7097625732422,135.34288024902344,7.300000190734863,29.282567977905273,401.3699951171875,98.7300033569336,44.939998626708984,20.67414665222168,30.5,81.08499908447266,129.7283172607422,83.08999633789062,75.58999633789062,105.3839340209961,508.94000244140625,194.48289489746094,40.41314697265625,62.15829849243164,158.5399932861328,15.4888277053833
2021-10-04,64.56999969482422,96.33445739746094,52.6238899230957,30.206666946411133,59.720001220703125,150.8699951171875,29.100000381469727,198.72000122070312,168.69749450683594,132.4847412109375,7.239999771118164,28.859209060668945,392.57000732421875,97.97000122070312,44.25,19.667451858520508,29.09000015258789,78.25666809082031,129.08377075195312,81.83999633789062,77.80000305175781,104.54914093017578,503.7699890136719,194.0637969970703,40.82474899291992,61.45841979980469,157.1300048828125,15.645095825195312
2021-10-05,61.060001373291016,95.26985931396484,52.41862106323242,31.639999389648438,61.22999954223633,144.85000610351562,29.979999542236328,203.63999938964844,167.02821350097656,134.82745361328125,7.340000152587891,29.485429763793945,397.1199951171875,99.83000183105469,44.775001525878906,20.38409996032715,30.440000534057617,79.26499938964844,129.8486785888672,81.44999694824219,72.56999969482422,102.75621795654297,507.55999755859375,194.10028076171875,41.37352752685547,60.758541107177734,162.02000427246094,15.957632064819336
2021-10-06,60.63999938964844,95.89105987548828,51.354942321777344,31.48666763305664,62.04999923706055,141.4499969482422,29.81999969482422,209.52999877929688,168.12460327148438,136.3559112548828,7.360000133514404,30.085193634033203,398.1300048828125,101.02999877929688,45.04999923706055,20.63228416442871,29.59000015258789,81.02166748046875,133.1746063232422,80.06999969482422,73.69999694824219,100.44153594970703,525.5,192.7884063720703,40.57605743408203,60.03067398071289,165.44000244140625,16.15985870361328
2021-10-07,60.13999938964844,96.70576477050781,51.103023529052734,32.540000915527344,62.470001220703125,156.86000061035156,30.290000915527344,216.52000427246094,170.1890106201172,138.00131225585938,7.440000057220459,30.87899398803711,399.7200012207031,98.97000122070312,45.03499984741211,21.006057739257812,29.84000015258789,82.27999877929688,134.40354919433594,79.70999908447266,74.80000305175781,102.36730194091797,545.0,197.24325561523438,40.46459197998047,60.637237548828125,170.77000427246094,16.499969482421875
2021-10-08,58.119998931884766,96.91609954833984,51.27096939086914,31.366666793823242,61.25,166.52000427246094,29.639999389648438,212.02000427246094,167.89743041992188,138.55690002441406,7.380000114440918,30.905454635620117,397.2200012207031,98.33999633789062,44.6349983215332,20.762859344482422,30.06999969482422,82.13166809082031,134.09414672851562,79.31999969482422,70.44000244140625,102.329345703125,537.8099975585938,200.11294555664062,40.10445022583008,60.41326904296875,173.69000244140625,16.454004287719727
2021-10-11,56.41999816894531,96.64349365234375,50.729801177978516,31.549999237060547,61.09000015258789,165.0,29.579999923706055,202.33999633789062,166.4454345703125,137.69305419921875,7.480000019073486,30.984832763671875,386.0400085449219,98.04000091552734,44.025001525878906,20.627302169799805,30.690000534057617,83.30166625976562,134.27467346191406,79.61000061035156,70.22000122070312,100.1190185546875,536.3599853515625,200.1493682861328,39.315574645996094,58.80821990966797,170.72000122070312,16.150663375854492
2021-10-12,56.220001220703125,96.53734588623047,50.580509185791016,32.40666580200195,63.185001373291016,170.74000549316406,29.18000030517578,213.13999938964844,167.47268676757812,135.24972534179688,7.949999809265137,31.011293411254883,384.57000732421875,100.05999755859375,43.970001220703125,20.603378295898438,30.540000915527344,84.2066650390625,134.8676300048828,80.25,71.9000015258789,100.74510955810547,522.6900024414062,199.3658905029297,39.24696731567383,58.761558532714844,171.35000610351562,16.398855209350586
2021-10-13,55.150001525878906,96.45233917236328,51.89611053466797,31.84666633605957,67.61000061035156,180.0,29.479999542236328,213.75,166.4454345703125,136.3727264404297,8.350000381469727,31.672801971435547,400.7099914550781,99.62000274658203,42.665000915527344,20.87050437927246,30.700000762939453,84.0816650390625,135.7786102294922,79.31999969482422,74.77999877929688,101.16252136230469,524.52001953125,199.63009643554688,39.264122009277344,59.256141662597656,170.60000610351562,18.2097110748291
2021-10-14,55.709999084472656,97.77191925048828,52.57723617553711,30.833332061767578,69.00250244140625,168.58999633789062,29.600000381469727,215.89999389648438,166.82080078125,139.91036987304688,8.460000038146973,31.39055824279785,406.989990234375,100.41000366210938,42.79999923706055,21.674863815307617,29.56999969482422,83.83000183105469,136.8700714111328,82.12999725341797,74.3499984741211,102.58545684814453,525.1900024414062,200.759765625,39.7271614074707,59.85336685180664,169.3800048828125,17.98910140991211
2021-10-15,56.88999938964844,99.42166900634766,51.58820343017578,29.636667251586914,68.27749633789062,156.6999969482422,29.1200008392334,221.08999633789062,169.8828125,140.12548828125,8.359999656677246,31.143596649169922,403.510009765625,101.56999969482422,42.790000915527344,21.790485382080078,29.719999313354492,84.64167022705078,136.48330688476562,81.02999877929688,76.58000183105469,103.12619018554688,511.3599853515625,199.46612548828125,39.11833953857422,60.0493278503418,170.55999755859375,18.0902156829834
2021-10-18,56.529998779296875,98.00340270996094,51.65351486206055,31.00666618347168,71.3375015258789,157.33999633789062,29.450000762939453,228.0,167.83816528320312,141.5230712890625,7.960000038146973,30.658504486083984,417.3800048828125,102.41000366210938,42.71500015258789,22.149307250976562,30.06999969482422,85.86166381835938,135.8645477294922,80.80999755859375,77.80000305175781,103.87561798095703,507.010009765625,196.4142608642578,38.56098556518555,60.319950103759766,171.75,17.76848793029785
2021-10-19,56.7599983215332,96.47467803955078,52.176029205322266,31.516666412353516,70.5875015258789,165.69000244140625,29.31999969482422,226.41000366210938,164.16372680664062,141.97805786132812,8.260000228881836,30.649675369262695,416.6400146484375,100.01000213623047,42.5,22.217084884643555,29.770000457763672,85.41500091552734,137.59197998046875,81.1500015258789,79.16999816894531,103.07876586914062,510.2699890136719,196.99728393554688,38.55241012573242,59.6294059753418,172.0399932861328,17.658180236816406
2021-10-20,57.189998626708984,93.383544921875,52.6705436706543,31.30666732788086,70.8324966430664,157.91000366210938,29.479999542236328,233.1199951171875,161.7239990234375,140.52296447753906,8.300000190734863,30.781978607177734,414.3999938964844,100.26000213623047,42.46500015258789,22.03069496154785,31.360000610351562,85.31999969482422,138.63186645507812,77.0999984741211,78.58000183105469,103.58152770996094,511.5199890136719,198.73731994628906,38.87826156616211,59.59208679199219,173.5,17.75010108947754
2021-10-21,57.95000076293945,94.43911743164062,52.25067138671875,31.770000457763672,71.0250015258789,178.13999938964844,29.739999771118164,235.97999572753906,160.75599670410156,140.63894653320312,8.460000038146973,30.323331832885742,424.0400085449219,100.56999969482422,42.625,22.617767333984375,33.709999084472656,84.66666412353516,136.80128479003906,79.44999694824219,83.19000244140625,105.02344512939453,517.219970703125,198.97418212890625,38.11509323120117,60.35728454589844,182.05999755859375,17.55706787109375
2021-10-22,57.75,93.7912826538086,52.44660949707031,31.43000030517578,70.84750366210938,178.25999450683594,30.579999923706055,241.27000427246094,159.6892547607422,136.35739135742188,7.590000152587891,30.570295333862305,421.7300109863281,100.75,42.3650016784668,22.651660919189453,33.2599983215332,84.02166748046875,137.48025512695312,79.0,83.9800033569336,104.71989440917969,525.6400146484375,199.87606811523438,38.10651779174805,59.87203598022461,180.75,17.56625747680664
2021-10-25,56.22999954223633,94.51158142089844,52.49325942993164,33.31999969482422,70.0250015258789,187.47999572753906,31.06999969482422,252.57000732421875,159.46206665039062,136.2389678955078,7.940000057220459,30.376251220703125,427.94000244140625,100.5199966430664,42.189998626708984,23.090219497680664,34.97999954223633,82.961669921875,136.835693359375,79.0,83.20999908447266,107.3096694946289,506.3800048828125,198.31825256347656,37.52342987060547,60.898521423339844,182.99000549316406,17.924755096435547
2021-10-26,55.939998626708984,95.68858337402344,53.0997428894043,32.973331451416016,71.7699966430664,188.0500030517578,31.790000915527344,247.52000427246094,160.75599670410156,138.08407592773438,7.769999980926514,30.499738693237305,432.7300109863281,101.08999633789062,42.790000915527344,24.63614273071289,35.58000183105469,81.09166717529297,138.51156616210938,80.08000183105469,80.88999938964844,108.01166534423828,500.1400146484375,198.79196166992188,37.34336471557617,60.963829040527344,182.5399932861328,17.924755096435547
2021-10-27,56.119998931884766,95.10340118408203,53.34233474731445,31.836666107177734,69.75,175.2899932861328,31.6200008392334,243.88999938964844,162.12899780273438,144.93234252929688,7.440000057220459,30.164573669433594,433.70001220703125,100.61000061035156,42.439998626708984,24.371013641357422,34.0,82.1433334350586,138.0302734375,79.76000213623047,80.68000030517578,104.97600555419922,485.1000061035156,195.82205200195312,37.403377532958984,60.24530029296875,180.91000366210938,18.07183074951172
2021-10-28,58.380001068115234,95.16920471191406,58.343467712402344,32.58000183105469,70.2925033569336,172.8300018310547,32.5099983215332,242.75,162.2475128173828,144.56707763671875,7.909999847412109,31.302364349365234,443.4599914550781,100.44000244140625,42.45000076293945,24.859411239624023,33.70000076293945,83.06500244140625,138.89830017089844,79.12000274658203,82.75,107.1673812866211,496.6099853515625,197.4801025390625,37.60918426513672,60.84251403808594,181.11000061035156,18.246482849121094
2021-10-29,62.0,94.81709289550781,57.12118148803711,32.17333221435547,70.44999694824219,173.69000244140625,32.310001373291016,250.69000244140625,162.3956756591797,146.74478149414062,7.800000190734863,31.83156967163086,466.010009765625,101.1500015258789,42.5,25.483366012573242,34.15999984741211,84.84833526611328,138.88108825683594,79.55000305175781,84.0199966430664,107.38554382324219,492.4800109863281,197.51654052734375,37.806392669677734,61.11315155029297,181.0,18.00748634338379
2021-11-01,63.20000076293945,97.51615905761719,56.45871353149414,33.79999923706055,67.2925033569336,175.0399932861328,32.77000045776367,243.6199951171875,165.18112182617188,142.23574829101562,8.210000038146973,32.10498046875,458.8800048828125,104.04000091552734,42.72999954223633,25.742509841918945,36.58000183105469,84.71833038330078,138.58889770507812,82.87999725341797,81.13999938964844,108.1539535522461,505.04998779296875,200.61398315429688,38.741050720214844,62.19562530517578,183.8000030517578,18.393556594848633
2021-11-02,62.7400016784668,96.1115951538086,56.03884506225586,33.71666717529297,67.02999877929688,166.24000549316406,32.90999984741211,240.6300048828125,157.8816680908203,144.15426635742188,8.130000114440918,31.725730895996094,464.6400146484375,106.77999877929688,42.94499969482422,26.314634323120117,35.40999984741211,84.74333190917969,139.86085510253906,82.47000122070312,79.58999633789062,108.65673828125,496.6199951171875,201.06036376953125,39.10977554321289,62.82085037231445,183.94000244140625,18.264863967895508
2021-11-03,62.18000030517578,95.38697814941406,56.719970703125,34.95000076293945,67.6624984741211,169.1199951171875,33.18000030517578,239.6199951171875,160.2621307373047,145.30950927734375,8.260000228881836,31.83156967163086,467.4800109863281,105.27999877929688,43.65999984741211,26.5109920501709,38.45000076293945,83.16000366210938,141.20152282714844,82.61000061035156,78.36000061035156,111.30342102050781,507.7300109863281,201.05123901367188,40.17305374145508,63.856651306152344,184.16000366210938,18.0902156829834
2021-11-04,62.40999984741211,95.45278930664062,55.516334533691406,34.650001525878906,69.90499877929688,158.58999633789062,30.209999084472656,271.2699890136719,155.61972045898438,146.96432495117188,8.34000015258789,31.88448715209961,473.94000244140625,107.5199966430664,43.88999938964844,29.703508377075195,37.630001068115234,82.30500030517578,141.21011352539062,92.25,82.52999877929688,111.55008697509766,505.20001220703125,200.5301971435547,39.62425994873047,65.07910919189453,192.91000366210938,17.658180236816406
2021-11-05,64.22000122070312,102.57978057861328,56.710636138916016,36.02333450317383,68.35749816894531,153.72999572753906,31.329999923706055,260.1199951171875,179.93807983398438,147.543701171875,8.329999923706055,32.08734130859375,467.9100036621094,123.80000305175781,45.814998626708984,29.654678344726562,39.189998626708984,82.29666900634766,142.6625213623047,95.7300033569336,77.98999786376953,113.50426483154297,502.7099914550781,203.57435607910156,39.967254638671875,66.44153594970703,187.1999969482422,18.843978881835938
2021-11-08,64.30000305175781,103.39800262451172,56.25344467163086,34.650001525878906,70.73249816894531,155.35000610351562,30.959999084472656,260.8599853515625,186.12135314941406,147.7211456298828,8.449999809265137,31.540498733520508,466.1400146484375,117.13999938964844,45.415000915527344,30.703237533569336,38.2400016784668,86.21666717529297,139.59439086914062,95.91000366210938,77.0,112.52717590332031,491.6400146484375,202.74246215820312,39.521366119384766,65.21908569335938,185.13999938964844,18.145362854003906
2021-11-09,64.16000366210938,103.72468566894531,56.094825744628906,33.836666107177734,73.29499816894531,146.72999572753906,31.020000457763672,258.6700134277344,185.6966552734375,147.60960388183594,8.279999732971191,31.558135986328125,470.239990234375,116.61000061035156,45.880001068115234,30.556713104248047,37.849998474121094,85.38666534423828,140.52259826660156,94.51000213623047,109.5199966430664,113.14378356933594,484.9700012207031,202.614501953125,39.17837905883789,65.26591491699219,186.80999755859375,17.777685165405273
2021-11-10,64.16999816894531,100.65311431884766,56.094825744628906,31.296667098999023,70.38999938964844,148.05999755859375,30.780000686645508,248.5800018310547,183.39520263671875,144.61119079589844,8.020000457763672,31.637521743774414,457.3599853515625,115.01000213623047,45.9900016784668,29.362628936767578,37.189998626708984,83.19833374023438,140.9781036376953,91.4000015258789,95.26000213623047,112.57459259033203,470.4599914550781,203.25442504882812,39.478485107421875,64.59151458740234,182.75,17.86960220336914
2021-11-11,63.939998626708984,97.09900665283203,55.9921875,32.56999969482422,70.2300033569336,151.50999450683594,31.239999771118164,253.33999633789062,180.34304809570312,144.4853057861328,7.699999809265137,31.41701889038086,453.0,114.26000213623047,46.1349983215332,30.290586471557617,37.0099983215332,84.64666748046875,139.81787109375,90.41000366210938,98.12000274658203,109.53894805908203,468.32000732421875,205.45753479003906,40.59321975708008,63.89839553833008,185.7100067138672,18.01667594909668
2021-11-12,64.7300033569336,96.02619934082031,55.60031509399414,27.78333282470703,71.07499694824219,155.02000427246094,31.360000610351562,272.1499938964844,176.718017578125,147.3712158203125,7.400000095367432,31.46112060546875,452.5899963378906,112.31999969482422,46.029998779296875,30.290586471557617,37.20000076293945,85.86333465576172,139.7834930419922,92.27999877929688,107.58000183105469,109.5674057006836,479.6499938964844,206.97503662109375,40.81617736816406,64.44166564941406,187.8300018310547,18.06263542175293
2021-11-15,64.91000366210938,94.19940948486328,55.9921875,25.92333221435547,63.537498474121094,140.47999572753906,31.6299991607666,272.7200012207031,175.43394470214844,147.14720153808594,8.170000076293945,31.49639892578125,461.9599914550781,115.94000244140625,46.5,29.926776885986328,36.43000030517578,86.34333038330078,140.7718048095703,92.2699966430664,108.05999755859375,109.52000427246094,472.989990234375,209.17819213867188,42.19670867919922,64.92872619628906,177.60000610351562,18.807205200195312
2021-11-16,65.1500015258789,93.23272705078125,55.964195251464844,26.50666618347168,65.62750244140625,138.92999267578125,32.369998931884766,286.75,173.33995056152344,146.57627868652344,8.1899995803833,31.381736755371094,477.9100036621094,115.70999908447266,46.165000915527344,30.10420036315918,45.61000061035156,87.52333068847656,140.3507080078125,92.0,116.18000030517578,109.11209106445312,485.92999267578125,211.2898712158203,41.35638427734375,65.09732055664062,179.69000244140625,18.788822174072266
2021-11-17,65.20999908447266,92.68634033203125,55.49767303466797,25.67333221435547,67.44499969482422,141.27999877929688,32.70000076293945,282.32000732421875,175.4141845703125,146.74575805664062,8.119999885559082,31.46993637084961,465.8399963378906,115.0999984741211,45.70000076293945,29.1652774810791,51.45000076293945,85.62666320800781,140.4022674560547,91.80000305175781,124.69999694824219,110.53504180908203,483.239990234375,213.9318084716797,40.919063568115234,68.89077758789062,177.0399932861328,18.568208694458008
2021-11-18,64.62000274658203,93.06236267089844,55.45102310180664,25.666667938232422,66.18000030517578,135.0399932861328,32.41999816894531,290.2699890136719,174.41656494140625,148.5215301513672,7.409999847412109,31.372913360595703,473.239990234375,112.95999908447266,44.69499969482422,31.57138442993164,45.0,86.66500091552734,140.44525146484375,91.02999877929688,126.12000274658203,113.38094329833984,472.20001220703125,216.66513061523438,39.89009094238281,68.46927642822266,174.0,18.522245407104492
2021-11-19,61.91999816894531,91.6527099609375,54.62061309814453,24.280000686645508,64.40750122070312,135.9600067138672,32.439998626708984,294.3800048828125,173.0139617919922,147.6175537109375,7.309999942779541,31.011293411254883,473.0,112.54000091552734,44.650001525878906,32.877098083496094,44.939998626708984,88.38999938964844,140.78041076660156,90.04000091552734,134.72000122070312,106.98712921142578,464.75,215.19334411621094,39.36701583862305,66.5210189819336,170.5,18.43031883239746
2021-11-22,61.689998626708984,89.97395324707031,54.583290100097656,24.479999542236328,59.90999984741211,133.1699981689453,32.040000915527344,279.239990234375,171.11749267578125,145.01612854003906,7.150000095367432,31.628705978393555,460.92999267578125,112.11000061035156,45.04499816894531,31.851465225219727,42.560001373291016,89.99333190917969,141.0725860595703,88.98999786376953,120.22000122070312,105.45983123779297,458.94000244140625,214.18775939941406,40.7047004699707,65.45323944091797,164.91000366210938,18.64175033569336
2021-11-23,60.86000061035156,91.69734954833984,54.95650863647461,23.866666793823242,57.64500045776367,135.82000732421875,32.0099983215332,279.5299987792969,175.78952026367188,144.5006866455078,6.699999809265137,31.672801971435547,458.760009765625,112.73999786376953,44.310001373291016,31.642154693603516,42.4900016784668,88.836669921875,142.01795959472656,89.79000091552734,114.87000274658203,109.50102996826172,460.2699890136719,216.71083068847656,40.92762756347656,66.45545196533203,165.1300048828125,18.954282760620117
2021-11-24,61.25,90.991943359375,54.7698974609375,24.43000030517578,57.692501068115234,119.80999755859375,31.780000686645508,296.9100036621094,174.37704467773438,144.83567810058594,6.849999904632568,31.41701889038086,457.8599853515625,112.61000061035156,44.54499816894531,32.56711959838867,45.709999084472656,91.62000274658203,140.7202606201172,90.45999908447266,124.2300033569336,109.57691192626953,464.3299865722656,212.54225158691406,40.52461242675781,66.9518814086914,164.30999755859375,18.954282760620117
2021-11-26,57.810001373291016,84.428955078125,54.35002517700195,23.793333053588867,58.15999984741211,122.58000183105469,31.06999969482422,291.3800048828125,157.8421630859375,140.93333435058594,6.880000114440918,30.8525390625,456.5799865722656,103.52999877929688,43.525001525878906,31.399944305419922,43.11000061035156,88.87333679199219,138.48574829101562,84.5,122.6500015258789,104.35942840576172,454.6400146484375,209.63525390625,39.1011962890625,64.96617889404297,169.66000366210938,18.53143882751465
2021-11-29,56.599998474121094,85.46495056152344,53.51961135864258,23.593332290649414,56.14250183105469,119.37000274658203,30.920000076293945,281.4800109863281,164.46005249023438,144.25137329101562,6.800000190734863,31.020116806030273,463.260009765625,107.8499984741211,43.42499923706055,33.26682662963867,42.25,91.86333465576172,141.0640106201172,85.0199966430664,129.36000061035156,105.92466735839844,442.3699951171875,207.48695373535156,38.86968231201172,66.19318389892578,169.60000610351562,18.46709442138672
2021-11-30,56.16999816894531,82.32523345947266,51.989418029785156,22.803333282470703,54.28499984741211,110.19000244140625,30.1200008392334,274.5799865722656,159.1163330078125,140.6503448486328,6.550000190734863,29.979354858398438,454.4100036621094,106.6500015258789,41.88999938964844,32.569114685058594,40.15999984741211,91.15666961669922,137.31695556640625,81.69000244140625,126.0999984741211,103.48664855957031,451.1700134277344,205.9877471923828,38.10651779174805,65.00364685058594,165.8800048828125,18.274059295654297
2021-12-01,53.7599983215332,80.96061706542969,51.24298095703125,20.969999313354492,50.375,104.19000244140625,29.59000015258789,259.2799987792969,153.75286865234375,139.811767578125,6.150000095367432,29.600088119506836,448.42999267578125,102.83000183105469,40.529998779296875,31.336002349853516,39.04999923706055,88.02666473388672,137.6435089111328,78.70999908447266,113.41000366210938,99.48343658447266,438.30999755859375,204.0314178466797,37.712074279785156,63.70170211791992,160.35000610351562,18.889936447143555
2021-12-02,57.2400016784668,85.07012939453125,52.6238899230957,21.84000015258789,52.337501525878906,109.70999908447266,30.850000381469727,249.55999755859375,159.3040008544922,141.7094268798828,6.03000020980835,30.12929344177246,450.67999267578125,106.30999755859375,41.47999954223633,32.02482604980469,38.75,89.21666717529297,138.9716339111328,82.13999938964844,116.91999816894531,104.88115692138672,460.8500061035156,205.9237518310547,39.215721130371094,65.79979705810547,161.3800048828125,19.266815185546875
2021-12-03,56.189998626708984,82.81835174560547,52.67987060546875,21.016666412353516,49.26250076293945,109.05999755859375,30.149999618530273,231.3300018310547,153.67385864257812,140.75340270996094,5.880000114440918,30.402711868286133,435.7200012207031,100.93000030517578,41.849998474121094,30.596343994140625,36.79999923706055,86.80999755859375,142.5103759765625,80.5999984741211,113.79000091552734,104.5301742553711,460.3999938964844,206.77392578125,39.53546142578125,66.2119369506836,165.77999877929688,19.037006378173828
2021-12-06,56.91999816894531,87.23808288574219,54.64860153198242,21.59666633605957,48.6775016784668,101.56999969482422,30.389999389648438,224.89999389648438,164.03533935546875,141.8967742919922,6.019999980926514,30.69378089904785,423.5400085449219,107.11000061035156,42.85499954223633,29.942407608032227,40.150001525878906,83.53666687011719,143.98992919921875,84.45999908447266,113.25,107.1694564819336,492.260009765625,211.05218505859375,40.4774055480957,68.03839874267578,164.39999389648438,19.230045318603516
2021-12-07,59.02000045776367,87.93329620361328,54.52730941772461,22.860000610351562,51.08000183105469,109.97000122070312,31.049999237060547,237.4499969482422,164.52919006347656,145.97511291503906,6.389999866485596,30.80843734741211,434.95001220703125,108.62999725341797,44.185001373291016,32.32487869262695,42.38999938964844,87.23833465576172,143.8255157470703,86.08999633789062,115.98999786376953,107.56891632080078,497.05999755859375,213.75814819335938,40.347774505615234,69.42464447021484,167.2899932861328,19.239234924316406
2021-12-08,59.45000076293945,90.3683853149414,53.96748352050781,23.953332901000977,52.29499816894531,108.58000183105469,31.770000457763672,246.0,170.2778778076172,146.884033203125,6.550000190734863,30.702594757080078,426.0,110.4800033569336,44.46500015258789,31.72577667236328,41.810001373291016,88.4383316040039,144.07644653320312,89.12999725341797,124.77999877929688,107.59745025634766,503.4200134277344,214.53515625,39.846553802490234,69.63072204589844,170.5500030517578,19.496618270874023
2021-12-09,58.209999084472656,88.81771850585938,53.55693817138672,22.376667022705078,50.317501068115234,99.45999908447266,31.280000686645508,234.39999389648438,167.6702423095703,146.34088134765625,6.269999980926514,30.50855255126953,416.9200134277344,110.7300033569336,44.150001525878906,30.393980026245117,39.40999984741211,87.92166900634766,143.89476013183594,87.81999969482422,116.30000305175781,107.02680206298828,508.04998779296875,213.4564208984375,39.379913330078125,69.33097076416016,166.3800048828125,19.202470779418945
2021-12-10,58.70000076293945,87.5937271118164,54.04212188720703,22.09666633605957,49.650001525878906,95.69000244140625,31.399999618530273,225.27999877929688,164.904541015625,146.70066833496094,6.099999904632568,31.152421951293945,409.5799865722656,111.87000274658203,44.775001525878906,30.102901458740234,38.279998779296875,88.64167022705078,146.19625854492188,87.91000366210938,115.88999938964844,107.34065246582031,511.04998779296875,215.12020874023438,39.950260162353516,69.99600982666016,165.60000610351562,19.321969985961914
2021-12-13,57.970001220703125,84.1919937133789,53.79952621459961,21.1299991607666,49.66999816894531,97.08000183105469,30.1200008392334,219.72000122070312,159.02745056152344,144.54478454589844,5.889999866485596,31.1347713470459,403.75,108.5999984741211,44.88999938964844,28.072317123413086,36.02000045776367,89.15333557128906,146.9230194091797,85.43000030517578,111.7699966430664,104.31616973876953,532.27001953125,216.99424743652344,39.76879119873047,68.49736022949219,166.25999450683594,19.055395126342773
2021-12-14,56.849998474121094,83.22923278808594,53.976806640625,20.920000076293945,49.6775016784668,100.56999969482422,30.780000686645508,217.66000366210938,156.32101440429688,142.6421661376953,5.5,30.92310905456543,395.0899963378906,108.19000244140625,45.185001373291016,28.24776268005371,36.560001373291016,85.41666412353516,146.5596160888672,86.0999984741211,107.66999816894531,104.24006652832031,518.5,216.48228454589844,39.639163970947266,68.31940460205078,167.6300048828125,19.092166900634766
2021-12-15,57.939998626708984,83.44270324707031,54.079437255859375,21.643333435058594,52.6775016784668,101.69999694824219,31.239999771118164,229.1300048828125,155.69874572753906,145.1538848876953,6.349999904632568,31.4434871673584,402.4800109863281,106.41999816894531,45.60499954223633,30.363073348999023,37.20000076293945,90.04833221435547,148.44581604003906,83.69999694824219,97.94999694824219,103.49821472167969,524.9299926757812,220.34918212890625,38.818199157714844,68.43179321289062,171.14999389648438,19.166236877441406
2021-12-16,56.25,84.795166015625,55.423030853271484,21.23666763305664,50.06999969482422,102.91999816894531,30.440000534057617,218.2899932861328,152.5379180908203,143.17543029785156,6.130000114440918,31.487579345703125,390.6199951171875,101.4000015258789,45.810001373291016,28.297605514526367,36.119998931884766,87.28500366210938,148.6621856689453,81.0999984741211,95.20999908447266,103.92621612548828,510.8299865722656,220.87030029296875,38.8873405456543,68.81582641601562,172.74000549316406,19.37919044494629
2021-12-17,57.91999816894531,86.57926177978516,55.78692626953125,22.666667938232422,51.275001525878906,104.54000091552734,30.290000915527344,221.60000610351562,157.35813903808594,140.4793701171875,6.440000057220459,31.46993637084961,384.6600036621094,105.13999938964844,45.810001373291016,27.713449478149414,36.20000076293945,88.3566665649414,145.61654663085938,82.12999725341797,102.4000015258789,102.78490447998047,531.7999877929688,221.45535278320312,38.662662506103516,69.33097076416016,175.74000549316406,19.656965255737305
2021-12-20,56.41999816894531,86.51229858398438,54.68592071533203,21.97333335876465,51.5724983215332,103.0,30.079999923706055,218.47999572753906,160.43994140625,140.3623809814453,6.190000057220459,31.29353141784668,370.57000732421875,106.87000274658203,45.81999969482422,27.631704330444336,35.2599983215332,88.26499938964844,146.58560180664062,81.41999816894531,98.69000244140625,100.6829833984375,537.8400268554688,218.89566040039062,37.48740005493164,67.88854217529297,178.35000610351562,19.527339935302734
2021-12-21,58.13999938964844,92.66166687011719,56.001522064208984,23.44333267211914,52.57749938964844,106.19999694824219,30.760000228881836,224.77999877929688,175.09812927246094,142.2114715576172,6.440000057220459,31.152421951293945,383.30999755859375,114.22000122070312,46.39500045776367,28.98343849182129,37.58000183105469,89.6050033569336,146.1529541015625,86.19000244140625,102.58999633789062,103.24144744873047,527.8699951171875,220.6051788330078,38.48982238769531,69.42464447021484,179.44000244140625,20.19399070739746
2021-12-22,58.7599983215332,93.42271423339844,56.34675216674805,23.6299991607666,51.900001525878906,105.02999877929688,31.190000534057617,225.10000610351562,180.1849822998047,145.12811279296875,6.480000019073486,31.637521743774414,388.7900085449219,116.91999816894531,46.7400016784668,29.307415008544922,37.66999816894531,92.45999908447266,147.0614776611328,89.30999755859375,102.7699966430664,103.69795989990234,521.8699951171875,222.33291625976562,38.5935173034668,69.31227111816406,177.6199951171875,20.675458908081055
2021-12-23,59.119998931884766,94.09130096435547,56.7013053894043,24.866666793823242,52.880001068115234,108.95999908447266,31.6200008392334,228.08999633789062,181.52835083007812,145.6251983642578,6.650000095367432,31.69925880432129,391.55999755859375,118.54000091552734,46.91999816894531,29.54665756225586,38.61000061035156,93.62999725341797,146.89710998535156,90.97000122070312,101.81999969482422,104.77271270751953,524.8699951171875,223.09169006347656,39.39720153808594,69.07807922363281,177.9600067138672,20.397689819335938
2021-12-27,59.22999954223633,93.78813934326172,56.62665939331055,25.03333282470703,52.40999984741211,110.25,32.13999938964844,229.6699981689453,180.01710510253906,146.6065216064453,6.590000152587891,31.84920310974121,400.75,120.19000244140625,47.400001525878906,30.847551345825195,36.52000045776367,94.72333526611328,148.3592987060547,91.9800033569336,105.01000213623047,106.87460327148438,512.2100219726562,225.61473083496094,39.474979400634766,69.58387756347656,179.55999755859375,20.545835494995117
2021-12-28,60.04999923706055,93.49047088623047,56.2254524230957,24.516666412353516,51.807498931884766,108.11000061035156,32.040000915527344,221.72999572753906,178.58485412597656,145.397705078125,6.420000076293945,32.07853317260742,400.07000732421875,120.08999633789062,47.349998474121094,30.226511001586914,35.439998626708984,94.11833190917969,149.12936401367188,91.31999969482422,98.73999786376953,106.67488861083984,503.2300109863281,227.61676025390625,39.5527458190918,70.03346252441406,179.38999938964844,20.416202545166016
2021-12-29,59.7599983215332,93.40312194824219,56.2254524230957,24.3700008392334,51.717498779296875,102.37999725341797,32.380001068115234,221.91000366210938,178.75279235839844,145.36598205566406,6.079999923706055,32.26374435424805,401.0,119.83000183105469,47.89500045776367,29.90652084350586,37.029998779296875,93.93333435058594,149.6571502685547,90.86000061035156,97.33999633789062,107.7686538696289,501.9700012207031,228.33895874023438,39.70829772949219,70.67974853515625,180.3000030517578,20.249542236328125
2021-12-30,60.130001068115234,93.84337615966797,56.496036529541016,24.50666618347168,52.23749923706055,110.58000183105469,32.619998931884766,222.00999450683594,179.24664306640625,144.91549682617188,6.380000114440918,32.35194396972656,398.69000244140625,119.70999908447266,47.69499969482422,29.49283218383789,38.06999969482422,93.56999969482422,149.39756774902344,91.33000183105469,100.52999877929688,108.68169403076172,514.6799926757812,227.98243713378906,39.66508483886719,70.74532318115234,180.8300018310547,20.731014251708984
2021-12-31,60.70000076293945,93.97301483154297,56.496036529541016,24.856666564941406,51.1875,106.11000061035156,33.209999084472656,218.94000244140625,178.50582885742188,143.578857421875,6.550000190734863,32.51070785522461,391.45001220703125,119.69000244140625,48.02000045776367,29.318374633789062,37.810001373291016,92.7933349609375,150.29739379882812,90.58000183105469,103.16000366210938,108.69121551513672,505.1000061035156,229.42681884765625,40.0539665222168,71.11060333251953,177.72000122070312,21.082857131958008
2022-01-03,60.279998779296875,96.40887451171875,59.10856628417969,25.030000686645508,49.58250045776367,105.06999969482422,33.16999816894531,209.92999267578125,182.70376586914062,143.71713256835938,6.75,32.37839889526367,387.55999755859375,121.13999938964844,48.27000045776367,30.026151657104492,38.68000030517578,90.70166778564453,149.66578674316406,92.04000091552734,98.80999755859375,107.6259765625,520.2000122070312,231.1180419921875,40.918113708496094,70.76406860351562,178.61000061035156,21.05508041381836
2022-01-04,60.34000015258789,96.54634857177734,58.93128967285156,23.0,47.29750061035156,105.86000061035156,32.5099983215332,200.99000549316406,183.09886169433594,143.13034057617188,6.5,32.86349868774414,380.82000732421875,120.72000122070312,48.869998931884766,29.19776153564453,36.439998626708984,87.33333587646484,149.882080078125,94.58999633789062,95.1500015258789,107.6259765625,508.1700134277344,232.74520874023438,42.2575798034668,71.85994720458984,181.89999389648438,20.85138511657715
2022-01-05,58.869998931884766,94.52410125732422,58.446109771728516,21.22333335876465,44.8224983215332,97.48999786376953,31.56999969482422,188.35000610351562,179.0787353515625,136.56405639648438,5.880000114440918,32.8262825012207,362.4800109863281,117.47000122070312,48.025001525878906,27.51706886291504,32.86000061035156,84.1433334350586,150.39254760742188,90.79000091552734,88.54000091552734,104.29717254638672,502.2200012207031,231.61166381835938,42.698307037353516,70.3800277709961,171.85000610351562,20.47176170349121
2022-01-06,57.900001525878906,95.17704010009766,57.97024917602539,20.50666618347168,46.872501373291016,100.97000122070312,31.469999313354492,196.9499969482422,175.40431213378906,136.53677368164062,5.730000019073486,33.18087387084961,368.7699890136719,119.33999633789062,47.7599983215332,28.08926010131836,33.36000061035156,88.8183364868164,150.42715454101562,90.56999969482422,89.19999694824219,104.08789825439453,499.3299865722656,223.7772979736328,43.018043518066406,70.68913269042969,164.61000061035156,20.66620445251465
2022-01-07,56.36000061035156,95.35759735107422,58.7166862487793,18.200000762939453,47.247501373291016,102.19000244140625,31.06999969482422,185.14999389648438,177.7057647705078,135.81271362304688,5.739999771118164,33.06562042236328,355.2099914550781,115.86000061035156,47.029998779296875,27.16119384765625,33.0,87.5816650390625,150.6174774169922,91.26000213623047,84.37000274658203,99.85553741455078,516.8800048828125,225.0479736328125,43.76121520996094,69.66818237304688,164.60000610351562,21.027301788330078
2022-01-10,55.61000061035156,95.03721618652344,60.274879455566406,16.56999969482422,48.125,102.23999786376953,30.350000381469727,183.7100067138672,178.35768127441406,137.45066833496094,5.579999923706055,33.07448959350586,348.42999267578125,115.31999969482422,46.3650016784668,27.31371307373047,31.469999313354492,87.10166931152344,150.6953582763672,88.58000183105469,85.5199966430664,98.07697296142578,510.2699890136719,225.87074279785156,42.5946044921875,67.89790344238281,142.99000549316406,20.79582405090332
2022-01-11,57.34000015258789,96.72221374511719,60.46149444580078,18.10333251953125,49.02750015258789,104.30999755859375,30.420000076293945,182.80999755859375,180.23439025878906,138.50779724121094,5.769999980926514,33.535457611083984,346.75,116.0,47.290000915527344,27.72939682006836,32.119998931884766,87.67500305175781,150.62615966796875,93.12000274658203,89.04000091552734,101.7006607055664,504.5799865722656,230.99916076660156,42.56003189086914,69.50895690917969,148.4199981689453,20.84212303161621
2022-01-12,55.61000061035156,95.41712951660156,60.05094909667969,17.373332977294922,46.99250030517578,103.0199966430664,30.540000915527344,178.05999755859375,179.0293426513672,140.18743896484375,5.579999923706055,33.695030212402344,352.7200012207031,114.0,46.9900016784668,27.910825729370117,30.68000030517578,88.66999816894531,150.4617462158203,92.62000274658203,89.05999755859375,100.28351593017578,485.0,226.8214569091797,41.981040954589844,68.75961303710938,156.05999755859375,21.23100471496582
2022-01-13,56.97999954223633,96.31331634521484,61.898380279541016,16.746667861938477,43.724998474121094,91.83000183105469,30.15999984741211,166.8000030517578,182.7926788330078,137.36891174316406,5.25,34.0850715637207,336.2699890136719,113.87000274658203,47.185001373291016,26.491313934326172,29.450000762939453,83.0999984741211,150.70401000976562,89.62000274658203,80.18000030517578,99.60823822021484,488.9800109863281,225.8249969482422,43.45011901855469,68.01029205322266,154.8300018310547,20.934715270996094
2022-01-14,57.630001068115234,95.99877166748047,63.2606315612793,16.446666717529297,44.17499923706055,92.62999725341797,29.700000762939453,163.6999969482422,182.14076232910156,138.2545623779297,5.289999961853027,34.82084655761719,328.9800109863281,114.80999755859375,44.95500183105469,26.857152938842773,28.030000686645508,83.18499755859375,151.96725463867188,86.77999877929688,79.05000305175781,97.26854705810547,449.3299865722656,227.29681396484375,44.6685905456543,66.67089080810547,152.5800018310547,20.916194915771484
2022-01-18,54.5099983215332,93.38471221923828,62.39289855957031,15.84000015258789,43.212501525878906,86.30000305175781,28.100000381469727,163.49000549316406,175.3845672607422,134.80267333984375,4.980000019073486,33.81913757324219,332.5299987792969,115.20999908447266,43.349998474121094,25.82142448425293,27.3700008392334,83.72833251953125,150.51368713378906,84.41999816894531,77.20999908447266,94.35820770263672,444.7300109863281,222.5431671142578,44.6340217590332,64.54469299316406,154.0399932861328,20.77730941772461
2022-01-19,53.79999923706055,93.10582733154297,61.48784255981445,15.029999732971191,43.9275016784668,87.69999694824219,27.56999969482422,163.13999938964844,174.29803466796875,133.92892456054688,4.849999904632568,34.02302169799805,330.95001220703125,113.27999877929688,43.3650016784668,24.988056182861328,26.829999923706055,86.60166931152344,151.59521484375,82.36000061035156,76.16000366210938,94.18698120117188,456.1600036621094,221.96725463867188,43.41554641723633,64.17002868652344,163.36000061035156,20.814342498779297
2022-01-20,53.29999923706055,95.32079315185547,61.19858932495117,14.55666732788086,43.47249984741211,89.93000030517578,27.329999923706055,159.2899932861328,175.3252716064453,132.13580322265625,4.820000171661377,33.78367614746094,322.5299987792969,112.44000244140625,43.185001373291016,24.073945999145508,26.260000228881836,86.61166381835938,150.49642944335938,83.05999755859375,75.38999938964844,92.66525268554688,453.760009765625,222.50657653808594,42.663734436035156,63.06480407714844,164.4600067138672,20.11991310119629
2022-01-21,53.040000915527344,91.88261413574219,60.76939392089844,14.640000343322754,41.182498931884766,85.70999908447266,27.09000015258789,148.85000610351562,172.28302001953125,129.205810546875,4.789999961853027,33.535457611083984,313.0199890136719,109.73999786376953,42.810001373291016,23.300392150878906,25.75,80.6050033569336,150.7386474609375,83.8499984741211,68.93000030517578,90.7630615234375,443.44000244140625,220.32176208496094,42.01560974121094,63.186553955078125,164.75999450683594,20.110658645629883
2022-01-24,54.790000915527344,92.0298843383789,60.340187072753906,15.65999984741211,41.817501068115234,89.0,27.959999084472656,154.05999755859375,169.25064086914062,129.65432739257812,4.630000114440918,33.83686065673828,321.6199951171875,108.81999969482422,44.06999969482422,23.29839515686035,26.600000381469727,84.03500366210938,149.96859741210938,85.30000305175781,70.73999786376953,93.44515228271484,451.239990234375,219.45333862304688,43.08717727661133,64.68517303466797,164.99000549316406,20.33287239074707
2022-01-25,53.15999984741211,91.22303771972656,60.349525451660156,14.723333358764648,39.647499084472656,89.51000213623047,27.65999984741211,145.1300048828125,172.06570434570312,125.81932067871094,4.639999866485596,33.757083892822266,308.8299865722656,106.12000274658203,43.165000915527344,22.253692626953125,25.43000030517578,79.24500274658203,148.24681091308594,82.75,65.29000091552734,91.8853530883789,435.57000732421875,216.17147827148438,43.39826583862305,64.32925415039062,158.38999938964844,20.06436538696289
2022-01-26,52.63999938964844,92.85281372070312,59.32316970825195,14.123332977294922,40.23500061035156,91.87000274658203,27.420000076293945,141.3000030517578,174.93020629882812,128.09713745117188,4.46999979019165,33.16313552856445,302.760009765625,104.7300033569336,42.29499816894531,22.700286865234375,25.0,79.37333679199219,146.68077087402344,80.86000061035156,63.02000045776367,90.12580871582031,421.260009765625,214.21517944335938,41.80820846557617,64.72264862060547,157.9199981689453,19.934734344482422
2022-01-27,50.849998474121094,92.42274475097656,59.51911163330078,13.49666690826416,39.95249938964844,86.87999725341797,27.6299991607666,139.5399932861328,169.13209533691406,127.87113952636719,4.190000057220459,33.33156967163086,306.5199890136719,101.63999938964844,41.584999084472656,21.874897003173828,24.219999313354492,80.87000274658203,146.5423126220703,81.2300033569336,57.060001373291016,90.23045349121094,415.3399963378906,214.61741638183594,41.61809158325195,65.209716796875,157.25,19.731037139892578
2022-01-28,52.310001373291016,94.51000213623047,58.67003631591797,15.016667366027832,42.224998474121094,91.83000183105469,28.110000610351562,145.9499969482422,172.2237548828125,132.17893981933594,4.320000171661377,33.36702346801758,315.9100036621094,105.2699966430664,42.654998779296875,22.768068313598633,24.399999618530273,82.69499969482422,149.39756774902344,84.63999938964844,58.18000030517578,91.08644104003906,426.1600036621094,215.78753662109375,41.66129684448242,66.85820770263672,158.74000549316406,20.06436538696289
2022-01-31,52.650001525878906,96.20166778564453,58.84731674194336,15.90999984741211,45.15999984741211,100.01000213623047,29.559999465942383,157.0800018310547,181.04432678222656,134.11427307128906,4.880000114440918,33.641841888427734,333.760009765625,109.51000213623047,43.36000061035156,24.40888786315918,26.3700008392334,86.23332977294922,150.13294982910156,88.63999938964844,65.86000061035156,92.96959686279297,420.8299865722656,217.3415985107422,41.18601608276367,67.41084289550781,163.33999633789062,20.19399070739746
2022-02-01,53.040000915527344,96.57415771484375,59.407142639160156,16.72333335876465,45.537498474121094,99.8499984741211,29.780000686645508,152.16000366210938,185.75592041015625,136.43418884277344,4.889999866485596,33.810272216796875,344.9100036621094,111.08999633789062,43.23500061035156,24.560413360595703,28.3799991607666,85.47666931152344,149.11203002929688,89.23999786376953,67.75,93.720947265625,425.07000732421875,215.43099975585938,41.68722915649414,68.18824768066406,160.25,20.045846939086914
2022-02-02,53.5,95.60826873779297,59.58442306518555,16.649999618530273,44.2599983215332,93.81999969482422,29.56999969482422,138.0399932861328,183.0593719482422,146.69918823242188,4.730000019073486,34.368743896484375,349.19000244140625,109.44999694824219,43.60499954223633,25.162508010864258,28.690000534057617,84.9000015258789,151.8201446533203,88.44000244140625,66.16999816894531,92.57012939453125,414.94000244140625,219.80072021484375,41.92054748535156,67.46702575683594,165.0500030517578,20.592130661010742
2022-02-03,52.529998779296875,95.47274780273438,57.61569595336914,15.66333293914795,42.657501220703125,84.52999877929688,28.520000457763672,126.95999908447266,181.40980529785156,141.83233642578125,4.429999828338623,34.35102081298828,330.3500061035156,105.83999633789062,43.040000915527344,23.872581481933594,26.950000762939453,82.0683364868164,151.73367309570312,85.55999755859375,60.66999816894531,89.76441192626953,408.6600036621094,217.4421844482422,42.188438415527344,65.38766479492188,163.02000427246094,20.231027603149414
2022-02-04,52.13999938964844,95.68466186523438,57.05586624145508,16.30666732788086,44.3025016784668,91.4800033569336,28.540000915527344,133.6699981689453,183.0395965576172,142.03355407714844,4.440000057220459,33.89891815185547,336.3699951171875,108.36000061035156,42.14500045776367,24.242412567138672,27.780000686645508,85.91666412353516,149.24183654785156,86.91999816894531,63.7400016784668,89.55516815185547,419.0400085449219,216.95770263671875,41.22921371459961,64.79757690429688,175.0,20.212507247924805
2022-02-07,50.61000061035156,97.25607299804688,57.37310028076172,16.65999984741211,44.709999084472656,94.23999786376953,28.190000534057617,135.66000366210938,185.0546112060547,137.97750854492188,4.659999847412109,34.19145965576172,332.20001220703125,111.0199966430664,42.27000045776367,24.650121688842773,28.5,85.163330078125,148.65347290039062,88.38999938964844,63.060001373291016,88.78477478027344,424.9700012207031,217.22276306152344,40.99589157104492,64.95681762695312,175.10000610351562,20.351390838623047
2022-02-08,51.70000076293945,99.5407485961914,57.91426467895508,17.850000381469727,44.724998474121094,98.27999877929688,28.40999984741211,141.22999572753906,191.52435302734375,138.1737823486328,4.659999847412109,34.439666748046875,334.3999938964844,116.58999633789062,42.36000061035156,25.028926849365234,29.440000534057617,85.54166412353516,148.83518981933594,93.36000061035156,64.43000030517578,90.81060791015625,443.2300109863281,219.09361267089844,41.82550048828125,65.97777557373047,172.1999969482422,20.619905471801758
2022-02-09,53.380001068115234,102.8935317993164,57.71833038330078,19.163333892822266,46.724998474121094,101.54000091552734,28.81999969482422,146.61000061035156,194.53700256347656,140.34750366210938,4.949999809265137,34.28896713256836,339.6400146484375,118.0199966430664,43.14500045776367,26.62090301513672,30.25,89.0816650390625,148.76589965820312,93.72000122070312,70.4800033569336,92.65573120117188,444.6099853515625,220.75357055664062,42.4304084777832,67.19052124023438,172.33999633789062,20.823604583740234
2022-02-10,52.90999984741211,102.94835662841797,59.416473388671875,19.200000762939453,46.970001220703125,96.41000366210938,27.84000015258789,143.02999877929688,195.10000610351562,137.40164184570312,4.909999847412109,33.93437194824219,334.3500061035156,118.93000030517578,41.915000915527344,25.742671966552734,29.3700008392334,87.95833587646484,145.6770782470703,94.76000213623047,69.91999816894531,91.84730529785156,439.55999755859375,217.6262969970703,42.54274368286133,66.41022491455078,173.14999389648438,20.44398307800293
2022-02-11,51.79999923706055,99.09540557861328,58.38079071044922,18.950000762939453,45.46500015258789,94.0,27.059999465942383,141.77000427246094,189.76614379882812,133.1022491455078,4.71999979019165,33.712745666503906,316.7200012207031,115.75,41.400001525878906,23.873573303222656,27.450000762939453,85.0250015258789,145.85879516601562,92.2699966430664,66.80999755859375,89.65978240966797,432.5199890136719,216.37905883789062,43.02667999267578,64.58638000488281,171.47999572753906,20.19399070739746
2022-02-14,52.40999984741211,99.7083740234375,57.6623420715332,19.190000534057617,45.150001525878906,95.16000366210938,26.93000030517578,142.64999389648438,194.75428771972656,134.33480834960938,4.550000190734863,33.774810791015625,313.6400146484375,115.2699966430664,41.28499984741211,24.190580368041992,27.06999969482422,86.836669921875,144.23219299316406,92.12999725341797,68.31999969482422,89.65978240966797,422.3800048828125,214.4623260498047,42.698307037353516,63.91889953613281,167.07000732421875,19.999553680419922
2022-02-15,54.66999816894531,103.21392822265625,58.39945602416992,20.703332901000977,47.32500076293945,101.66999816894531,27.329999923706055,148.24000549316406,209.33346557617188,135.40780639648438,4.869999885559082,33.624114990234375,318.1499938964844,119.75,41.38999938964844,26.411563873291016,27.75,87.73332977294922,143.59193420410156,95.5199966430664,73.30000305175781,91.48590087890625,422.44000244140625,201.3478546142578,42.79335403442383,64.76500701904297,168.92999267578125,20.175466537475586
2022-02-16,54.84000015258789,105.88125610351562,59.920318603515625,19.97333335876465,45.81999969482422,93.62999725341797,27.510000228881836,140.41000366210938,211.1805419921875,136.52737426757812,4.789999961853027,33.61524200439453,320.0400085449219,120.25,41.61000061035156,26.427509307861328,28.31999969482422,87.73500061035156,143.8861083984375,95.81999969482422,53.869998931884766,91.01986694335938,408.1199951171875,202.59512329101562,42.724220275878906,63.08219909667969,166.08999633789062,20.110658645629883
2022-02-17,53.810001373291016,102.77484893798828,58.93128967285156,18.790000915527344,42.462501525878906,93.0,26.6200008392334,132.1699981689453,206.74557495117188,131.37405395507812,4.46999979019165,33.61524200439453,310.0299987792969,116.4800033569336,41.06999969482422,24.42982292175293,26.540000915527344,83.19000244140625,144.27542114257812,92.87000274658203,54.4900016784668,87.26302337646484,397.1600036621094,200.72430419921875,42.12794876098633,61.26776123046875,162.1300048828125,19.89769744873047
2022-02-18,52.93000030517578,102.47953033447266,58.82865524291992,17.209999084472656,41.23249816894531,91.0,26.639999389648438,127.30000305175781,206.60728454589844,129.2568359375,4.400000095367432,34.11167907714844,308.6600036621094,117.44000244140625,40.6349983215332,23.567546844482422,25.030000686645508,80.36166381835938,145.10604858398438,92.6500015258789,49.720001220703125,88.89889526367188,378.260009765625,197.9546356201172,42.343990325927734,62.189083099365234,158.5,19.86066246032715
2022-02-22,52.79999923706055,98.63361358642578,57.317115783691406,18.649999618530273,41.6775016784668,85.19000244140625,26.229999542236328,121.33999633789062,202.17227172851562,128.67254638671875,4.199999809265137,34.19145965576172,304.5799865722656,117.05000305175781,40.82500076293945,23.316335678100586,24.219999313354492,79.25166320800781,145.65985107421875,91.19999694824219,48.209999084472656,87.72906494140625,382.75,198.9542694091797,41.98968505859375,61.34297180175781,158.27999877929688,19.63844871520996
2022-02-23,52.529998779296875,96.73826599121094,58.45543670654297,18.520000457763672,40.45750045776367,84.25,25.799999237060547,116.51000213623047,196.19644165039062,126.46659851074219,4.75,33.739341735839844,295.239990234375,113.4000015258789,39.70500183105469,22.316499710083008,23.829999923706055,79.60166931152344,144.2235107421875,89.62000274658203,45.68000030517578,83.71542358398438,368.1499938964844,194.86404418945312,43.90812683105469,58.757633209228516,157.82000732421875,19.268083572387695
2022-02-24,53.400001525878906,89.89054107666016,57.88628387451172,20.293333053588867,45.720001220703125,85.76000213623047,25.959999084472656,128.16000366210938,191.36634826660156,131.52474975585938,5.010000228881836,32.48941421508789,310.3599853515625,124.38999938964844,40.17499923706055,23.6732120513916,24.6299991607666,89.98999786376953,141.71438598632812,89.25,50.099998474121094,86.20731353759766,374.6099853515625,197.18429565429688,42.706939697265625,60.816505432128906,163.3800048828125,20.073619842529297
2022-02-25,56.91999816894531,89.36019897460938,61.6278076171875,21.253332138061523,45.4375,87.95999908447266,26.59000015258789,148.94000244140625,197.48045349121094,133.2777099609375,5.300000190734863,33.95210266113281,317.5799865722656,126.04000091552734,42.28499984741211,24.080923080444336,24.010000228881836,94.95833587646484,145.68576049804688,86.0199966430664,50.04999923706055,88.19509887695312,380.5299987792969,199.04595947265625,45.731510162353516,62.781341552734375,165.27999877929688,20.27732276916504
2022-02-28,56.709999084472656,85.0826644897461,57.69033432006836,21.296667098999023,48.8025016784668,86.29000091552734,26.43000030517578,154.88999938964844,193.70729064941406,133.86996459960938,5.21999979019165,34.28010559082031,319.94000244140625,120.81999969482422,42.20000076293945,24.308202743530273,24.350000381469727,99.04166412353516,141.67115783691406,84.62999725341797,51.56999969482422,86.92063903808594,383.4599914550781,197.74368286132812,45.09202575683594,62.14206314086914,162.0,21.1291561126709
2022-03-01,60.63999938964844,81.15605926513672,55.08713912963867,20.933332443237305,49.40999984741211,83.33000183105469,25.81999969482422,157.52999877929688,185.54847717285156,132.8831787109375,5.050000190734863,33.8279914855957,315.17999267578125,116.69999694824219,41.6150016784668,23.4030704498291,21.950000762939453,96.125,140.39927673339844,81.80000305175781,50.220001220703125,85.17060089111328,379.9599914550781,195.93698120117188,43.5538215637207,60.073795318603516,159.8000030517578,20.30510139465332
2022-03-02,61.2400016784668,84.74073028564453,54.993831634521484,21.606666564941406,50.4375,76.97000122070312,26.200000762939453,162.02999877929688,189.87481689453125,133.38870239257812,5.210000038146973,34.22691345214844,330.07000732421875,120.80999755859375,41.875,24.14784049987793,23.549999237060547,97.01000213623047,142.3460235595703,84.94000244140625,48.45000076293945,90.35409545898438,393.7099914550781,197.9271240234375,44.2537956237793,62.16087341308594,160.86000061035156,20.573610305786133
2022-03-03,62.68000030517578,82.3334732055664,54.266048431396484,19.200000762939453,47.755001068115234,71.37999725341797,25.809999465942383,159.77999877929688,182.98033142089844,132.72262573242188,4.889999866485596,34.22691345214844,322.8399963378906,116.2300033569336,41.67499923706055,23.64335060119629,22.65999984741211,95.5683364868164,142.19361877441406,81.4800033569336,45.2400016784668,88.95597076416016,391.67999267578125,200.19232177734375,44.17601776123047,61.77542495727539,158.1999969482422,20.351390838623047
2022-03-04,62.209999084472656,77.75003051757812,52.129371643066406,18.290000915527344,44.75749969482422,74.68000030517578,25.1200008392334,151.57000732421875,174.07086181640625,130.74713134765625,4.599999904632568,34.46626281738281,320.5799865722656,114.37999725341797,40.65999984741211,22.8676700592041,21.969999313354492,92.9183349609375,144.3534698486328,79.43000030517578,42.290000915527344,85.06600189208984,376.1300048828125,199.6145782470703,44.2891960144043,58.79523849487305,158.00999450683594,20.84212303161621
2022-03-07,61.529998779296875,71.17451477050781,49.40487289428711,16.290000915527344,41.849998474121094,79.02999877929688,23.049999237060547,137.49000549316406,155.08631896972656,125.2677230834961,4.329999923706055,33.810272216796875,302.3800048828125,100.30999755859375,37.5,21.288387298583984,20.729999542236328,88.9183349609375,141.4794464111328,73.94000244140625,41.29999923706055,80.95726776123047,367.7200012207031,195.3225860595703,44.88994598388672,54.83732986450195,158.0,20.703235626220703
2022-03-08,61.56999969482422,74.40076446533203,50.039344787597656,15.536666870117188,39.192501068115234,79.98999786376953,22.790000915527344,138.42999267578125,163.6599884033203,125.98735809326172,4.289999961853027,32.985843658447266,296.5199890136719,106.01000213623047,36.244998931884766,21.449899673461914,20.829999923706055,87.5250015258789,137.4906768798828,78.41000366210938,41.90999984741211,81.66107177734375,358.05999755859375,196.84495544433594,45.2294921875,56.40732192993164,156.10000610351562,20.971750259399414
2022-03-09,63.86000061035156,79.72526550292969,53.36099624633789,16.81333351135254,42.4474983215332,80.08999633789062,24.68000030517578,144.72000122070312,172.53982543945312,132.24732971191406,4.71999979019165,33.358158111572266,305.82000732421875,109.9000015258789,38.34000015258789,22.9454288482666,22.889999389648438,92.48500061035156,137.0813446044922,80.44000244140625,44.380001068115234,84.2385482788086,367.69000244140625,196.91830444335938,45.690921783447266,57.526065826416016,158.32000732421875,21.05508041381836
2022-03-10,64.37000274658203,79.52511596679688,52.278656005859375,16.520000457763672,47.755001068115234,80.5,23.700000762939453,136.97999572753906,176.718017578125,131.26556396484375,4.539999961853027,32.97698974609375,301.739990234375,111.55999755859375,37.69499969482422,22.590496063232422,23.049999237060547,91.9749984741211,134.56442260742188,83.13999938964844,41.470001220703125,85.21817016601562,350.1199951171875,195.92787170410156,43.827762603759766,58.334571838378906,158.2899932861328,20.971750259399414
2022-03-11,64.95999908447266,79.01749420166016,52.16669845581055,15.046667098999023,47.6349983215332,76.69999694824219,23.6200008392334,121.2300033569336,177.1131134033203,128.72900390625,4.46999979019165,32.631248474121094,291.54998779296875,108.55000305175781,36.61000061035156,22.034156799316406,22.020000457763672,91.00499725341797,133.8851318359375,81.87000274658203,39.2400016784668,83.46815490722656,346.6199951171875,194.78146362304688,44.245670318603516,57.75169372558594,153.49000549316406,20.76805305480957
2022-03-14,64.2300033569336,78.33403015136719,53.22104263305664,14.130000114440918,45.779998779296875,66.98999786376953,23.190000534057617,118.31999969482422,176.91555786132812,124.84397888183594,3.9000000953674316,32.83513641357422,289.239990234375,108.04000091552734,36.6150016784668,21.266448974609375,19.920000076293945,87.55166625976562,135.7662811279297,81.02999877929688,36.68000030517578,81.85511016845703,349.9100036621094,201.4762420654297,44.236961364746094,57.58247756958008,141.82000732421875,20.758792877197266
2022-03-15,64.33999633789062,81.47647094726562,53.547607421875,15.013333320617676,47.15999984741211,68.11000061035156,23.93000030517578,124.9800033569336,186.19052124023438,128.0624542236328,4.340000152587891,33.1010856628418,289.9200134277344,111.76000213623047,37.540000915527344,22.90455436706543,21.329999923706055,90.01000213623047,138.47479248046875,83.04000091552734,37.869998931884766,83.47769165039062,358.9700012207031,203.71397399902344,44.271785736083984,58.02433395385742,142.8800048828125,20.675458908081055
2022-03-16,65.80999755859375,86.26514434814453,55.67495346069336,16.606666564941406,47.415000915527344,78.58999633789062,25.059999465942383,133.80999755859375,190.5267333984375,132.10906982421875,4.559999942779541,33.207462310791016,305.1000061035156,112.01000213623047,38.595001220703125,24.423019409179688,23.530000686645508,92.31999969482422,139.0844268798828,86.58000183105469,41.5099983215332,87.1810302734375,373.05999755859375,203.9065704345703,45.38620376586914,58.79523849487305,148.7899932861328,20.916194915771484
2022-03-17,66.33000183105469,84.64751434326172,55.72161102294922,18.963333129882812,51.032501220703125,81.29000091552734,25.229999542236328,141.67999267578125,189.64764404296875,132.66265869140625,4.949999809265137,33.50886917114258,307.6000061035156,111.16999816894531,39.13999938964844,24.692216873168945,24.43000030517578,94.02666473388672,140.1643524169922,86.58999633789062,46.349998474121094,88.01141357421875,384.79998779296875,203.3838348388672,45.6125602722168,58.52259826660156,149.50999450683594,20.65694236755371
2022-03-18,65.76000213623047,85.63336944580078,56.55201721191406,20.393333435058594,52.01499938964844,88.68000030517578,25.920000076293945,148.0,190.8131561279297,134.92904663085938,5.099999904632568,33.517730712890625,316.92999267578125,112.9800033569336,40.29499816894531,26.374187469482422,27.829999923706055,96.16999816894531,141.77557373046875,86.43000030517578,49.619998931884766,89.0804214477539,401.6199951171875,207.19891357421875,46.108821868896484,58.70121765136719,151.3699951171875,20.749536514282227
2022-03-21,65.16999816894531,84.65729522705078,56.01084899902344,19.920000076293945,51.032501220703125,89.62999725341797,25.360000610351562,142.27000427246094,187.8499298095703,134.9052734375,5.010000228881836,33.49113845825195,308.2200012207031,113.93000030517578,39.5,26.65435028076172,27.139999389648438,96.19999694824219,141.5752716064453,84.7300033569336,46.619998931884766,86.92332458496094,397.9200134277344,207.12559509277344,45.838932037353516,57.338043212890625,151.22000122070312,20.572261810302734
2022-03-22,65.2300033569336,86.24635314941406,56.2254524230957,19.433332443237305,54.26499938964844,94.5199966430664,25.959999084472656,148.25,189.351318359375,138.63865661621094,5.260000228881836,33.535457611083984,315.0299987792969,117.9800033569336,40.650001525878906,26.444974899291992,27.75,99.56999969482422,143.12550354003906,84.7699966430664,50.5099983215332,87.50556182861328,407.010009765625,208.8405303955078,46.03917694091797,57.46966552734375,152.2899932861328,20.88947868347168
2022-03-23,64.4800033569336,84.59307098388672,54.77922821044922,19.299999237060547,54.869998931884766,96.41000366210938,25.309999465942383,142.47000122070312,184.64964294433594,137.0601806640625,5.28000020980835,32.684444427490234,310.4200134277344,115.2699966430664,39.025001525878906,25.55763053894043,27.440000534057617,100.67333221435547,142.3765106201172,84.5,50.709999084472656,85.65386199951172,389.17999267578125,205.9058380126953,45.70833969116211,55.918460845947266,149.39999389648438,20.339021682739258
2022-03-24,64.77999877929688,88.59760284423828,55.17110824584961,18.90333366394043,55.849998474121094,100.38999938964844,25.549999237060547,140.9600067138672,192.63064575195312,140.32769775390625,5.269999980926514,33.03015899658203,317.739990234375,117.87999725341797,39.279998779296875,28.066131591796875,26.65999984741211,103.6933364868164,143.2387237548828,84.12999725341797,50.790000915527344,86.30291748046875,392.6400146484375,207.68504333496094,46.07399368286133,56.47312927246094,150.5,20.572261810302734
2022-03-25,65.88999938964844,88.04689025878906,55.525665283203125,18.543333053588867,55.48749923706055,93.05000305175781,25.34000015258789,132.32000732421875,189.80567932128906,140.42779541015625,5.170000076293945,33.3138427734375,321.1400146484375,116.30000305175781,39.349998474121094,27.609493255615234,25.549999237060547,103.73332977294922,143.9093017578125,85.12000274658203,47.06999969482422,86.1120376586914,383.20001220703125,210.39041137695312,46.979461669921875,57.620079040527344,154.5,21.216026306152344
2022-03-28,66.87999725341797,89.17845916748047,56.281436920166016,19.209999084472656,55.529998779296875,93.05999755859375,25.25,138.5399932861328,190.82305908203125,140.2122039794922,5.159999847412109,33.686161041259766,331.7799987792969,117.58000183105469,40.0099983215332,28.134925842285156,26.1200008392334,104.20833587646484,144.33602905273438,84.83999633789062,48.400001525878906,87.39102172851562,386.5299987792969,210.3537139892578,46.4483757019043,58.287574768066406,156.5,21.561227798461914
2022-03-29,68.05000305175781,92.9033432006836,57.69033432006836,19.84000015258789,55.752498626708984,96.83999633789062,26.459999084472656,142.9199981689453,193.015869140625,141.2529754638672,5.349999904632568,33.943233489990234,343.9700012207031,119.5,41.290000915527344,28.57062339782715,26.889999389648438,102.75166320800781,146.47848510742188,86.5199966430664,50.91999816894531,91.19933319091797,396.510009765625,212.53640747070312,47.075233459472656,60.45924758911133,158.57000732421875,21.598546981811523
2022-03-30,65.63999938964844,91.18268585205078,57.27980041503906,19.053333282470703,56.2400016784668,91.6500015258789,25.809999465942383,134.55999755859375,189.8155517578125,140.6909637451172,5.320000171661377,33.81913757324219,376.9200134277344,117.76000213623047,40.029998779296875,27.607500076293945,26.229999542236328,102.625,146.27818298339844,85.0,48.119998931884766,88.3932113647461,386.260009765625,213.75616455078125,47.275474548339844,58.287574768066406,156.05999755859375,21.551895141601562
2022-03-31,65.52999877929688,91.98406219482422,56.03884506225586,18.393333435058594,56.77000045776367,95.11000061035156,25.829999923706055,124.27999877929688,193.27268981933594,137.84518432617188,5.329999923706055,33.76390075683594,365.2300109863281,117.63999938964844,39.95000076293945,27.2047061920166,25.239999771118164,103.75166320800781,145.77305603027344,84.4800033569336,46.2400016784668,86.34109497070312,388.4700012207031,211.22500610351562,46.4744987487793,56.952598571777344,153.74000549316406,21.69184684753418
2022-04-01,67.18000030517578,92.74313354492188,57.12118148803711,19.553333282470703,56.962501525878906,95.6500015258789,26.299999237060547,127.05000305175781,195.77166748046875,138.91867065429688,5.300000190734863,34.06679916381836,367.44000244140625,114.37000274658203,41.07500076293945,26.632413864135742,25.6299991607666,101.85166931152344,147.8458251953125,84.69000244140625,46.02000045776367,86.4842758178711,391.1499938964844,214.33392333984375,45.63867950439453,57.24403762817383,151.8800048828125,21.869112014770508
2022-04-04,66.38999938964844,93.0228042602539,57.67168045043945,20.043333053588867,57.25749969482422,102.79000091552734,26.309999465942383,136.1699981689453,194.87281799316406,141.7148895263672,5.510000228881836,34.17369842529297,384.17999267578125,116.16999816894531,41.29999923706055,27.278488159179688,26.81999969482422,104.68333435058594,147.46263122558594,84.38999938964844,50.02000045776367,88.92770385742188,396.9599914550781,210.66554260253906,45.33395767211914,58.35337829589844,154.42999267578125,21.766483306884766
2022-04-05,67.0199966430664,90.008056640625,56.72929763793945,18.920000076293945,54.9900016784668,95.98999786376953,26.100000381469727,130.2100067138672,188.0968780517578,139.35531616210938,5.190000057220459,32.91757583618164,378.989990234375,113.61000061035156,40.95000076293945,25.853742599487305,25.200000762939453,103.52333068847656,147.61936950683594,83.91000366210938,49.029998779296875,88.90862274169922,392.6300048828125,211.2433319091797,44.74192810058594,58.01493453979492,151.89999389648438,21.999725341796875
2022-04-06,68.38999938964844,87.03675079345703,55.749595642089844,17.333332061767578,52.80500030517578,95.0999984741211,25.90999984741211,125.47000122070312,179.23678588867188,135.34783935546875,5.050000190734863,33.70154571533203,371.8299865722656,109.58000183105469,40.40999984741211,24.334278106689453,23.5,101.13333129882812,150.1363067626953,81.7699966430664,45.88999938964844,89.9012680053711,384.2799987792969,212.59144592285156,44.193424224853516,56.90558624267578,147.1999969482422,22.391584396362305
2022-04-07,70.91999816894531,86.68659210205078,54.5552978515625,17.626667022705078,54.25749969482422,96.36000061035156,25.760000228881836,120.94999694824219,179.7504119873047,134.69415283203125,5.010000228881836,33.505550384521484,379.2300109863281,109.61000061035156,40.88999938964844,24.135875701904297,23.389999389648438,102.74500274658203,150.275634765625,81.18000030517578,44.72999954223633,91.00845336914062,384.8800048828125,222.39520263671875,43.95834732055664,57.65768051147461,143.39999389648438,22.503538131713867
2022-04-08,73.95999908447266,84.89347839355469,54.844539642333984,16.676666259765625,54.5525016784668,94.55999755859375,25.889999389648438,116.58000183105469,177.58721923828125,132.11598205566406,4.78000020980835,33.54119110107422,369.4599914550781,107.87999725341797,40.810001373291016,23.050119400024414,22.68000030517578,101.37166595458984,150.7808074951172,81.16000366210938,43.099998474121094,92.43057250976562,377.3299865722656,224.1926727294922,44.88994598388672,57.87390899658203,141.30999755859375,22.867403030395508
2022-04-11,73.70999908447266,84.96359252929688,54.57395935058594,16.713333129882812,54.150001525878906,93.30000305175781,25.700000762939453,117.22000122070312,175.12774658203125,127.69121551513672,4.769999980926514,33.48773193359375,368.739990234375,107.87999725341797,41.084999084472656,21.85170555114746,22.979999542236328,101.81666564941406,150.3192138671875,81.11000061035156,44.02000045776367,95.16991424560547,377.79998779296875,226.9898223876953,46.00435256958008,58.155948638916016,140.52999877929688,22.391584396362305
2022-04-12,74.69999694824219,85.44026184082031,54.07011032104492,16.976667404174805,55.877498626708984,92.47000122070312,25.530000686645508,112.94999694824219,176.4217071533203,126.59197998046875,4.889999866485596,33.52336120605469,376.1600036621094,108.33999633789062,41.345001220703125,21.439931869506836,23.75,101.9816665649414,150.9288330078125,82.13999938964844,43.0,97.5369873046875,376.8299865722656,228.2003936767578,46.72697830200195,59.067874908447266,138.36000061035156,22.438228607177734
2022-04-13,75.02999877929688,88.52396392822266,54.657936096191406,17.553333282470703,59.96500015258789,93.18000030517578,25.8700008392334,117.47000122070312,185.0348663330078,128.7523193359375,5.019999980926514,33.55009460449219,395.0299987792969,112.95999908447266,42.005001068115234,22.136844635009766,24.549999237060547,104.83499908447266,150.6675567626953,85.2300033569336,44.970001220703125,98.2433090209961,375.1300048828125,228.01695251464844,47.26677322387695,59.88577651977539,138.99000549316406,22.204988479614258
2022-04-14,75.0199966430664,87.23847198486328,54.844539642333984,17.926666259765625,58.80500030517578,89.81999969482422,25.600000381469727,115.79000091552734,189.2031707763672,125.61614990234375,5.059999942779541,33.17593002319336,390.7799987792969,111.30999755859375,41.29499816894531,21.194665908813477,24.81999969482422,104.46333312988281,149.70956420898438,86.29000091552734,42.36000061035156,98.38648223876953,365.760009765625,230.57565307617188,48.416011810302734,58.955047607421875,137.9600067138672,22.41956901550293
2022-04-18,73.80000305175781,86.1425552368164,54.7885627746582,17.683332443237305,56.247501373291016,90.19999694824219,25.260000228881836,110.47000122070312,183.5631103515625,126.55431365966797,4.829999923706055,32.76612854003906,387.55999755859375,109.23999786376953,41.220001220703125,21.718101501464844,24.549999237060547,102.96499633789062,148.4205780029297,85.1500015258789,40.849998474121094,99.73226928710938,357.67999267578125,231.85960388183594,48.43342590332031,58.70121765136719,135.6999969482422,23.1752872467041
2022-04-19,74.3499984741211,87.71200561523438,55.22709274291992,19.079999923706055,57.165000915527344,90.08999633789062,25.709999084472656,115.29000091552734,184.05697631835938,128.86630249023438,5.099999904632568,33.461002349853516,404.6600036621094,113.73999786376953,41.900001525878906,22.131868362426758,26.010000228881836,104.76000213623047,150.58045959472656,86.83000183105469,42.0,102.4715805053711,364.8699951171875,232.82252502441406,48.642372131347656,61.5121955871582,140.3699951171875,23.15662956237793
2022-04-20,75.91000366210938,88.19847869873047,57.37310028076172,19.35333251953125,55.622501373291016,89.37000274658203,25.940000534057617,107.41000366210938,183.59274291992188,126.91461181640625,4.909999847412109,33.861900329589844,385.3999938964844,112.19999694824219,42.67499923706055,21.417999267578125,26.049999237060547,104.36166381835938,152.81869506835938,85.02999877929688,36.75,103.47380065917969,361.2200012207031,237.32546997070312,49.43464660644531,62.781341552734375,137.33999633789062,24.500125885009766
2022-04-21,74.83999633789062,87.70966339111328,57.32645034790039,18.386667251586914,52.462501525878906,85.91000366210938,24.84000015258789,101.79000091552734,181.1431427001953,123.71747589111328,4.610000133514404,33.41645431518555,377.25,106.76000213623047,43.439998626708984,20.12286376953125,26.139999389648438,98.66666412353516,152.27003479003906,83.05999755859375,34.61000061035156,102.29978942871094,345.9700012207031,233.13433837890625,48.642372131347656,61.99164962768555,131.52999877929688,24.014976501464844
2022-04-22,68.01000213623047,86.71282958984375,55.33905792236328,17.48666763305664,51.404998779296875,86.0,23.520000457763672,98.41000366210938,179.42445373535156,118.58399200439453,4.650000095367432,32.96211242675781,363.6600036621094,105.91000366210938,42.82500076293945,19.45685577392578,26.010000228881836,95.26333618164062,149.9272918701172,82.2300033569336,34.349998474121094,98.74916076660156,350.70001220703125,230.15379333496094,46.81403732299805,58.955047607421875,136.41000366210938,23.651105880737305
2022-04-25,69.37000274658203,87.97286987304688,55.57231903076172,19.166667938232422,53.64500045776367,90.19000244140625,24.3799991607666,102.05999755859375,184.48171997070312,121.99226379394531,4.820000171661377,33.22937774658203,368.0899963378906,109.68000030517578,43.34000015258789,19.842702865600586,26.209999084472656,99.95500183105469,151.31202697753906,83.66999816894531,34.61000061035156,100.80127716064453,358.25,228.11785888671875,47.39735794067383,59.594337463378906,132.9600067138672,23.333894729614258
2022-04-26,67.23999786376953,84.60128784179688,54.35002517700195,17.77666664123535,50.349998474121094,86.26000213623047,23.760000228881836,100.11000061035156,176.39205932617188,117.6071548461914,4.650000095367432,33.00665283203125,352.5299987792969,107.61000061035156,43.130001068115234,18.732023239135742,23.940000534057617,96.79833221435547,150.9288330078125,79.75,31.760000228881836,98.33875274658203,359.6000061035156,227.3657989501953,47.16230010986328,57.74229431152344,125.01000213623047,23.23126792907715
2022-04-27,67.77999877929688,88.47853088378906,53.6129150390625,17.98666763305664,50.26499938964844,87.95999908447266,23.709999084472656,97.55000305175781,180.28378295898438,113.28993225097656,4.489999771118164,33.728267669677734,354.0199890136719,106.73999786376953,43.375,18.360136032104492,24.110000610351562,96.47000122070312,152.27871704101562,79.36000061035156,30.360000610351562,96.63980102539062,359.6400146484375,228.64059448242188,47.21453094482422,57.789310455322266,121.6500015258789,23.212608337402344
2022-04-28,69.36000061035156,90.78356170654297,54.088775634765625,18.579999923706055,51.76499938964844,92.33000183105469,24.610000610351562,101.87999725341797,181.15298461914062,117.48077392578125,4.409999847412109,33.844085693359375,362.42999267578125,107.91999816894531,43.904998779296875,19.723064422607422,25.549999237060547,98.12333679199219,154.586669921875,81.76000213623047,32.11000061035156,99.42684173583984,377.2200012207031,229.4384307861328,47.97197723388672,59.547325134277344,123.2300033569336,23.445852279663086
2022-04-29,67.87999725341797,86.57339477539062,53.60358810424805,17.333332061767578,49.689998626708984,86.47000122070312,24.329999923706055,93.19000244140625,172.6090087890625,113.10655975341797,4.210000038146973,33.31846618652344,354.6300048828125,104.87999725341797,42.84000015258789,18.491743087768555,24.969999313354492,93.54666900634766,149.54408264160156,80.02999877929688,30.649999618530273,95.22718811035156,375.0,225.68753051757812,47.136173248291016,57.61067581176758,119.51000213623047,23.34322738647461
2022-05-02,66.87000274658203,85.89227294921875,52.651878356933594,18.19333267211914,50.912498474121094,91.22000122070312,24.290000915527344,97.06999969482422,172.66824340820312,115.55831909179688,4.329999923706055,32.54340744018555,360.8399963378906,104.83999633789062,42.375,19.474803924560547,26.040000915527344,95.32499694824219,146.10397338867188,80.91999816894531,32.68000030517578,96.70661163330078,391.3299865722656,223.79832458496094,47.29288864135742,58.56959915161133,121.94000244140625,23.03534698486328
2022-05-03,67.44000244140625,82.48504638671875,53.55913162231445,18.02666664123535,49.849998474121094,86.5199966430664,24.010000228881836,100.52999877929688,148.46841430664062,116.3027114868164,4.329999923706055,33.13136672973633,355.70001220703125,99.43000030517578,41.959999084472656,19.543594360351562,26.290000915527344,92.98999786376953,146.30430603027344,79.4800033569336,33.099998474121094,95.87623596191406,381.2200012207031,224.7337646484375,45.873756408691406,58.306365966796875,121.3499984741211,23.55781364440918
2022-05-04,72.20999908447266,82.38320922851562,54.953460693359375,19.25666618347168,50.09749984741211,92.62000274658203,24.530000686645508,109.33000183105469,147.72760009765625,121.18643188476562,4.349999904632568,33.158111572265625,364.6700134277344,99.37000274658203,43.32500076293945,20.273420333862305,25.729999542236328,92.211669921875,151.41653442382812,79.75,34.880001068115234,99.18822479248047,388.6600036621094,233.33670043945312,46.352603912353516,60.233619689941406,124.76000213623047,24.18290901184082
2022-05-05,70.94000244140625,85.06935119628906,53.77581787109375,16.93000030517578,45.244998931884766,86.6500015258789,23.299999237060547,90.93000030517578,137.7908477783203,115.48150634765625,4.190000057220459,33.01558303833008,343.6000061035156,95.12999725341797,41.52000045776367,18.787860870361328,23.239999771118164,88.27333068847656,148.3944854736328,75.94000244140625,30.440000534057617,95.34171295166016,373.1099853515625,231.7816925048828,45.83022689819336,58.01493453979492,120.2300033569336,23.707082748413086
2022-05-06,70.44999694824219,85.9435806274414,51.81622314453125,16.90999984741211,41.20249938964844,80.61000061035156,22.850000381469727,86.37999725341797,130.70870971679688,114.72915649414062,3.990000009536743,32.926483154296875,317.04998779296875,92.51000213623047,43.334999084472656,18.61936378479004,22.530000686645508,84.1449966430664,148.41188049316406,74.87999725341797,27.809999465942383,91.85792541503906,372.3900146484375,227.69650268554688,46.265541076660156,56.79277420043945,114.2699966430664,24.83599281311035
2022-05-09,66.13999938964844,79.25917053222656,50.94005584716797,13.963333129882812,35.92250061035156,72.68000030517578,22.510000228881836,86.4000015258789,126.22433471679688,111.52210998535156,3.7100000381469727,33.08684539794922,292.67999267578125,85.37000274658203,41.78499984741211,16.899499893188477,20.739999771118164,76.58499908447266,149.535400390625,69.0,24.610000610351562,89.15677642822266,358.989990234375,226.5647735595703,46.72697830200195,55.598812103271484,106.1500015258789,22.512868881225586
2022-05-10,66.94000244140625,80.09776306152344,51.495906829833984,13.770000457763672,37.970001220703125,69.5199966430664,22.399999618530273,84.05999755859375,130.7185821533203,113.3895492553711,3.4700000286102295,32.96211242675781,302.1099853515625,88.13999938964844,42.06999969482422,17.54257583618164,20.100000381469727,80.67333221435547,149.3524932861328,67.7699966430664,23.190000534057617,85.53935241699219,359.2699890136719,227.06161499023438,47.74562072753906,52.834861755371094,103.58999633789062,22.802091598510742
2022-05-11,66.37000274658203,81.16194915771484,51.54301071166992,15.80666732788086,34.349998474121094,63.0,22.020000457763672,77.80999755859375,131.5878143310547,112.60401153564453,3.109999895095825,33.33628463745117,291.29998779296875,84.12999725341797,42.45500183105469,16.58045196533203,16.729999542236328,77.77833557128906,148.62965393066406,70.0199966430664,23.969999313354492,83.84992980957031,340.0299987792969,226.3071746826172,48.59884262084961,51.97011184692383,105.26000213623047,22.662145614624023
2022-05-12,67.6500015258789,80.4138412475586,50.902374267578125,16.68000030517578,34.95249938964844,66.9800033569336,22.459999084472656,87.86000061035156,126.76759338378906,111.85218811035156,3.200000047683716,32.837398529052734,294.0,87.08999633789062,42.84000015258789,16.12680435180664,19.020000457763672,79.75166320800781,148.40322875976562,70.5,28.579999923706055,85.06212615966797,347.1499938964844,225.62628173828125,48.38117980957031,52.92464828491211,106.20999908447266,21.84111976623535
2022-05-13,70.58999633789062,82.3268051147461,52.76776123046875,18.793333053588867,39.0724983215332,89.7699966430664,23.719999313354492,92.08000183105469,130.16543579101562,115.0304946899414,3.450000047683716,33.149200439453125,309.2900085449219,91.25,44.44499969482422,17.653244018554688,20.219999313354492,81.83499908447266,151.29464721679688,72.58999633789062,32.970001220703125,87.86823272705078,358.2900085449219,229.03060913085938,48.69461441040039,54.04928970336914,109.93000030517578,22.932716369628906
2022-05-16,70.75,80.13810729980469,53.389549255371094,18.266666412353516,36.59749984741211,85.0999984741211,23.1200008392334,86.62000274658203,122.33260345458984,113.43910217285156,3.4700000286102295,32.944305419921875,304.1499938964844,86.97000122070312,44.55500030517578,17.212568283081055,20.399999618530273,78.02999877929688,152.81869506835938,72.0,32.13999938964844,87.62962341308594,354.5,229.4906768798828,49.417236328125,53.03805923461914,110.11000061035156,23.324562072753906
2022-05-17,73.69999694824219,84.07762145996094,54.30340576171875,19.52666664123535,36.817501068115234,81.2699966430664,23.700000762939453,88.05999755859375,121.32510375976562,115.44927978515625,3.690000057220459,32.044532775878906,305.4800109863281,85.69000244140625,44.6150016784668,18.122846603393555,20.610000610351562,78.87833404541016,151.9390869140625,71.4800033569336,31.940000534057617,88.82271575927734,356.5199890136719,230.8983917236328,48.624961853027344,53.10421371459961,123.08000183105469,23.55781364440918
2022-05-18,69.4800033569336,80.30925750732422,52.03290939331055,18.816667556762695,34.625,79.37000274658203,21.6200008392334,78.83999633789062,118.67793273925781,110.91596984863281,3.4100000858306885,30.752769470214844,272.5199890136719,85.38999938964844,43.310001373291016,16.887535095214844,19.6200008392334,73.0999984741211,142.52456665039062,69.55999755859375,32.54999923706055,88.57453918457031,337.20001220703125,218.1090850830078,45.656097412109375,56.88454055786133,123.05000305175781,23.53915023803711
2022-05-19,70.0,82.38595581054688,50.930633544921875,20.003332138061523,35.65999984741211,79.91999816894531,21.399999618530273,79.23999786376953,125.01927947998047,109.4137954711914,3.549999952316284,30.583499908447266,271.2200012207031,90.5,43.380001068115234,17.07297706604004,20.729999542236328,72.72833251953125,140.39080810546875,67.81999969482422,34.349998474121094,88.4791030883789,329.1700134277344,216.06643676757812,44.210845947265625,58.03753662109375,119.76000213623047,24.33218765258789
2022-05-20,70.3499984741211,82.87556457519531,51.128482818603516,19.59000015258789,37.185001373291016,76.45999908447266,21.25,78.33999633789062,123.06353759765625,107.95077514648438,3.509999990463257,30.80622100830078,274.0400085449219,89.27999877929688,43.814998626708984,16.644262313842773,19.950000762939453,79.77999877929688,141.2704620361328,65.19000244140625,31.600000381469727,68.5975341796875,329.2099914550781,215.7628173828125,44.602630615234375,54.69194412231445,116.12000274658203,23.53915023803711
2022-05-23,70.16000366210938,82.51324462890625,52.3155403137207,20.873332977294922,37.317501068115234,77.51000213623047,21.690000534057617,76.06999969482422,120.13980102539062,110.50810241699219,3.5299999713897705,31.144746780395508,272.8399963378906,89.2300033569336,43.525001525878906,16.847658157348633,20.040000915527344,83.37833404541016,144.2228240966797,66.76000213623047,30.059999465942383,75.1642837524414,331.4599914550781,219.59962463378906,45.37749481201172,56.99794387817383,123.62000274658203,24.00564193725586
2022-05-24,70.91999816894531,80.29673767089844,52.04233169555664,19.579999923706055,34.967498779296875,75.05999755859375,21.049999237060547,70.20999908447266,115.32947540283203,105.03860473632812,3.4200000762939453,31.438735961914062,257.510009765625,84.44999694824219,43.744998931884766,16.105873107910156,18.31999969482422,79.52333068847656,146.15625,63.459999084472656,27.06999969482422,74.0761947631836,323.1199951171875,224.5037384033203,46.77921676635742,56.40254592895508,122.69000244140625,23.77239418029785
2022-05-25,72.04000091552734,84.10228729248047,52.852542877197266,20.81333351135254,36.65999984741211,78.87999725341797,22.149999618530273,71.58999633789062,122.21407318115234,104.87504577636719,3.5899999141693115,31.48328399658203,260.6600036621094,91.16000366210938,43.8650016784668,16.92443084716797,18.65999984741211,84.25166320800781,147.15782165527344,65.36000061035156,28.93000030517578,77.65545654296875,333.4100036621094,223.61122131347656,47.30160140991211,57.85797119140625,122.08000183105469,24.35084342956543
2022-05-26,71.91999816894531,87.01206970214844,53.21055221557617,21.946666717529297,38.959999084472656,84.30999755859375,24.6299991607666,78.25,128.6936798095703,106.84507751464844,3.700000047683716,31.652544021606445,287.4800109863281,92.88999938964844,44.3650016784668,17.797815322875977,19.700000762939453,83.6816635131836,148.150634765625,67.20999908447266,30.59000015258789,83.02909088134766,342.69000244140625,224.84417724609375,47.47571563720703,60.589263916015625,123.27999877929688,24.19223403930664
2022-05-27,72.29000091552734,88.7538833618164,53.37071228027344,23.6200008392334,41.70500183105469,83.77999877929688,25.979999542236328,82.1500015258789,129.36537170410156,111.32931518554688,4.079999923706055,31.340747833251953,293.6499938964844,95.48999786376953,44.834999084472656,18.75495719909668,21.0,84.46666717529297,149.59634399414062,70.06999969482422,31.809999465942383,83.33452606201172,358.260009765625,226.62916564941406,48.01551818847656,61.04289627075195,125.77999877929688,24.546772003173828
2022-05-31,71.16999816894531,87.875732421875,53.417816162109375,22.363332748413086,39.997501373291016,83.61000061035156,26.6200008392334,81.12000274658203,127.74547576904297,112.7621078491211,4.039999961853027,30.948760986328125,292.69000244140625,95.05000305175781,44.560001373291016,18.616374969482422,20.649999618530273,83.79666900634766,146.0952911376953,70.37000274658203,29.940000534057617,81.14879608154297,355.29998779296875,225.8562774658203,48.61625289916992,60.078914642333984,124.52999877929688,24.602750778198242
2022-06-01,68.93000030517578,87.68029022216797,51.882171630859375,21.956666946411133,40.36249923706055,83.5199966430664,26.31999969482422,80.94000244140625,124.68344116210938,112.89097595214844,4.03000020980835,30.85967254638672,289.9599914550781,94.51000213623047,44.025001525878906,18.265419006347656,21.1200008392334,83.62166595458984,144.99790954589844,69.9800033569336,28.940000534057617,78.89625549316406,345.7699890136719,224.66937255859375,47.64114761352539,59.067684173583984,124.62999725341797,24.164247512817383
2022-06-02,71.1500015258789,92.92057037353516,52.438018798828125,22.98666763305664,43.505001068115234,88.0999984741211,27.309999465942383,87.29000091552734,132.54592895507812,116.58867645263672,4.25,31.465463638305664,302.5799865722656,97.19999694824219,45.16999816894531,19.53363037109375,22.68000030517578,86.22333526611328,146.17308044433594,71.83999633789062,33.47999954223633,79.42119598388672,352.3999938964844,226.15069580078125,47.325523376464844,60.2679328918457,129.0500030517578,24.238889694213867
2022-06-03,70.94000244140625,91.4913330078125,52.3155403137207,22.829999923706055,40.525001525878906,89.33999633789062,26.420000076293945,80.9800033569336,130.0469207763672,113.53427124023438,4.059999942779541,31.118024826049805,300.79998779296875,95.30000305175781,44.415000915527344,18.664228439331055,21.90999984741211,85.43000030517578,144.56820678710938,71.31999969482422,30.0,78.95352935791016,347.3900146484375,223.88729858398438,46.957298278808594,58.62349319458008,126.97000122070312,24.11760139465332
2022-06-06,70.22000122070312,91.93901824951172,52.61702346801758,22.729999542236328,42.24250030517578,96.6500015258789,26.290000915527344,83.83000183105469,131.7162322998047,115.7937240600586,4.150000095367432,32.694862365722656,301.6199951171875,95.16000366210938,45.68000030517578,18.73002815246582,20.940000534057617,85.66999816894531,145.17330932617188,70.16000366210938,31.15999984741211,77.91883087158203,333.510009765625,226.22433471679688,47.395660400390625,58.339969635009766,126.98999786376953,24.71470832824707
2022-06-07,71.13999938964844,91.13333129882812,53.059814453125,23.309999465942383,44.16999816894531,97.44000244140625,27.6299991607666,81.4800033569336,129.5431671142578,116.11984252929688,4.050000190734863,32.43650436401367,306.19000244140625,96.11000061035156,45.42499923706055,18.869613647460938,21.15999984741211,87.83333587646484,146.0678253173828,72.72000122070312,31.440000534057617,77.1332015991211,333.4200134277344,226.5647735595703,47.91292953491211,57.69731521606445,131.64999389648438,25.554393768310547
2022-06-08,69.94000244140625,91.88028717041016,51.98580551147461,22.969999313354492,44.709999084472656,99.18000030517578,26.690000534057617,84.87999725341797,127.88373565673828,116.16394805908203,4.199999809265137,32.09797668457031,307.7699890136719,94.9000015258789,45.119998931884766,18.596372604370117,21.219999313354492,87.4800033569336,145.33995056152344,71.9000015258789,32.83000183105469,77.65055847167969,332.42999267578125,225.83786010742188,47.28168869018555,58.05643844604492,131.39999389648438,25.041250228881836
2022-06-09,68.58999633789062,89.21841430664062,50.09215545654297,22.00666618347168,43.38750076293945,96.1500015258789,26.290000915527344,83.06999969482422,120.49539184570312,113.82617950439453,3.9200000762939453,31.812896728515625,302.29998779296875,93.91999816894531,44.650001525878906,17.998031616210938,20.729999542236328,86.0250015258789,142.75289916992188,70.43000030517578,30.5,76.41466522216797,325.1000061035156,222.34152221679688,45.949066162109375,57.31927490234375,129.22999572753906,24.444143295288086
2022-06-10,68.2300033569336,82.4470443725586,49.23483657836914,20.503332138061523,42.33000183105469,93.37000274658203,26.600000381469727,75.83999633789062,113.74907684326172,110.18447875976562,3.8499999046325684,31.616910934448242,291.6000061035156,92.30999755859375,43.52000045776367,16.92700958251953,20.139999389648438,82.53666687011719,142.52490234375,69.0,27.760000228881836,73.96202850341797,314.1000061035156,219.9860382080078,45.887699127197266,55.731536865234375,127.94999694824219,23.735076904296875
2022-06-13,65.86000061035156,77.52598571777344,48.63187789916992,18.203332901000977,38.630001068115234,84.2300033569336,24.719999313354492,71.37000274658203,104.9581069946289,105.45738220214844,3.759999990463257,30.913124084472656,278.5799865722656,84.91999816894531,42.244998931884766,15.603681564331055,19.049999237060547,79.62166595458984,140.08692932128906,64.26000213623047,26.459999084472656,71.69145202636719,294.7099914550781,211.65000915527344,44.38850402832031,54.181602478027344,123.19000244140625,21.925086975097656
2022-06-14,63.689998626708984,76.43672943115234,48.09487533569336,19.190000534057617,39.814998626708984,87.3499984741211,25.639999389648438,71.61000061035156,100.6811752319336,105.77754974365234,3.8299999237060547,30.645864486694336,280.5,84.94000244140625,44.029998779296875,15.792159080505371,19.200000762939453,80.27166748046875,136.91226196289062,63.599998474121094,26.1200008392334,70.8962631225586,294.6300048828125,213.00253295898438,45.02851104736328,54.181602478027344,121.41000366210938,21.421279907226562
2022-06-15,65.94999694824219,77.28784942626953,49.78125762939453,18.866666793823242,41.087501525878906,92.2300033569336,26.329999923706055,76.05000305175781,103.13079071044922,108.79974365234375,4.070000171661377,31.046751022338867,285.7200012207031,86.68000030517578,43.935001373291016,16.481243133544922,18.989999771118164,81.16999816894531,138.37681579589844,64.41999816894531,28.899999618530273,72.81237030029297,301.7099914550781,212.1560516357422,45.431800842285156,54.46512222290039,126.16000366210938,21.925086975097656
2022-06-16,66.1500015258789,72.31350708007812,48.490562438964844,17.976667404174805,39.3025016784668,92.61000061035156,25.5,69.0,95.1497802734375,105.10153198242188,4.099999904632568,30.681493759155273,271.3399963378906,81.7699966430664,43.94499969482422,15.557807922363281,17.1299991607666,77.71833038330078,137.71031188964844,61.470001220703125,24.690000534057617,70.52261352539062,289.94000244140625,207.73037719726562,44.239463806152344,53.624000549316406,124.9000015258789,21.01076889038086
2022-06-17,64.9000015258789,74.68827819824219,48.69783020019531,18.483333587646484,40.974998474121094,94.70999908447266,25.6299991607666,72.11000061035156,99.14028930664062,106.20177459716797,4.349999904632568,30.6013126373291,278.1300048828125,84.69999694824219,44.060001373291016,15.836033821105957,17.0,79.22666931152344,137.73663330078125,65.05999755859375,26.8700008392334,71.6243896484375,296.69000244140625,209.50611877441406,44.160545349121094,53.51059341430664,125.80999755859375,20.917469024658203
2022-06-21,66.94999694824219,75.8797607421875,48.70724868774414,18.40999984741211,41.15999984741211,98.88999938964844,26.510000228881836,71.80999755859375,97.56975555419922,110.56361389160156,4.380000114440918,31.126930236816406,276.45001220703125,83.9800033569336,45.41999816894531,16.520132064819336,17.110000610351562,83.22666931152344,140.9375762939453,65.3499984741211,29.639999389648438,71.95010375976562,302.2699890136719,216.1676483154297,45.773719787597656,54.332820892333984,128.77999877929688,21.41306495666504
2022-06-22,67.63999938964844,74.0212173461914,49.131202697753906,18.55666732788086,41.4275016784668,97.06999969482422,26.700000762939453,74.08999633789062,95.94985961914062,110.50760650634766,4.360000133514404,31.073476791381836,277.8800048828125,83.20999908447266,45.369998931884766,16.314701080322266,17.43000030517578,82.38666534423828,142.0951690673828,64.94999694824219,31.1200008392334,69.75617218017578,312.29998779296875,218.4311065673828,46.22085189819336,53.93588638305664,128.60000610351562,21.35664176940918
2022-06-23,68.5,71.8756103515625,49.63993835449219,21.28333282470703,43.724998474121094,99.81999969482422,27.200000762939453,78.7300033569336,92.86807250976562,111.25546264648438,4.590000152587891,31.36746597290039,286.3299865722656,81.94000244140625,46.09000015258789,16.18008041381836,18.280000686645508,83.84500122070312,143.91049194335938,67.48999786376953,34.47999954223633,70.8770980834961,329.9800109863281,220.2252960205078,47.1677131652832,54.15325164794922,130.0500030517578,22.01492691040039
2022-06-24,70.37000274658203,75.6353530883789,50.81758117675781,22.3700008392334,46.247501373291016,101.7300033569336,28.329999923706055,83.62000274658203,101.08613586425781,116.93807983398438,4.579999923706055,31.857440948486328,293.3599853515625,86.80000305175781,47.290000915527344,17.078584671020508,18.989999771118164,85.11833190917969,145.6907196044922,71.62000274658203,36.41999816894531,74.27820587158203,341.2900085449219,225.88388061523438,48.89485168457031,56.93178939819336,133.6199951171875,21.996116638183594
2022-06-27,69.97000122070312,74.27190399169922,50.94948196411133,22.24333381652832,45.48249816894531,96.62999725341797,29.020000457763672,80.6500015258789,99.96009826660156,114.81539916992188,4.760000228881836,31.9732608795166,287.4800109863281,85.58999633789062,47.10499954223633,16.822298049926758,18.290000915527344,83.64666748046875,145.8836669921875,71.02999877929688,35.93000030517578,73.13809967041016,333.989990234375,227.65048217773438,48.55292892456055,56.52539825439453,129.2100067138672,22.33466148376465
2022-06-28,69.05000305175781,72.00721740722656,51.0531120300293,21.24333381652832,43.54750061035156,91.47000122070312,28.610000610351562,74.04000091552734,96.6709213256836,111.02303314208984,4.599999904632568,31.634716033935547,278.55999755859375,84.37999725341797,45.404998779296875,15.937751770019531,17.450000762939453,81.98500061035156,143.83155822753906,69.58000183105469,34.4900016784668,69.7274169921875,319.1700134277344,225.9022674560547,48.886085510253906,54.323360443115234,126.18000030517578,21.86446189880371
2022-06-29,70.19999694824219,70.90697479248047,50.81758117675781,21.503332138061523,43.98500061035156,89.80000305175781,28.530000686645508,74.80000305175781,94.80406188964844,110.71971130371094,4.639999866485596,31.786170959472656,282.9800109863281,84.0,46.67499923706055,15.498969078063965,17.780000686645508,81.96666717529297,146.2169189453125,68.3499984741211,34.02000045776367,68.79810333251953,314.6700134277344,224.16331481933594,48.535404205322266,53.95478439331055,125.52999877929688,21.525911331176758
2022-06-30,67.62999725341797,68.5044174194336,50.82701110839844,21.753332138061523,42.13999938964844,87.55000305175781,30.68000030517578,73.20999908447266,93.66815185546875,108.00528717041016,4.53000020980835,31.694828033447266,272.6099853515625,82.58000183105469,46.349998474121094,15.11703109741211,17.690000534057617,82.32333374023438,146.155517578125,68.01000213623047,32.86000061035156,67.28438568115234,302.9700012207031,214.43788146972656,47.79018783569336,52.782875061035156,122.52999877929688,21.488296508789062
2022-07-01,71.58000183105469,69.24821472167969,51.89159393310547,21.98666763305664,44.8125,95.05999755859375,30.6200008392334,79.80999755859375,95.21892547607422,107.78177642822266,4.789999961853027,32.30382537841797,263.3800048828125,83.05999755859375,47.29499816894531,14.482791900634766,17.65999984741211,84.70833587646484,148.54965209960938,69.29000091552734,35.06999969482422,68.38613891601562,314.5899963378906,216.6185302734375,48.76335525512695,52.96244812011719,124.86000061035156,21.958505630493164
2022-07-05,71.87000274658203,70.03079223632812,51.4676399230957,25.01333236694336,46.755001068115234,99.25,32.88999938964844,88.23999786376953,95.9794692993164,112.26750946044922,5.079999923706055,32.473976135253906,283.6199951171875,85.44000244140625,48.05500030517578,14.922568321228027,18.549999237060547,86.8566665649414,148.21641540527344,71.5199966430664,39.9900016784668,70.72380065917969,316.92999267578125,217.79624938964844,48.51785659790039,54.41787338256836,127.04000091552734,20.36920928955078
2022-07-06,71.80000305175781,68.57768249511719,51.618385314941406,25.639999389648438,46.47999954223633,96.94999694824219,32.20000076293945,85.94000244140625,92.71990966796875,113.56499481201172,5.170000076293945,32.196353912353516,280.3800048828125,84.62999725341797,48.69499969482422,15.088111877441406,17.709999084472656,85.82666778564453,149.69850158691406,70.48999786376953,37.95000076293945,70.88668060302734,306.2300109863281,220.30810546875,48.42143249511719,54.78645706176758,125.62000274658203,20.406829833984375
2022-07-07,73.37999725341797,69.95089721679688,51.392269134521484,25.816667556762695,47.54999923706055,106.29000091552734,31.940000534057617,89.6500015258789,95.51524353027344,117.73898315429688,5.610000133514404,32.375465393066406,290.7200012207031,85.97000122070312,48.494998931884766,15.814095497131348,18.100000381469727,86.20833587646484,149.4003143310547,73.13999938964844,39.52000045776367,73.32972717285156,306.8999938964844,222.30470275878906,47.89539337158203,56.22297668457031,126.81999969482422,20.905250549316406
2022-07-08,74.97000122070312,69.30696868896484,52.30612564086914,26.149999618530273,47.595001220703125,110.08999633789062,31.600000381469727,88.75,93.7076644897461,118.30447387695312,5.599999904632568,32.42024612426758,293.3900146484375,84.36000061035156,48.7400016784668,15.79415225982666,18.040000915527344,87.37000274658203,150.73329162597656,73.05000305175781,41.25,72.2950210571289,317.4100036621094,222.81996154785156,48.658145904541016,55.70317840576172,124.93000030517578,20.764183044433594
2022-07-11,73.27999877929688,67.54715728759766,51.60895919799805,25.003332138061523,46.342498779296875,94.30000305175781,31.18000030517578,86.06999969482422,90.04312896728516,114.6597900390625,5.380000114440918,32.36651611328125,281.760009765625,82.19000244140625,48.43000030517578,15.110051155090332,17.459999084472656,85.98500061035156,149.49679565429688,71.75,38.40999984741211,71.47107696533203,307.4100036621094,221.87228393554688,49.149105072021484,55.19285202026367,122.69999694824219,20.773584365844727
2022-07-12,72.80000305175781,68.0837631225586,51.63722610473633,24.110000610351562,43.59749984741211,95.86000061035156,31.190000534057617,85.58999633789062,90.90245819091797,113.01834869384766,5.360000133514404,32.50980758666992,279.3900146484375,82.08000183105469,48.375,15.040245056152344,17.31999969482422,82.09666442871094,148.64613342285156,71.58999633789062,38.220001220703125,71.92137908935547,314.2900085449219,221.3385772705078,50.32391357421875,55.74099349975586,121.98999786376953,21.17796516418457
2022-07-13,73.11000061035156,68.07514190673828,51.89159393310547,24.75,43.74250030517578,94.5999984741211,31.209999084472656,83.20999908447266,91.8408203125,110.37477111816406,5.420000076293945,32.62623596191406,280.9700012207031,83.26000213623047,48.400001525878906,15.12201976776123,17.420000076293945,82.23500061035156,149.17233276367188,72.52999877929688,37.08000183105469,73.12853240966797,317.45001220703125,225.40542602539062,51.069129943847656,55.83549118041992,121.13999938964844,21.375450134277344
2022-07-14,73.7300033569336,65.56369018554688,51.429954528808594,24.950000762939453,43.1875,93.87000274658203,30.81999969482422,79.7300033569336,88.33431243896484,109.39744567871094,5.429999828338623,32.59040832519531,278.989990234375,81.94999694824219,48.875,15.329442024230957,16.540000915527344,81.66666412353516,149.94403076171875,72.41000366210938,37.4900016784668,73.7416763305664,320.17999267578125,230.91683959960938,51.00776672363281,55.523616790771484,122.73999786376953,21.56353187561035
2022-07-15,76.01000213623047,66.53035736083984,51.420536041259766,26.956666946411133,44.474998474121094,99.4000015258789,31.799999237060547,82.5,91.21853637695312,110.79505920410156,5.510000228881836,32.80535125732422,286.4100036621094,84.4800033569336,48.57500076293945,15.718361854553223,17.200000762939453,84.82666778564453,150.06680297851562,75.0199966430664,39.77000045776367,74.70934295654297,321.92999267578125,225.0006103515625,51.411048889160156,57.23422622680664,123.8499984741211,21.23438262939453
2022-07-18,74.9800033569336,68.10489654541016,51.44879913330078,25.093332290649414,44.3125,95.41000366210938,31.84000015258789,84.72000122070312,93.134765625,108.07170104980469,5.519999980926514,32.384429931640625,284.6400146484375,86.08000183105469,47.5099983215332,16.05642318725586,17.729999542236328,84.3066635131836,147.55868530273438,75.2300033569336,39.75,75.801513671875,327.42999267578125,223.9976806640625,50.946388244628906,57.16806411743164,123.6500015258789,21.4600830078125
2022-07-19,77.22000122070312,71.86543273925781,52.927913665771484,25.126667022705078,45.13750076293945,93.8499984741211,32.439998626708984,87.44000244140625,99.09089660644531,112.80968475341797,5.739999771118164,32.6710090637207,296.3399963378906,91.18000030517578,48.130001068115234,16.944955825805664,19.049999237060547,85.5999984741211,149.13722229003906,77.55999755859375,39.849998474121094,77.7655258178711,337.0400085449219,225.1754150390625,51.34968566894531,59.20944595336914,126.97000122070312,22.22180938720703
2022-07-20,77.0,71.86543273925781,51.401695251464844,26.633333206176758,46.07500076293945,99.0,33.31999969482422,92.66000366210938,101.91585540771484,112.8989028930664,6.059999942779541,32.51876449584961,302.7900085449219,92.75,48.20000076293945,17.757701873779297,19.270000457763672,84.03333282470703,147.55868530273438,79.44000244140625,40.7599983215332,79.02059173583984,334.8800048828125,223.7400360107422,50.75351333618164,59.57802963256836,130.00999450683594,22.231216430664062
2022-07-21,75.36000061035156,71.65430450439453,51.2603759765625,28.360000610351562,47.25,100.79000091552734,34.31999969482422,96.87000274658203,101.11578369140625,113.33502960205078,6.239999771118164,32.49189376831055,307.3599853515625,91.55999755859375,47.8849983215332,18.000022888183594,19.940000534057617,85.72333526611328,147.7779083251953,79.7699966430664,41.91999816894531,80.10317993164062,336.17999267578125,222.92115783691406,50.13103485107422,60.23958969116211,132.27000427246094,21.967905044555664
2022-07-22,77.58999633789062,70.8893814086914,51.128482818603516,26.676666259765625,45.88249969482422,95.44999694824219,32.91999816894531,97.11000061035156,98.16240692138672,106.95162963867188,5.829999923706055,32.62623596191406,304.5,91.58000183105469,47.53499984741211,17.271053314208984,19.450000762939453,85.19499969482422,148.7425994873047,79.38999938964844,39.400001525878906,79.74872589111328,356.989990234375,223.01319885253906,50.77104568481445,60.258480072021484,130.41000366210938,21.629362106323242
2022-07-25,78.62999725341797,71.8603286743164,51.83506393432617,27.71666717529297,45.654998779296875,96.5,33.08000183105469,96.47000122070312,99.51560974121094,106.56507110595703,5.869999885559082,32.921775817871094,301.32000732421875,92.23999786376953,47.91999816894531,16.976865768432617,19.34000015258789,84.211669921875,148.9530487060547,77.5,39.84000015258789,79.16429901123047,376.510009765625,221.4398193359375,51.04282760620117,59.814292907714844,130.77000427246094,21.967905044555664
2022-07-26,78.8499984741211,70.33788299560547,51.552433013916016,27.296667098999023,42.29249954223633,95.11000061035156,32.34000015258789,93.30000305175781,96.53262329101562,104.09695434570312,5.659999847412109,33.19941329956055,283.4100036621094,89.77999877929688,47.94499969482422,16.487226486206055,18.530000686645508,77.53666687011719,150.689453125,76.52999877929688,39.0,74.69017028808594,360.9700012207031,222.2034912109375,50.95515060424805,57.32872772216797,131.10000610351562,22.33466148376465
2022-07-27,78.48999786376953,73.54104614257812,52.90907669067383,27.996667861938477,44.2400016784668,97.56999969482422,32.709999084472656,95.5,102.48875427246094,112.0662841796875,5.769999980926514,33.2352294921875,295.57000732421875,93.33999633789062,48.69499969482422,17.74074935913086,19.110000610351562,79.68000030517578,150.47898864746094,78.11000061035156,41.95000076293945,76.90328216552734,372.0400085449219,225.7183074951172,51.65653610229492,57.46104431152344,130.5800018310547,22.409894943237305
2022-07-28,81.68000030517578,74.92562103271484,50.21463394165039,29.07666778564453,45.522499084472656,94.94999694824219,33.189998626708984,104.91999816894531,104.0197525024414,113.21609497070312,6.070000171661377,34.4800910949707,303.8500061035156,93.08000183105469,49.45500183105469,17.9342098236084,21.170000076293945,82.03500366210938,153.3291473388672,79.91999816894531,42.97999954223633,77.98590087890625,377.4200134277344,228.50616455078125,51.76174545288086,57.82961654663086,130.35000610351562,23.340896606445312
2022-07-29,82.91000366210938,75.81707763671875,50.44074249267578,29.65333366394043,45.900001525878906,91.75,33.529998779296875,103.72000122070312,104.75068664550781,115.2976303100586,6.190000057220459,34.695045471191406,310.510009765625,93.98999786376953,49.810001373291016,18.112716674804688,21.770000457763672,83.18333435058594,153.4343719482422,78.80999755859375,42.93000030517578,77.85175323486328,380.42999267578125,226.62916564941406,52.384220123291016,57.801265716552734,132.72999572753906,24.30951499938965
2022-08-01,81.93000030517578,74.68043518066406,49.74357604980469,32.956668853759766,45.82500076293945,94.41000366210938,33.88999938964844,103.61000061035156,101.53062438964844,113.8504638671875,6.230000019073486,34.8472900390625,310.010009765625,95.27999877929688,49.244998931884766,18.38994598388672,22.190000534057617,84.61000061035156,155.17953491210938,78.87000274658203,45.2400016784668,78.84814453125,380.6099853515625,224.6417694091797,52.322845458984375,59.20944595336914,127.55999755859375,23.84872055053711
2022-08-02,81.12999725341797,76.62432861328125,48.744937896728516,34.53666687011719,47.03499984741211,99.22000122070312,34.06999969482422,104.44000244140625,102.61714935302734,114.11808013916016,6.420000076293945,34.533836364746094,305.70001220703125,96.02999877929688,48.45000076293945,18.474708557128906,21.690000534057617,85.11499786376953,153.899169921875,79.0,45.290000915527344,76.48174285888672,372.44000244140625,225.42384338378906,46.85208511352539,58.254913330078125,126.66000366210938,23.75467872619629
2022-08-03,81.94000244140625,77.0230712890625,50.11099624633789,35.143333435058594,48.83000183105469,104.56999969482422,33.869998931884766,108.5,104.3555908203125,117.04216766357422,6.519999980926514,35.01744842529297,315.3800048828125,98.06999969482422,48.025001525878906,18.8406925201416,22.450000762939453,88.17832946777344,155.07431030273438,81.22000122070312,47.0,81.03250885009766,378.3299865722656,226.87762451171875,47.5096321105957,59.74814224243164,129.80999755859375,23.94275665283203
2022-08-04,80.76000213623047,76.2698745727539,50.66684341430664,36.13666534423828,47.310001373291016,98.68000030517578,36.18000030517578,109.33000183105469,100.94786071777344,117.15120697021484,6.480000019073486,34.641300201416016,316.3999938964844,97.5,48.18000030517578,19.16179847717285,22.6299991607666,83.61666870117188,154.23240661621094,80.29000091552734,47.959999084472656,80.24688720703125,379.1099853515625,223.69406127929688,46.38742446899414,59.804840087890625,127.38999938964844,24.093225479125977
2022-08-05,81.37000274658203,75.39720916748047,50.15810775756836,32.87333297729492,47.79249954223633,103.06999969482422,37.45000076293945,109.37999725341797,101.2639389038086,116.4375228881836,6.550000190734863,34.67713165283203,317.79998779296875,96.76000213623047,45.689998626708984,18.936429977416992,22.84000015258789,83.5616683959961,153.07479858398438,80.25,49.2400016784668,80.69720458984375,375.8699951171875,224.83497619628906,47.4044303894043,59.3701057434082,127.16000366210938,23.134010314941406
2022-08-08,81.08999633789062,76.6047592163086,50.88352966308594,33.77333450317383,47.380001068115234,95.76000213623047,37.22999954223633,111.9800033569336,104.08890533447266,116.2690200805664,6.670000076293945,34.73085403442383,316.239990234375,97.05999755859375,44.71500015258789,17.74374008178711,23.479999542236328,83.51166534423828,152.46095275878906,81.08999633789062,48.900001525878906,81.73188781738281,384.30999755859375,216.1124725341797,47.90415954589844,60.18287658691406,125.51000213623047,23.256261825561523
2022-08-09,79.58999633789062,76.65997314453125,50.45016098022461,31.126667022705078,46.69499969482422,98.41999816894531,36.54999923706055,108.87000274658203,102.38008880615234,115.60489654541016,6.329999923706055,35.02640151977539,306.54998779296875,95.13999938964844,44.404998779296875,17.0386962890625,22.559999465942383,83.3949966430664,153.03097534179688,76.44999694824219,47.349998474121094,80.91754913330078,374.32000732421875,224.09852600097656,48.33375549316406,59.25670623779297,120.76000213623047,23.31268310546875
2022-08-10,81.1500015258789,79.26387786865234,51.83506393432617,34.20333480834961,50.20000076293945,101.37999725341797,36.47999954223633,116.9000015258789,107.8917236328125,118.64791870117188,6.820000171661377,35.554805755615234,319.260009765625,97.87000274658203,44.90999984741211,18.046899795532227,23.899999618530273,86.97333526611328,154.29380798339844,77.11000061035156,48.0099983215332,82.56538391113281,382.6700134277344,223.54452514648438,48.851009368896484,59.850162506103516,123.79000091552734,23.6700382232666
2022-08-11,81.41000366210938,80.83333587646484,51.27922058105469,34.369998931884766,49.51499938964844,104.05000305175781,36.40999984741211,114.68000030517578,108.78068542480469,117.79548645019531,7.090000152587891,34.94580841064453,316.9800109863281,96.43000030517578,44.650001525878906,17.892324447631836,23.8799991607666,86.08499908447266,153.5045166015625,74.70999908447266,49.560001373291016,84.4527816772461,382.82000732421875,221.43032836914062,49.710208892822266,61.16054916381836,120.66999816894531,23.829910278320312
2022-08-12,82.61000061035156,83.07452392578125,51.71259307861328,35.0533332824707,50.217498779296875,108.41500091552734,36.70000076293945,119.91000366210938,112.1192855834961,120.61051177978516,7.150000095367432,35.196571350097656,321.69000244140625,97.88999938964844,45.0099983215332,18.65720558166504,24.469999313354492,87.8133316040039,155.51278686523438,76.69000244140625,51.150001525878906,86.34014129638672,381.82000732421875,225.02174377441406,49.71897506713867,62.167076110839844,123.13999938964844,24.33772850036621
2022-08-15,82.62999725341797,83.41841888427734,51.326324462890625,33.75,50.45500183105469,105.08999633789062,37.93000030517578,117.61000061035156,111.78346252441406,121.00700378417969,7.21999979019165,35.77870178222656,330.3399963378906,98.51000213623047,45.89500045776367,18.97930908203125,24.459999084472656,87.961669921875,157.22286987304688,78.25,48.959999084472656,86.37846374511719,382.0,227.5606689453125,49.49979019165039,62.07210922241211,127.38999938964844,24.422365188598633
2022-08-16,81.75,84.2636489868164,51.60895919799805,33.20000076293945,50.102500915527344,103.18000030517578,37.68000030517578,120.86000061035156,115.72457885742188,120.63034057617188,6.960000038146973,35.89513397216797,331.70001220703125,99.04000091552734,46.13999938964844,18.826732635498047,24.280000686645508,87.42500305175781,158.1349639892578,78.75,47.7599983215332,88.75444793701172,378.19000244140625,229.12095642089844,49.5173225402832,63.28754806518555,136.58999633789062,24.290706634521484
2022-08-17,81.48999786376953,83.41410827636719,50.83642578125,32.99333190917969,49.22249984741211,102.33999633789062,37.61000061035156,116.91000366210938,112.6131591796875,118.49925231933594,6.730000019073486,35.868255615234375,329.79998779296875,97.4800033569336,45.755001068115234,18.284238815307617,24.06999969482422,85.75166320800781,158.04722595214844,77.80999755859375,46.099998474121094,88.9269027709961,379.1600036621094,230.94895935058594,48.815948486328125,65.08219909667969,133.0,24.008588790893555
2022-08-18,82.63999938964844,84.00477600097656,50.2052116394043,34.30666732788086,48.939998626708984,98.61000061035156,38.41999816894531,114.44999694824219,112.2674560546875,119.11377716064453,6.380000114440918,35.850345611572266,333.4200134277344,96.47000122070312,45.630001068115234,18.721027374267578,23.65999984741211,86.30833435058594,158.20506286621094,78.2300033569336,45.09000015258789,88.14129638671875,381.489990234375,231.61367797851562,49.20171356201172,64.57892608642578,130.47000122070312,24.300111770629883
2022-08-19,82.36000061035156,81.7404556274414,49.47036361694336,32.7599983215332,47.630001068115234,95.69999694824219,37.90999984741211,107.01000213623047,107.45712280273438,116.1798095703125,5.980000019073486,35.787654876708984,322.4700012207031,94.27999877929688,45.29499816894531,17.799585342407227,22.469999313354492,85.58499908447266,158.0033721923828,77.66000366210938,42.68000030517578,87.19282531738281,368.5799865722656,232.37074279785156,49.17540740966797,63.05015563964844,127.73999786376953,23.745271682739258
2022-08-22,82.87999725341797,77.26551818847656,48.255035400390625,34.529998779296875,46.470001220703125,95.12999725341797,37.5,103.73999786376953,104.58277130126953,113.23591613769531,6.019999980926514,35.35776901245117,315.2200012207031,91.37999725341797,44.79499816894531,16.986839294433594,21.719999313354492,84.67500305175781,156.4949951171875,74.75,41.5,84.41445922851562,359.760009765625,235.2512664794922,48.509098052978516,61.14155960083008,125.31999969482422,23.256261825561523
2022-08-23,83.0199966430664,78.0551528930664,48.556514739990234,37.68000030517578,48.09000015258789,95.54000091552734,37.470001220703125,103.73999786376953,104.67167663574219,112.85926055908203,5.989999771118164,35.366729736328125,315.92999267578125,92.80999755859375,45.08000183105469,17.133438110351562,21.850000381469727,94.9183349609375,156.4248504638672,76.20999908447266,41.06999969482422,84.27074432373047,351.3399963378906,234.6696319580078,48.99129867553711,60.66678237915039,124.36000061035156,23.01175308227539
2022-08-24,84.06999969482422,77.98189544677734,48.980464935302734,37.8466682434082,48.654998779296875,96.04000091552734,38.099998474121094,105.9000015258789,105.49150848388672,112.69075012207031,6.230000019073486,35.47420120239258,317.8399963378906,93.69000244140625,45.21500015258789,17.174320220947266,21.75,94.13500213623047,157.205322265625,76.81999969482422,41.18000030517578,86.76168823242188,355.4700012207031,237.69781494140625,49.64006805419922,61.12257385253906,123.30000305175781,23.688846588134766
2022-08-25,85.2300033569336,78.67047119140625,48.32098388671875,38.70000076293945,50.73500061035156,97.7300033569336,38.40999984741211,108.31999969482422,107.09164428710938,115.62472534179688,6.380000114440918,35.54584503173828,323.3599853515625,95.3499984741211,45.59000015258789,17.863405227661133,21.780000686645508,95.93000030517578,157.21409606933594,77.45999908447266,41.470001220703125,87.0970230102539,358.92999267578125,237.9471435546875,48.807186126708984,61.806236267089844,125.4800033569336,24.121437072753906
2022-08-26,82.63999938964844,74.84847259521484,46.79475784301758,36.9033317565918,48.63999938964844,93.2699966430664,36.97999954223633,104.25,102.14303588867188,109.37020111083984,6.019999980926514,34.587562561035156,311.30999755859375,91.80000305175781,44.57500076293945,16.214982986450195,20.899999618530273,93.44833374023438,153.5045166015625,74.63999938964844,39.560001373291016,83.60009765625,347.8500061035156,232.5646514892578,47.22908020019531,59.71722412109375,127.47000122070312,23.444339752197266
2022-08-29,84.11000061035156,74.36669921875,46.813602447509766,34.99333190917969,48.01250076293945,92.61000061035156,36.91999816894531,104.5199966430664,102.07389068603516,108.4582748413086,6.079999923706055,34.74877166748047,307.5,91.91000366210938,44.29499816894531,15.757253646850586,20.760000228881836,93.16500091552734,153.0221710205078,73.06999969482422,39.220001220703125,83.31269836425781,348.07000732421875,231.3736572265625,46.650447845458984,59.93561553955078,122.9000015258789,23.265661239624023
2022-08-30,82.94000244140625,73.64482879638672,46.465023040771484,34.810001373291016,48.32374954223633,92.12000274658203,37.900001525878906,105.77999877929688,101.38247680664062,107.98250579833984,6.25,34.408447265625,307.07000732421875,91.30000305175781,44.26499938964844,15.425176620483398,20.6200008392334,93.27999877929688,151.7067413330078,69.98999786376953,39.029998779296875,82.70909118652344,341.20001220703125,229.51792907714844,45.80879211425781,59.403873443603516,123.04000091552734,22.739038467407227
2022-08-31,81.93000030517578,73.47171020507812,45.56059265136719,34.496665954589844,45.65250015258789,94.0199966430664,38.130001068115234,105.61000061035156,101.39234924316406,107.26882934570312,6.360000133514404,34.1397705078125,299.9599914550781,90.36000061035156,44.415000915527344,15.05221176147461,19.989999771118164,92.80166625976562,151.07534790039062,67.75,39.11000061035156,82.65161895751953,337.0799865722656,227.1636505126953,45.30029296875,59.2044677734375,122.55999755859375,23.275068283081055
2022-09-01,81.33000183105469,72.55908966064453,45.20258712768555,33.063331604003906,43.24250030517578,93.73999786376953,38.439998626708984,106.12999725341797,100.4836196899414,108.77545928955078,6.25,34.32784652709961,294.45001220703125,90.19999694824219,44.5,13.898414611816406,19.479999542236328,90.85832977294922,152.60267639160156,65.76000213623047,38.5099983215332,84.79766845703125,337.2900085449219,228.5208282470703,45.37095260620117,60.61930847167969,120.72000122070312,23.472551345825195
2022-09-02,80.11000061035156,71.98723602294922,45.09895706176758,32.119998931884766,43.11249923706055,92.83999633789062,38.31999969482422,105.72000122070312,100.84909057617188,106.90206909179688,6.090000152587891,33.88005828857422,314.1700134277344,89.63999938964844,44.19499969482422,13.60921859741211,19.3700008392334,89.86666870117188,150.6692352294922,65.80999755859375,37.939998626708984,84.01891326904297,330.79998779296875,226.05577087402344,45.66241455078125,60.31544876098633,118.62999725341797,23.472551345825195
2022-09-06,80.13999938964844,71.08404541015625,45.541751861572266,31.273332595825195,42.787498474121094,91.72000122070312,37.9900016784668,103.86000061035156,99.6144027709961,105.8712158203125,5.980000019073486,33.64720916748047,327.80999755859375,88.93000030517578,44.29499816894531,13.427722930908203,18.780000686645508,88.42333221435547,149.65391540527344,64.83999633789062,37.90999984741211,83.3747787475586,331.3399963378906,226.0926971435547,45.61825942993164,59.71722412109375,119.52999877929688,22.88950538635254
2022-09-07,83.02999877929688,73.34010314941406,46.201229095458984,32.97666549682617,42.9900016784668,93.94999694824219,39.029998779296875,107.36000061035156,102.90360260009766,108.48800659179688,6.510000228881836,34.3368034362793,336.8699951171875,91.19000244140625,45.224998474121094,13.680096626281738,19.540000915527344,90.0,152.95582580566406,67.83000183105469,39.939998626708984,88.585693359375,346.6099853515625,229.32403564453125,46.13050842285156,62.51840591430664,120.58000183105469,23.1716251373291
2022-09-08,83.7300033569336,74.65498352050781,46.3896598815918,34.99333190917969,44.96875,92.7300033569336,38.95000076293945,108.30000305175781,103.69379425048828,107.42741394042969,6.599999904632568,34.44427490234375,345.7900085449219,90.7300033569336,45.709999084472656,13.955412864685059,19.75,91.20833587646484,152.4437713623047,69.8499984741211,41.86000061035156,88.70105743408203,341.82000732421875,229.18556213378906,45.768394470214844,63.11661911010742,120.58000183105469,23.416128158569336
2022-09-09,83.6500015258789,77.59296417236328,47.011451721191406,35.310001373291016,47.71500015258789,99.55000305175781,38.880001068115234,110.41999816894531,107.83245849609375,109.6774673461914,6.679999828338623,34.6502571105957,348.6499938964844,93.12000274658203,46.21500015258789,14.351430892944336,20.280000686645508,94.12833404541016,152.92930603027344,71.27999877929688,45.529998779296875,89.90283966064453,342.44000244140625,227.7637939453125,46.0775260925293,63.25905227661133,127.77999877929688,23.745271682739258
2022-09-12,86.7300033569336,78.85770416259766,48.63187789916992,35.78666687011719,48.775001525878906,101.33999633789062,38.97999954223633,114.08000183105469,110.3709716796875,109.88562774658203,6.639999866485596,34.93684387207031,352.739990234375,95.26000213623047,46.779998779296875,14.469141006469727,20.920000076293945,94.68000030517578,153.5296630859375,71.70999908447266,46.56999969482422,91.3161392211914,346.5199890136719,229.0009307861328,47.05789566040039,63.60089874267578,129.5399932861328,24.25309181213379
2022-09-13,83.4800033569336,75.23387145996094,46.7099723815918,33.266666412353516,46.17499923706055,98.75,38.20000076293945,107.05999755859375,106.86447143554688,103.4030990600586,6.039999961853027,33.75467300415039,337.32000732421875,90.43000030517578,44.76499938964844,13.098535537719727,19.100000381469727,91.4800033569336,147.7998809814453,69.48999786376953,43.869998931884766,86.3936538696289,329.79998779296875,221.5041961669922,45.24729919433594,61.302978515625,127.0199966430664,23.491361618041992
2022-09-14,83.88999938964844,77.05831909179688,46.31428146362305,34.65666580200195,46.02750015258789,102.01000213623047,40.47999954223633,111.2300033569336,108.83997344970703,104.0771255493164,6.139999866485596,33.79945755004883,342.9200134277344,92.25,44.46500015258789,13.09554672241211,19.229999542236328,91.02999877929688,148.921142578125,69.58000183105469,45.06999969482422,86.00907897949219,329.4800109863281,222.43663024902344,44.73503112792969,61.113075256347656,128.16000366210938,23.84872055053711
2022-09-15,83.80000305175781,76.64273834228516,46.15412902832031,33.866668701171875,44.71500015258789,101.94000244140625,40.400001525878906,112.3499984741211,106.4693832397461,102.00550842285156,6.03000020980835,33.34270095825195,338.6000061035156,92.08999633789062,43.685001373291016,12.897034645080566,18.6200008392334,89.80999755859375,146.44912719726562,68.08999633789062,43.5,86.10521697998047,329.1099853515625,222.05813598632812,44.99116897583008,61.60683059692383,128.42999267578125,23.85811996459961
2022-09-16,84.16999816894531,73.49677276611328,46.56865310668945,33.56666564941406,42.752498626708984,99.30999755859375,39.369998931884766,108.02999877929688,100.64165496826172,101.89645385742188,5.880000114440918,33.28896713256836,333.239990234375,87.43000030517578,43.619998931884766,13.165369987487793,18.100000381469727,87.04499816894531,147.41143798828125,65.58000183105469,39.5,86.76860046386719,326.94000244140625,221.48573303222656,44.5495491027832,61.3979377746582,124.19000244140625,23.801700592041016
2022-09-19,84.33999633789062,74.53630828857422,47.17160415649414,35.349998474121094,43.84749984741211,98.9000015258789,39.5099983215332,111.77999877929688,101.23430633544922,102.1640853881836,5.78000020980835,33.826324462890625,337.0799865722656,86.9800033569336,43.92499923706055,13.348917007446289,18.25,87.67500305175781,148.96527099609375,64.86000061035156,37.11000061035156,87.23968505859375,328.3699951171875,223.6645965576172,45.14131546020508,62.233524322509766,125.08000183105469,24.093225479125977
2022-09-20,82.18000030517578,74.28717803955078,46.34254455566406,34.07666778564453,43.467498779296875,97.08999633789062,39.52000045776367,103.97000122070312,103.34807586669922,100.25105285644531,5.71999979019165,33.52181625366211,331.57000732421875,86.86000061035156,43.849998474121094,13.143425941467285,17.729999542236328,87.51000213623047,149.13302612304688,63.02000045776367,36.40999984741211,84.89381408691406,332.489990234375,223.0736846923828,44.09028244018555,60.5053596496582,121.69000244140625,23.594989776611328
2022-09-21,80.02999877929688,70.76481628417969,45.35332489013672,32.74333190917969,42.3125,95.87999725341797,39.81999969482422,104.06999969482422,97.79694366455078,98.40739440917969,5.679999828338623,33.28001022338867,318.1199951171875,81.55000305175781,43.52000045776367,13.2282133102417,17.739999771118164,85.55999755859375,148.70925903320312,60.86000061035156,35.810001373291016,84.46116638183594,326.6300048828125,220.53480529785156,43.53386306762695,59.78369903564453,117.91999816894531,23.149803161621094
2022-09-22,79.0199966430664,67.39165496826172,45.75843811035156,29.96666717529297,40.31999969482422,92.52999877929688,39.40999984741211,97.48999786376953,90.87283325195312,99.25984191894531,5.46999979019165,33.2352294921875,306.29998779296875,77.4800033569336,43.3849983215332,12.529947280883789,17.350000381469727,83.08999633789062,148.8505401611328,57.470001220703125,35.2599983215332,83.24977111816406,318.4800109863281,218.42979431152344,43.41020584106445,58.88162612915039,114.73999786376953,22.789865493774414
2022-09-23,77.79000091552734,65.40583801269531,43.94015884399414,29.50666618347168,40.09749984741211,89.20999908447266,38.65999984741211,96.47000122070312,90.14189147949219,97.87214660644531,5.349999904632568,33.2083625793457,293.20001220703125,75.2699966430664,43.54499816894531,12.485057830810547,17.15999984741211,80.78500366210938,148.77989196777344,55.880001068115234,35.540000915527344,81.1827163696289,317.6400146484375,213.5089111328125,42.111873626708984,58.178958892822266,110.36000061035156,22.136289596557617
2022-09-26,77.06999969482422,65.38116455078125,42.90383529663086,29.420000076293945,39.837501525878906,90.36000061035156,38.75,94.30000305175781,88.59113311767578,97.30714416503906,5.309999942779541,33.387481689453125,294.6600036621094,73.77999877929688,43.95500183105469,12.197768211364746,16.559999465942383,81.58499908447266,148.7180938720703,56.56999969482422,35.54999923706055,79.73096466064453,320.2099914550781,214.80145263671875,41.94405746459961,57.26738357543945,109.56999969482422,21.283798217773438
2022-09-27,76.72000122070312,65.3776626586914,42.54582977294922,29.94333267211914,40.64500045776367,94.12000274658203,37.5,96.7300033569336,90.69503021240234,96.64305114746094,5.380000114440918,32.214263916015625,299.19000244140625,75.02999877929688,43.67499923706055,12.38231086730957,16.93000030517578,81.83000183105469,146.5639190673828,57.689998626708984,36.59000015258789,81.14425659179688,324.6700134277344,214.86605834960938,42.032379150390625,57.51427459716797,109.9000015258789,20.85755729675293
2022-09-28,80.06999969482422,67.63841247558594,43.08283996582031,30.92333221435547,41.8125,98.33000183105469,38.279998779296875,102.1500015258789,94.73492431640625,99.17063903808594,5.699999809265137,32.751617431640625,309.3399963378906,77.7699966430664,44.70000076293945,12.704514503479004,17.90999984741211,83.4000015258789,148.9123077392578,58.79999923706055,38.040000915527344,83.65357971191406,334.19000244140625,219.205322265625,42.677127838134766,59.1664924621582,114.19000244140625,21.122774124145508
2022-09-29,79.9000015258789,65.75991821289062,42.80962371826172,30.28333282470703,41.42499923706055,94.87000274658203,37.54999923706055,101.5199966430664,93.05574798583984,96.56375122070312,5.590000152587891,32.526485443115234,300.2200012207031,75.26000213623047,44.005001068115234,12.189789772033691,17.299999237060547,82.79000091552734,147.09364318847656,56.959999084472656,35.380001068115234,80.78852844238281,332.17999267578125,215.73391723632812,42.54464340209961,58.245426177978516,108.58000183105469,20.251344680786133
2022-09-30,78.18000030517578,64.3612289428711,42.54582977294922,30.226667404174805,41.20249938964844,95.2300033569336,37.619998931884766,100.12999725341797,92.54212188720703,94.80931091308594,5.579999923706055,32.25633239746094,279.55999755859375,76.04000091552734,43.47999954223633,12.108988761901855,16.049999237060547,81.8949966430664,144.13601684570312,57.65999984741211,35.84000015258789,81.0192642211914,323.6499938964844,212.0502166748047,42.38567352294922,58.986080169677734,109.0,19.89140510559082
2022-10-03,81.05000305175781,65.76032257080078,43.19588851928711,30.406667709350586,42.32749938964844,97.0,38.59000015258789,104.98999786376953,93.24342346191406,97.77302551269531,5.559999942779541,33.201866149902344,292.1000061035156,78.36000061035156,44.53499984741211,12.481069564819336,16.799999237060547,84.84500122070312,145.89291381835938,58.36000061035156,36.40999984741211,82.64408111572266,328.94000244140625,216.5186767578125,42.90677261352539,59.72671890258789,113.36000061035156,20.336591720581055
2022-10-04,83.87999725341797,68.89806365966797,45.221431732177734,31.450000762939453,43.76750183105469,101.7300033569336,39.68000030517578,110.19999694824219,100.84909057617188,100.74665832519531,5.699999809265137,33.553062438964844,307.79998779296875,80.45999908447266,45.82500076293945,13.134449005126953,17.649999618530273,86.91999816894531,147.53504943847656,62.11000061035156,38.68000030517578,85.9321517944336,338.8599853515625,219.17762756347656,43.4985237121582,62.11957931518555,116.58999633789062,21.72899055480957
2022-10-05,83.12000274658203,67.63175201416016,44.04378890991211,29.696666717529297,44.17499923706055,102.02999877929688,39.029998779296875,112.33000183105469,97.77718353271484,100.53850555419922,5.699999809265137,33.71516036987305,310.04998779296875,80.66999816894531,46.09000015258789,13.17634391784668,17.90999984741211,87.82499694824219,146.55506896972656,62.060001373291016,38.0,86.35517883300781,337.2200012207031,217.8389434814453,42.800785064697266,62.48042678833008,117.30000305175781,21.681625366210938
2022-10-06,82.77999877929688,66.96669006347656,43.167625427246094,29.883333206176758,44.59749984741211,104.29000091552734,38.70000076293945,115.11000061035156,94.4385986328125,100.52859497070312,5.650000095367432,33.445011138916016,310.4800109863281,79.86000061035156,45.869998931884766,13.097540855407715,18.06999969482422,87.375,143.7299041748047,62.150001525878906,39.150001525878906,84.83612823486328,346.92999267578125,214.67221069335938,42.15603256225586,61.806236267089844,121.37999725341797,21.45429801940918
2022-10-07,80.16999816894531,66.00432586669922,42.696571350097656,28.523332595825195,42.970001220703125,98.5,38.27000045776367,110.44000244140625,92.76930236816406,97.81267547607422,5.380000114440918,32.86869430541992,298.2200012207031,78.61000061035156,45.14500045776367,12.046144485473633,16.780000686645508,84.95500183105469,142.67930603027344,60.88999938964844,34.81999969482422,83.50936126708984,342.45001220703125,205.60597229003906,41.5289421081543,61.331459045410156,120.7300033569336,20.81019401550293
2022-10-10,79.91000366210938,65.46263885498047,42.33856201171875,29.746667861938477,40.27000045776367,98.30000305175781,37.4900016784668,108.97000122070312,91.55438232421875,96.99988555908203,4.989999771118164,33.29192352294922,289.8500061035156,78.05999755859375,45.5099983215332,11.64114761352539,16.0,81.56999969482422,142.86471557617188,60.220001220703125,35.400001525878906,82.55754852294922,348.25,204.258056640625,41.78507614135742,61.0845832824707,117.93000030517578,20.535505294799805
2022-10-11,80.26000213623047,64.02437591552734,42.30088424682617,28.770000457763672,38.9474983215332,96.27999877929688,39.7400016784668,105.5999984741211,90.69503021240234,96.32585144042969,5.050000190734863,33.8142204284668,295.67999267578125,77.75,44.72999954223633,11.557355880737305,16.299999237060547,78.68499755859375,143.5445098876953,60.86000061035156,34.560001373291016,82.817138671875,356.9100036621094,204.39651489257812,42.1736946105957,61.113075256347656,115.08999633789062,20.649166107177734
2022-10-12,80.41999816894531,65.63066864013672,43.02630615234375,30.113332748413086,38.247501373291016,97.52999877929688,40.08000183105469,106.16000366210938,91.99886322021484,96.7025146484375,4.989999771118164,33.95829772949219,295.5,77.33000183105469,44.78499984741211,11.471570014953613,16.84000015258789,77.65499877929688,149.54795837402344,60.4900016784668,37.189998626708984,81.25000762939453,368.3699951171875,206.1691436767578,43.06574249267578,60.65728759765625,116.55000305175781,20.308170318603516
2022-10-13,82.37999725341797,66.27733612060547,43.676368713378906,30.183332443237305,38.150001525878906,92.16999816894531,39.810001373291016,96.31999969482422,90.34931945800781,98.1893310546875,4.980000019073486,34.34552764892578,294.510009765625,77.94000244140625,45.040000915527344,11.930431365966797,17.139999389648438,78.94499969482422,154.15652465820312,61.06999969482422,37.91999816894531,82.15374755859375,371.0199890136719,208.55111694335938,43.6751708984375,61.89170837402344,118.86000061035156,20.535505294799805
2022-10-14,80.19000244140625,65.42974090576172,42.932098388671875,27.559999465942383,36.494998931884766,78.30999755859375,39.380001068115234,92.44999694824219,89.16403198242188,95.7113037109375,4.769999980926514,33.61610412597656,288.7799987792969,75.77999877929688,43.70000076293945,11.199243545532227,16.09000015258789,77.41500091552734,150.25425720214844,59.380001068115234,35.560001373291016,78.30806732177734,350.67999267578125,204.9504852294922,43.101078033447266,60.34392547607422,117.81999969482422,20.289228439331055
2022-10-17,82.38999938964844,68.44566345214844,43.94957733154297,29.606666564941406,37.90250015258789,86.91999816894531,41.5,98.12000274658203,94.11264038085938,99.09134674072266,4.340000152587891,34.00333023071289,297.6499938964844,78.02999877929688,44.689998626708984,11.858610153198242,16.520000457763672,79.2699966430664,152.49671936035156,60.65999984741211,42.61000061035156,80.96158599853516,354.7799987792969,206.82464599609375,43.383705139160156,62.56587219238281,117.88999938964844,20.86703109741211
2022-10-18,82.77999877929688,69.4824447631836,44.19452667236328,29.77666664123535,39.220001220703125,89.16000366210938,41.849998474121094,100.4800033569336,96.90796661376953,99.88430786132812,4.389999866485596,34.552635192871094,297.760009765625,79.5999984741211,45.2400016784668,11.937414169311523,16.989999771118164,81.68499755859375,154.55380249023438,60.810001373291016,43.380001068115234,81.39422607421875,354.30999755859375,209.10504150390625,43.47203826904297,63.458465576171875,121.29000091552734,21.36904525756836
2022-10-19,80.58999633789062,69.39863586425781,42.96977996826172,28.26333236694336,38.1349983215332,87.77999877929688,40.16999816894531,94.33000183105469,94.94235229492188,98.75432586669922,4.090000152587891,34.021339416503906,296.8699951171875,79.62000274658203,44.119998931884766,12.021209716796875,16.209999084472656,80.05500030517578,153.0529327392578,60.70000076293945,41.439998626708984,80.43281555175781,335.2799987792969,206.12298583984375,42.668304443359375,62.765281677246094,122.5,21.028053283691406
2022-10-20,79.93000030517578,69.4691390991211,42.611778259277344,27.84666633605957,38.470001220703125,88.72000122070312,40.08000183105469,97.44000244140625,92.00874328613281,99.09134674072266,4.28000020980835,33.571083068847656,293.1300048828125,78.86000061035156,43.505001068115234,12.16385269165039,16.170000076293945,79.28500366210938,151.37548828125,58.97999954223633,42.56999969482422,79.30792999267578,336.1600036621094,205.44900512695312,42.606468200683594,62.0626220703125,123.88999938964844,20.383953094482422
2022-10-21,77.51000213623047,71.39501190185547,43.56331253051758,28.553333282470703,39.08000183105469,82.25,41.560001373291016,100.91000366210938,96.07825469970703,100.24113464355469,4.369999885559082,33.87725830078125,298.6300048828125,79.52999877929688,43.79499816894531,12.4351806640625,16.479999542236328,81.01499938964844,152.78805541992188,57.810001373291016,42.810001373291016,81.78841400146484,402.2799987792969,207.86790466308594,43.419036865234375,64.19911193847656,125.55000305175781,20.601810455322266
2022-10-24,78.4800033569336,70.83765411376953,44.18510437011719,28.06999969482422,39.49250030517578,76.87000274658203,41.65999984741211,102.06999969482422,94.68553161621094,101.61890411376953,4.170000076293945,34.61567687988281,297.67999267578125,78.66000366210938,45.05500030517578,12.567852973937988,16.799999237060547,80.66999816894531,156.8668670654297,57.52000045776367,41.849998474121094,83.73050689697266,404.25,212.10557556152344,43.98429489135742,65.68989562988281,123.11000061035156,20.35553741455078
2022-10-25,79.69000244140625,73.42469787597656,44.656166076660156,29.450000762939453,40.52750015258789,81.04000091552734,43.36000061035156,103.23999786376953,97.5006103515625,103.56168365478516,4.329999923706055,34.71472930908203,320.6300048828125,81.70999908447266,45.83000183105469,13.2282133102417,18.1299991607666,83.09500122070312,157.3877716064453,60.630001068115234,45.709999084472656,89.47981262207031,415.2099914550781,220.4239959716797,44.66437530517578,66.90533447265625,125.02999877929688,20.82914161682129
2022-10-26,81.6500015258789,72.52032470703125,44.48658752441406,30.149999618530273,40.442501068115234,81.80999755859375,42.16999816894531,101.4000015258789,95.58438873291016,94.09563446044922,4.429999828338623,34.90384292602539,321.3299865722656,78.47000122070312,46.005001068115234,12.864117622375488,17.850000381469727,83.36499786376953,158.09408569335938,60.65999984741211,45.5,89.7874755859375,396.25,219.57460021972656,44.21393966674805,67.33262634277344,123.62000274658203,20.74388885498047
2022-10-27,82.30999755859375,71.82390594482422,46.681705474853516,29.790000915527344,41.182498931884766,82.44999694824219,42.95000076293945,100.91000366210938,95.3868408203125,91.40945434570312,4.340000152587891,34.318504333496094,320.6099853515625,78.12999725341797,45.8650016784668,13.143425941467285,17.3799991607666,84.06999969482422,157.9263458251953,61.5,46.5,90.9507827758789,379.05999755859375,220.15626525878906,44.04611587524414,68.28218078613281,122.73999786376953,20.819665908813477
2022-10-28,83.05000305175781,73.3115005493164,47.42597961425781,30.573333740234375,40.912498474121094,83.1500015258789,43.81999969482422,97.91000366210938,95.56462860107422,95.44367218017578,4.489999771118164,35.6152458190918,328.4800109863281,80.05999755859375,46.77000045776367,13.799798011779785,17.579999923706055,85.54000091552734,160.88388061523438,63.459999084472656,45.779998779296875,91.671875,383.75,228.12384033203125,45.13248062133789,68.8424072265625,124.0199966430664,21.766876220703125
2022-10-31,81.30000305175781,73.22377014160156,47.199867248535156,30.360000610351562,40.29999923706055,81.83999633789062,43.2599983215332,93.91000366210938,92.32482147216797,93.6793212890625,4.539999961853027,34.97587966918945,329.0400085449219,79.61000061035156,46.86000061035156,13.463632583618164,17.59000015258789,85.79499816894531,160.31007385253906,65.4800033569336,44.7400016784668,91.99874877929688,373.2900085449219,228.11459350585938,44.54072189331055,68.46258544921875,118.4800033569336,21.757402420043945
2022-11-01,80.25,74.0086898803711,48.11371994018555,30.18666648864746,40.13249969482422,81.2300033569336,43.70000076293945,91.43000030517578,94.48799133300781,89.67484283447266,4.519999980926514,34.07537078857422,330.3599853515625,79.43000030517578,47.17499923706055,13.509517669677734,17.709999084472656,85.38500213623047,159.5861053466797,65.5,44.310001373291016,91.0277099609375,370.2699890136719,224.75399780273438,43.10991668701172,68.13975524902344,116.30999755859375,21.66268539428711
2022-11-02,77.94999694824219,69.64773559570312,46.63460159301758,28.883333206176758,36.997501373291016,79.88999938964844,41.65999984741211,87.54000091552734,89.23316192626953,86.2055892944336,4.28000020980835,33.30092239379883,316.05999755859375,76.77999877929688,45.85499954223633,13.186320304870605,16.850000381469727,80.88999938964844,157.3612823486328,64.04000091552734,42.869998931884766,89.02794647216797,368.8800048828125,220.89483642578125,43.57801818847656,66.743896484375,113.55000305175781,21.66268539428711
2022-11-03,77.45999908447266,71.51017761230469,46.31428146362305,29.626667022705078,35.38249969482422,82.3499984741211,48.09000015258789,100.02999877929688,86.55635833740234,82.69672393798828,4.199999809265137,32.6795768737793,318.1000061035156,76.41999816894531,45.54499816894531,13.387819290161133,17.0,74.8499984741211,156.95518493652344,64.08000183105469,43.29999923706055,88.73950958251953,371.6700134277344,223.62753295898438,43.7016716003418,67.60799407958984,111.30000305175781,22.003677368164062
2022-11-04,78.48999786376953,73.41648864746094,49.102935791015625,28.746667861938477,31.889999389648438,79.83999633789062,48.63999938964844,98.3499984741211,91.49510955810547,85.81903839111328,4.25,33.30092239379883,325.57000732421875,70.72000122070312,48.970001220703125,14.121002197265625,17.6299991607666,71.1050033569336,157.8380584716797,62.619998931884766,40.58000183105469,90.25857543945312,375.510009765625,226.795654296875,45.22080612182617,67.59850311279297,108.52999877929688,21.643739700317383
2022-11-07,78.47000122070312,71.82703399658203,49.70588684082031,29.0,31.170000076293945,77.88999938964844,50.119998931884766,99.19000244140625,88.49235534667969,87.71221923828125,4.619999885559082,33.733177185058594,324.25,73.26000213623047,49.45000076293945,14.265643119812012,17.450000762939453,72.2249984741211,159.10057067871094,61.630001068115234,39.81999969482422,89.5470962524414,367.0,228.33338928222656,45.026493072509766,68.4815902709961,108.4000015258789,22.572006225585938
2022-11-08,79.25,72.82073211669922,49.526885986328125,27.453332901000977,31.75,78.51000213623047,50.4900016784668,101.77999877929688,88.60100555419922,88.1186294555664,5.53000020980835,34.1654167175293,328.5,72.9000015258789,48.93000030517578,14.565900802612305,17.31999969482422,77.08499908447266,159.54197692871094,66.91999816894531,39.13999938964844,88.53762817382812,353.6400146484375,225.45242309570312,45.30029296875,67.88336181640625,93.56999969482422,22.846696853637695
2022-11-09,81.51000213623047,73.08041381835938,49.0935173034668,26.21666717529297,30.59000015258789,77.0,49.75,94.95999908447266,87.96884155273438,86.55250549316406,5.519999980926514,33.83222579956055,321.2099914550781,72.63999938964844,48.1150016784668,13.741942405700684,16.450000762939453,75.78500366210938,157.63499450683594,68.5999984741211,30.920000076293945,87.79730987548828,347.0400085449219,222.12684631347656,43.94896697998047,66.82022857666016,94.08999633789062,22.306785583496094
2022-11-10,84.47000122070312,76.24088287353516,50.64800262451172,29.73666763305664,33.939998626708984,84.75,51.56999969482422,110.20999908447266,97.82656860351562,93.11432647705078,6.150000095367432,34.1654167175293,353.8500061035156,76.36000061035156,49.650001525878906,15.711064338684082,18.09000015258789,81.7300033569336,160.41600036621094,72.25,33.72999954223633,93.3831787109375,369.82000732421875,226.05455017089844,45.44160461425781,70.55789184570312,98.56999969482422,23.291887283325195
2022-11-11,80.68000030517578,78.95365905761719,52.15538787841797,31.116666793823242,35.779998779296875,73.43000030517578,49.59000015258789,115.63999938964844,101.53062438964844,95.56262969970703,5.829999923706055,33.6251106262207,359.70001220703125,76.69999694824219,49.060001373291016,16.286638259887695,19.579999923706055,82.66000366210938,157.19354248046875,71.18000030517578,36.7400016784668,92.46023559570312,412.1499938964844,228.80580139160156,45.83905792236328,70.46253204345703,102.25,22.818283081054688
2022-11-14,80.87999725341797,77.52324676513672,51.59954071044922,30.386667251586914,35.502498626708984,73.44999694824219,50.16999816894531,119.73999786376953,97.40184783935547,94.85884857177734,6.03000020980835,32.90469741821289,352.739990234375,73.5999984741211,48.459999084472656,16.254714965820312,19.639999389648438,80.86499786376953,156.02818298339844,72.04000091552734,35.599998474121094,90.97962188720703,378.6700134277344,226.45289611816406,45.88322067260742,69.66160583496094,99.87999725341797,21.73846435546875
2022-11-15,81.16000366210938,78.410400390625,51.580692291259766,32.790000915527344,37.07500076293945,73.81999969482422,51.75,125.30999755859375,98.71554565429688,97.57479095458984,6.190000057220459,32.94972610473633,359.55999755859375,74.27999877929688,49.06999969482422,16.624799728393555,20.15999984741211,81.19000244140625,156.43431091308594,76.70999908447266,36.72999954223633,94.02734375,387.2699890136719,225.51730346679688,45.99803161621094,71.62580108642578,101.02999877929688,21.501657485961914
2022-11-16,81.41000366210938,78.87571716308594,51.85390853881836,33.55666732788086,35.912498474121094,70.66000366210938,52.91999816894531,119.72000122070312,96.25605010986328,97.98118591308594,5.78000020980835,33.03977966308594,355.760009765625,74.01000213623047,49.595001220703125,15.870665550231934,18.399999618530273,79.54499816894531,157.44076538085938,74.94999694824219,34.40999984741211,92.77751159667969,377.69000244140625,225.3042449951172,46.0245361328125,75.3443832397461,100.80999755859375,21.624797821044922
2022-11-17,80.98999786376953,76.01566314697266,51.825645446777344,33.23666763305664,34.807498931884766,69.2699966430664,52.709999084472656,114.37000274658203,96.06838989257812,97.49549865722656,5.820000171661377,33.174861907958984,354.2699890136719,71.8499984741211,49.47999954223633,15.6382417678833,17.31999969482422,78.27999877929688,158.94161987304688,72.87000274658203,32.529998779296875,94.15233612060547,377.0400085449219,226.82339477539062,46.81943130493164,74.36229705810547,99.66000366210938,21.274328231811523
2022-11-18,83.33999633789062,75.99686431884766,52.3155403137207,32.33000183105469,34.747501373291016,67.69999694824219,54.90999984741211,113.91999816894531,97.10550689697266,96.57365417480469,5.78000020980835,33.6971549987793,347.8500061035156,66.20999908447266,49.849998474121094,15.370905876159668,16.93000030517578,83.73999786376953,160.08937072753906,74.98999786376953,31.719999313354492,103.43971252441406,376.6499938964844,229.40789794921875,47.252201080322266,74.52438354492188,98.7699966430664,21.70056915283203
2022-11-21,84.83999633789062,75.18255615234375,52.28728103637695,32.029998779296875,33.88999938964844,69.44000244140625,54.41999816894531,114.94000244140625,95.8807144165039,94.7597427368164,5.900000095367432,34.219444274902344,349.3800048828125,66.94000244140625,50.54999923706055,15.279130935668945,17.020000457763672,85.30999755859375,163.1705322265625,73.62000274658203,30.770000457763672,107.96802520751953,374.05999755859375,233.82655334472656,47.98528289794922,75.32530975341797,97.43000030517578,21.672151565551758
2022-11-22,86.76000213623047,76.25889587402344,52.69239044189453,31.05666732788086,33.95000076293945,68.2699966430664,54.29999923706055,119.29000091552734,99.0513916015625,96.19700622558594,5.889999866485596,34.51662063598633,355.6400146484375,67.48999786376953,51.58000183105469,15.998351097106934,18.170000076293945,85.83499908447266,163.18820190429688,73.38999938964844,30.84000015258789,110.82344055175781,372.3399963378906,236.2165069580078,48.400390625,76.38368225097656,100.29000091552734,22.1931209564209
2022-11-23,86.55999755859375,77.13939666748047,53.1163444519043,34.63999938964844,35.22249984741211,68.58000183105469,54.91999816894531,119.98999786376953,99.6440200805664,97.5946044921875,6.269999980926514,34.50761032104492,360.5299987792969,68.58000183105469,51.96500015258789,16.478158950805664,18.610000610351562,86.55000305175781,163.4000701904297,75.51000213623047,32.0,111.55413818359375,373.760009765625,237.78201293945312,48.81550216674805,76.79368591308594,103.1500015258789,22.733028411865234
2022-11-25,86.4000015258789,77.73396301269531,53.31418228149414,36.413333892822266,35.01250076293945,69.69000244140625,55.5099983215332,120.30999755859375,100.25643157958984,96.60340118408203,6.110000133514404,34.444583892822266,361.1600036621094,68.45999908447266,51.685001373291016,16.229774475097656,18.469999313354492,86.38500213623047,162.543701171875,76.3499984741211,31.760000228881836,111.46759796142578,377.07000732421875,238.52310180664062,49.08930206298828,77.26089477539062,102.62999725341797,22.808809280395508
2022-11-28,84.18000030517578,77.74454498291016,54.8027229309082,35.939998626708984,34.86249923706055,66.55999755859375,55.47999954223633,119.4800033569336,98.4291000366211,95.20578002929688,6.059999942779541,34.3995475769043,363.2799987792969,68.69000244140625,50.939998626708984,15.787871360778809,18.510000228881836,85.69499969482422,162.34945678710938,76.7699966430664,30.8799991607666,111.88101196289062,375.5,238.53236389160156,48.51520538330078,76.30741119384766,101.26000213623047,22.534116744995117
2022-11-29,86.0199966430664,79.00810241699219,54.661407470703125,34.2599983215332,34.5,66.58999633789062,53.68000030517578,121.87999725341797,101.19478607177734,94.35335540771484,5.869999885559082,34.309505462646484,363.32000732421875,70.20999908447266,49.89500045776367,15.600337982177734,18.440000534057617,85.25499725341797,161.20175170898438,77.12999725341797,29.829999923706055,112.28482055664062,373.3800048828125,234.95664978027344,48.506378173828125,76.43136596679688,101.3499984741211,22.950883865356445
2022-11-30,89.05999755859375,81.4478759765625,55.48104476928711,37.11333465576172,29.412500381469727,69.66999816894531,54.959999084472656,132.08999633789062,105.531005859375,100.10237121582031,6.190000057220459,34.822792053222656,380.30999755859375,72.76000213623047,51.43000030517578,16.885482788085938,19.420000076293945,84.94999694824219,163.7797088623047,78.36000061035156,31.770000457763672,113.13086700439453,384.3699951171875,238.3933563232422,48.6741943359375,76.32646942138672,105.69000244140625,23.045610427856445
2022-12-01,87.62000274658203,80.6974105834961,56.27241516113281,37.793331146240234,31.017499923706055,70.6500015258789,55.400001525878906,139.38999938964844,104.63215637207031,100.10237121582031,6.380000114440918,34.85881042480469,381.82000732421875,73.55000305175781,51.625,17.09701156616211,19.229999542236328,89.19999694824219,165.14776611328125,79.47000122070312,33.38999938964844,113.42890167236328,384.4800109863281,239.66246032714844,48.887638092041016,76.03087615966797,106.4000015258789,23.235050201416016
2022-12-02,87.44000244140625,81.68250274658203,56.85652542114258,39.19333267211914,31.0,70.69999694824219,55.2599983215332,140.49000549316406,102.41960144042969,99.55720520019531,6.610000133514404,34.88582992553711,385.989990234375,73.91999816894531,52.02000045776367,16.83858299255371,19.610000610351562,86.34500122070312,164.9612579345703,78.61000061035156,33.9900016784668,114.40955352783203,388.7200012207031,241.8208465576172,49.42124557495117,76.4599609375,108.76000213623047,22.723552703857422
2022-12-05,85.66000366210938,80.54974365234375,56.00862503051758,37.80666732788086,29.582500457763672,68.12000274658203,53.93000030517578,137.2100067138672,99.42672729492188,98.60565948486328,6.710000038146973,34.18342208862305,381.1300048828125,73.87999725341797,51.084999084472656,16.57317352294922,18.860000610351562,84.99500274658203,162.67813110351562,77.41000366210938,31.239999771118164,113.12753295898438,379.70001220703125,236.08680725097656,48.469642639160156,75.76390075683594,106.9800033569336,22.20259666442871
2022-12-06,84.70999908447266,79.98847198486328,55.603519439697266,37.98666763305664,28.457500457763672,67.83999633789062,54.810001373291016,135.00999450683594,95.7226791381836,96.12761688232422,6.619999885559082,33.922279357910156,370.0,70.91000366210938,50.720001220703125,15.951555252075195,17.90999984741211,83.34500122070312,161.3544464111328,75.56999969482422,30.649999618530273,112.32744598388672,359.9200134277344,229.38011169433594,47.36684036254883,75.66856384277344,101.2699966430664,22.46781349182129
2022-12-07,81.94000244140625,76.59535217285156,55.9144172668457,37.119998931884766,28.299999237060547,68.0,54.5,130.1300048828125,89.67764282226562,94.10554504394531,7.0,34.1654167175293,372.3299865722656,71.13999938964844,50.6150016784668,16.084260940551758,18.030000686645508,82.34500122070312,161.84304809570312,76.01000213623047,30.770000457763672,111.19963836669922,359.0199890136719,228.4908447265625,47.180076599121094,75.70670318603516,99.48999786376953,22.392030715942383
2022-12-08,83.31999969482422,78.75743103027344,56.121681213378906,39.40999984741211,28.559999465942383,68.8499984741211,55.06999969482422,134.5,92.4334716796875,92.88634490966797,7.25,34.49861145019531,374.510009765625,71.47000122070312,50.77000045776367,17.130937576293945,17.8700008392334,80.38999938964844,163.26446533203125,76.66000366210938,31.93000030517578,112.91547393798828,359.32000732421875,228.23147583007812,46.833229064941406,75.02018737792969,100.79000091552734,22.344675064086914
2022-12-09,82.25,79.11854553222656,56.15936279296875,37.913333892822266,28.770000457763672,68.66999816894531,53.81999969482422,126.77999877929688,92.94709777832031,92.01409149169922,7.139999866485596,34.156410217285156,326.3900146484375,71.7699966430664,50.02000045776367,16.963308334350586,17.420000076293945,79.44999694824219,162.6603546142578,74.93000030517578,31.649999618530273,110.7466049194336,360.6099853515625,224.21115112304688,46.65536117553711,74.42903137207031,102.05999755859375,22.60042381286621
2022-12-12,82.94999694824219,81.46940612792969,56.517372131347656,38.426666259765625,29.635000228881836,71.06999969482422,54.59000015258789,129.52000427246094,94.42872619628906,92.48986053466797,7.179999828338623,34.30049514770508,328.2300109863281,73.5999984741211,50.40999984741211,17.49612045288086,17.719999313354492,80.88999938964844,163.4332275390625,75.2300033569336,33.31999969482422,112.19249725341797,358.94000244140625,227.4070281982422,47.10003662109375,75.09649658203125,102.61000061035156,22.941417694091797
2022-12-13,84.25,80.20938873291016,57.28990173339844,38.56666564941406,30.247499465942383,73.98999786376953,55.810001373291016,131.60000610351562,93.2335433959961,94.78947448730469,7.349999904632568,33.895263671875,326.2699890136719,74.16999816894531,50.220001220703125,18.03193473815918,17.639999389648438,80.375,163.3444061279297,77.27999877929688,32.25,113.29138946533203,363.489990234375,223.11807250976562,46.78876876831055,75.47787475585938,104.55000305175781,23.007722854614258
2022-12-14,85.2300033569336,78.6023178100586,57.600799560546875,38.68000030517578,30.142499923706055,73.72000122070312,56.310001373291016,132.02999877929688,91.65314483642578,94.23439025878906,7.190000057220459,33.6251106262207,333.3299865722656,73.08999633789062,50.95000076293945,17.634817123413086,17.829999923706055,80.11499786376953,162.89134216308594,78.0,33.130001068115234,113.18537139892578,357.25,221.90457153320312,47.03778839111328,75.60182189941406,104.80999755859375,23.06455421447754
2022-12-15,84.86000061035156,76.99213409423828,56.28184127807617,35.71333312988281,28.747499465942383,73.33999633789062,55.5,125.97000122070312,89.0948715209961,90.06139373779297,6.900000095367432,32.985748291015625,325.2099914550781,70.2300033569336,49.82500076293945,16.914413452148438,17.1200008392334,76.29499816894531,160.1284942626953,76.58999633789062,27.90999984741211,109.58987426757812,345.3399963378906,218.0602569580078,46.01502227783203,75.00112915039062,101.66000366210938,23.045610427856445
2022-12-16,84.69999694824219,75.9291000366211,56.17820739746094,36.266666412353516,27.875,72.98999786376953,54.95000076293945,126.31999969482422,87.0897445678711,89.46669006347656,6.760000228881836,32.48146438598633,321.239990234375,69.37000274658203,50.38999938964844,16.534263610839844,16.489999771118164,75.5,160.2084503173828,75.55000305175781,27.6200008392334,109.84050750732422,344.0799865722656,214.3178253173828,45.51699447631836,74.0381088256836,100.76000213623047,22.79933738708496
2022-12-19,82.76000213623047,75.65061950683594,56.036895751953125,35.279998779296875,27.022499084472656,72.0,52.970001220703125,125.91000366210938,84.21540832519531,87.66267395019531,6.690000057220459,32.70658874511719,316.9200134277344,68.38999938964844,50.209999084472656,16.21796417236328,16.34000015258789,75.26000213623047,161.09683227539062,75.26000213623047,27.190000534057617,110.77549743652344,339.45001220703125,213.32662963867188,45.970558166503906,74.45762634277344,98.58999633789062,22.78310203552246
2022-12-20,83.2300033569336,76.71089172363281,55.933258056640625,35.426666259765625,27.457500457763672,72.94999694824219,53.779998779296875,127.0999984741211,84.56111907958984,88.23757934570312,6.650000095367432,32.652557373046875,307.1199951171875,68.68000030517578,50.58000183105469,16.049341201782227,16.389999389648438,74.63999938964844,160.99911499023438,75.80999755859375,27.579999923706055,110.22608947753906,333.6400146484375,213.21548461914062,45.15236282348633,73.98089599609375,98.11000061035156,22.744905471801758
2022-12-21,83.5199966430664,77.19619750976562,56.9224739074707,35.959999084472656,26.837499618530273,73.19000244140625,54.63999938964844,134.3300018310547,85.43033599853516,88.79265594482422,6.760000228881836,32.89570236206055,316.739990234375,70.68000030517578,50.974998474121094,16.464414596557617,16.850000381469727,73.70999908447266,162.1273193359375,78.5199966430664,28.09000015258789,110.9779281616211,336.4200134277344,216.1983184814453,45.75711441040039,75.1727523803711,99.87999725341797,23.079113006591797
2022-12-22,83.1500015258789,75.7113265991211,56.63983917236328,35.233333587646484,25.99250030517578,70.05000305175781,55.02000045776367,127.3499984741211,83.48446655273438,86.98865509033203,6.510000228881836,32.6795768737793,312.92999267578125,70.56999969482422,50.404998779296875,15.30499267578125,16.6200008392334,71.57499694824219,160.874755859375,78.2699966430664,26.43000030517578,109.85015106201172,334.3399963378906,213.9936065673828,45.748226165771484,74.77230072021484,99.2699966430664,22.487096786499023
2022-12-23,83.0,77.22047424316406,56.875370025634766,35.5966682434082,25.497499465942383,70.69999694824219,54.47999954223633,126.94000244140625,85.37106323242188,88.44573974609375,6.429999828338623,32.751617431640625,311.5400085449219,70.69000244140625,50.630001068115234,15.172287940979004,16.280000686645508,70.63500213623047,161.91412353515625,79.12999725341797,26.75,111.3153305053711,336.0199890136719,215.29052734375,46.183998107910156,75.80204772949219,99.83000183105469,22.792652130126953
2022-12-27,82.58000183105469,78.26822662353516,56.86595153808594,35.0099983215332,25.165000915527344,68.2699966430664,55.47999954223633,121.33999633789062,85.49947357177734,86.62189483642578,6.230000019073486,32.50847625732422,315.0400085449219,69.58999633789062,51.005001068115234,14.089694023132324,16.389999389648438,69.6050033569336,162.6337127685547,77.30000305175781,26.329999923706055,110.89118194580078,333.3999938964844,215.27197265625,46.53974151611328,75.35391235351562,99.37999725341797,22.620773315429688
2022-12-28,81.56999969482422,76.72382354736328,56.489105224609375,34.503334045410156,24.989999771118164,65.37999725341797,55.59000015258789,120.4000015258789,82.66464233398438,85.2639389038086,6.170000076293945,32.211307525634766,308.9599914550781,68.16000366210938,50.65999984741211,14.0048828125,16.3700008392334,68.66500091552734,161.46104431152344,77.08000183105469,26.15999984741211,110.1682357788086,328.260009765625,214.79954528808594,45.69486618041992,75.02973937988281,99.69000244140625,22.59212875366211
2022-12-29,82.41999816894531,78.47347259521484,56.884796142578125,34.46333312988281,26.142499923706055,70.5199966430664,55.68000030517578,122.68000030517578,86.06248474121094,87.67257690429688,6.380000114440918,32.26534652709961,316.82000732421875,70.1500015258789,51.0099983215332,14.570625305175781,17.270000457763672,70.0999984741211,161.66537475585938,79.18000030517578,27.09000015258789,111.6816177368164,334.9100036621094,217.5044403076172,45.89051818847656,75.64949035644531,101.33999633789062,22.983625411987305
2022-12-30,82.31999969482422,78.93445587158203,56.564476013183594,34.68000030517578,26.322500228881836,71.12999725341797,55.29999923706055,119.77999877929688,86.5267333984375,87.45452117919922,6.409999847412109,32.11225509643555,320.3800048828125,69.73999786376953,50.76499938964844,14.581600189208984,17.15999984741211,69.7699966430664,160.49276733398438,78.80000305175781,28.459999084472656,111.88404083251953,329.5199890136719,214.67910766601562,45.81937026977539,75.89739990234375,104.12999725341797,22.152894973754883
2023-01-03,81.4800033569336,79.59758758544922,56.149940490722656,33.4900016784668,25.81999969482422,70.93000030517578,55.34000015258789,113.55999755859375,86.60576629638672,88.33670043945312,6.320000171661377,32.0131950378418,323.3800048828125,68.86000061035156,50.65999984741211,14.2832612991333,17.06999969482422,69.2249984741211,159.38229370117188,78.1500015258789,27.850000381469727,111.65270233154297,322.6300048828125,210.83480834960938,43.96951675415039,75.33485412597656,103.11000061035156,21.26486587524414
2023-01-04,82.75,82.66168975830078,57.75153732299805,33.63666534423828,26.091249465942383,72.4800033569336,55.970001220703125,117.11000061035156,89.87520599365234,87.30584716796875,6.610000133514404,32.27434539794922,320.9800109863281,71.01000213623047,51.07500076293945,14.716301918029785,17.479999542236328,69.2699966430664,158.99142456054688,77.9800033569336,29.040000915527344,113.71552276611328,327.7200012207031,214.13259887695312,45.67707443237305,76.14530944824219,106.7699966430664,21.72319793701172
2023-01-05,81.66999816894531,84.01298522949219,56.752899169921875,33.74333190917969,23.72249984741211,71.61000061035156,55.61000061035156,119.55999755859375,91.86058044433594,85.4423599243164,6.099999904632568,31.957399368286133,325.92999267578125,71.66000366210938,50.189998626708984,14.23337459564209,17.479999542236328,67.55500030517578,157.33013916015625,78.05999755859375,29.979999542236328,114.1300277709961,324.5199890136719,193.30845642089844,44.094032287597656,76.89856719970703,105.95999908447266,21.312604904174805
2023-01-06,83.04000091552734,85.3568344116211,57.55369186401367,32.41999816894531,23.68000030517578,72.08000183105469,58.04999923706055,120.58999633789062,92.95697784423828,86.57234954833984,6.130000114440918,32.835792541503906,329.260009765625,72.37999725341797,51.21500015258789,14.826058387756348,19.1299991607666,67.42500305175781,160.88363647460938,79.81999969482422,28.8799991607666,117.18569946289062,328.70001220703125,198.44964599609375,45.25018310546875,78.87226867675781,104.75,21.494033813476562
2023-01-09,81.44999694824219,86.49898529052734,57.15800094604492,32.55666732788086,24.142499923706055,73.31999969482422,55.7599983215332,120.98999786376953,92.62113189697266,87.2463607788086,6.460000038146973,32.62751388549805,298.6600036621094,72.26000213623047,50.57500076293945,15.593351364135742,19.1200008392334,67.54000091552734,159.3112030029297,82.36000061035156,30.770000457763672,114.44810485839844,322.6199951171875,199.63536071777344,44.65432357788086,77.71858215332031,105.0999984741211,21.51313591003418
2023-01-10,82.75,86.99014282226562,56.950740814208984,33.746665954589844,23.917499542236328,75.31999969482422,51.150001525878906,126.93000030517578,93.48048400878906,87.64286041259766,6.769999980926514,32.31962203979492,309.4800109863281,72.55999755859375,50.26499938964844,15.873729705810547,19.709999084472656,67.09500122070312,157.9964141845703,83.05000305175781,32.0099983215332,115.46988677978516,332.20001220703125,203.7946319580078,45.23239517211914,78.60529327392578,105.52999877929688,21.388996124267578
2023-01-11,82.54000091552734,87.1413345336914,58.2979621887207,35.52333450317383,24.25,78.69000244140625,49.20000076293945,134.69000244140625,98.02412414550781,90.71560668945312,6.730000019073486,32.392066955566406,311.9599914550781,73.33999633789062,50.845001220703125,15.965524673461914,20.540000915527344,68.3550033569336,158.174072265625,84.20999908447266,32.900001525878906,115.2289047241211,344.5799865722656,206.24017333984375,45.28575897216797,78.44319152832031,105.26000213623047,21.713653564453125
2023-01-12,83.9800033569336,88.39314270019531,56.98843002319336,35.46666717529297,24.4950008392334,80.12000274658203,49.9900016784668,131.6300048828125,101.79732513427734,90.32903289794922,7.099999904632568,32.21095275878906,314.989990234375,73.1500015258789,50.02000045776367,16.474395751953125,20.31999969482422,68.30000305175781,156.1575164794922,83.80000305175781,33.18000030517578,114.46739959716797,349.95001220703125,206.7496337890625,44.761043548583984,78.10948944091797,104.29000091552734,21.665912628173828
2023-01-13,86.0,90.13885498046875,57.393531799316406,36.72666549682617,24.88249969482422,79.36000061035156,52.75,134.6699981689453,104.7901840209961,91.31033325195312,7.53000020980835,32.31962203979492,315.4700012207031,74.66000366210938,51.040000915527344,16.861536026000977,20.700000762939453,69.43000030517578,155.67779541015625,83.69000244140625,33.209999084472656,115.68194580078125,357.6600036621094,208.4263153076172,45.143463134765625,77.73762512207031,105.02999877929688,21.369897842407227
2023-01-17,84.5199966430664,91.41886901855469,57.534847259521484,37.560001373291016,26.107500076293945,82.55000305175781,53.619998931884766,132.50999450683594,105.24455261230469,90.48763275146484,7.679999828338623,32.3558464050293,323.82000732421875,76.12000274658203,51.084999084472656,17.662755966186523,21.360000610351562,71.0,156.40625,82.56999969482422,37.119998931884766,115.44096374511719,359.3500061035156,207.2961883544922,44.80550765991211,77.75670623779297,104.54000091552734,21.150278091430664
2023-01-18,83.54000091552734,89.94734191894531,55.857887268066406,33.94333267211914,25.25,83.69999694824219,53.63999938964844,131.44000244140625,102.59740447998047,90.31912994384766,7.730000019073486,31.631397247314453,318.07000732421875,73.5199966430664,50.369998931884766,17.338478088378906,20.81999969482422,70.83999633789062,152.4619140625,82.94000244140625,35.7599983215332,113.14678955078125,348.1400146484375,203.42410278320312,43.604888916015625,76.09762573242188,103.22000122070312,20.529619216918945
2023-01-19,83.47000122070312,90.68955993652344,55.89557647705078,32.60333251953125,24.962499618530273,82.70999908447266,52.65999984741211,128.97000122070312,105.75819396972656,92.23217010498047,7.480000019073486,31.115224838256836,307.94000244140625,73.22000122070312,49.93000030517578,16.72783088684082,20.600000381469727,70.3550033569336,150.6940155029297,80.47000122070312,33.40999984741211,111.57559204101562,348.57000732421875,200.6358184814453,44.10292053222656,75.71624755859375,102.26000213623047,20.424585342407227
2023-01-20,84.62000274658203,91.82112884521484,56.3383674621582,33.293331146240234,25.852500915527344,84.58000183105469,54.16999816894531,131.82000732421875,109.93637084960938,97.15847778320312,7.260000228881836,31.432159423828125,312.79998779296875,75.11000061035156,50.0,17.799449920654297,21.15999984741211,73.05000305175781,150.9161376953125,79.22000122070312,35.380001068115234,111.55630493164062,354.8299865722656,204.6097869873047,44.44977569580078,75.8401870727539,106.58999633789062,20.86382293701172
2023-01-23,84.5199966430664,94.06507110595703,55.867305755615234,34.46666717529297,26.575000762939453,86.37999725341797,54.0,139.1199951171875,114.31208801269531,98.91291809082031,7.630000114440918,31.414058685302734,316.0799865722656,75.94000244140625,50.05500030517578,19.150447845458984,22.270000457763672,74.66999816894531,150.24098205566406,80.87000274658203,36.5099983215332,111.6045150756836,364.760009765625,207.49996948242188,44.5475959777832,75.48739624023438,110.66999816894531,21.484481811523438
2023-01-24,84.05999755859375,94.09483337402344,55.999202728271484,34.67333221435547,26.149999618530273,85.31999969482422,55.150001525878906,136.67999267578125,113.75895690917969,96.8412857055664,7.639999866485596,31.676677703857422,311.2099914550781,77.0,51.5099983215332,19.222288131713867,21.790000915527344,75.56999969482422,151.63572692871094,80.80000305175781,35.59000015258789,113.47454071044922,378.80999755859375,210.74217224121094,45.774906158447266,77.51832580566406,111.2699966430664,21.799585342407227
2023-01-25,84.23999786376953,93.640869140625,56.81884765625,33.810001373291016,25.204999923706055,85.81999969482422,56.29999923706055,135.86000061035156,115.01338958740234,94.38308715820312,7.429999828338623,31.658552169799805,309.5199890136719,77.52999877929688,51.7599983215332,19.28015899658203,22.209999084472656,75.88999938964844,152.73727416992188,81.80000305175781,35.70000076293945,115.86510467529297,381.8999938964844,212.06683349609375,47.064456939697266,78.8055419921875,110.69999694824219,21.551328659057617
2023-01-26,84.33999633789062,95.22325897216797,56.20647430419922,34.0533332824707,26.11750030517578,87.45999908447266,57.90999984741211,134.5399932861328,115.29983520507812,96.6628646850586,7.590000152587891,31.631397247314453,309.5899963378906,79.44000244140625,51.95500183105469,19.758094787597656,22.229999542236328,79.55500030517578,151.21817016601562,83.2300033569336,35.970001220703125,116.35670471191406,389.9200134277344,211.66851806640625,46.931060791015625,78.6243667602539,111.88999938964844,21.77094268798828
2023-01-27,84.68000030517578,96.5299072265625,55.25493621826172,33.0099983215332,26.087499618530273,93.02999877929688,56.65999984741211,137.8000030517578,114.75657653808594,98.49661254882812,7.75,31.42311668395996,310.8500061035156,80.36000061035156,51.39500045776367,20.31985092163086,22.8799991607666,79.88999938964844,150.68511962890625,82.33999633789062,37.75,115.17107391357422,392.2900085449219,211.9371337890625,45.62370681762695,78.08087921142578,114.27999877929688,21.646812438964844
2023-01-30,81.79000091552734,95.45161437988281,55.33972930908203,32.57666778564453,25.342500686645508,91.76000213623047,57.08000183105469,134.6999969482422,114.1441650390625,96.08795166015625,7.449999809265137,31.441226959228516,302.5899963378906,79.44000244140625,51.185001373291016,19.119518280029297,22.889999389648438,78.81500244140625,150.5607452392578,82.4800033569336,35.529998779296875,114.70836639404297,377.4700012207031,209.68614196777344,45.561458587646484,77.71858215332031,112.66000366210938,21.3603515625
2023-01-31,84.0199966430664,95.33879852294922,56.80000686645508,33.439998626708984,26.475000381469727,95.48999786376953,57.54999923706055,137.5800018310547,112.89962005615234,97.97126007080078,8.279999732971191,31.948339462280273,306.8800048828125,80.48999786376953,52.040000915527344,19.493688583374023,23.200000762939453,79.31999969482422,151.92884826660156,84.6500015258789,37.209999084472656,113.92758178710938,388.6099853515625,214.46604919433594,46.7620849609375,78.05229187011719,113.2300033569336,22.019208908081055
2023-02-01,84.05999755859375,95.79470825195312,56.781158447265625,33.483333587646484,27.625,97.41999816894531,58.5099983215332,139.5800018310547,116.45551300048828,99.54730224609375,8.0,32.0026741027832,315.7099914550781,81.31999969482422,52.02000045776367,20.896568298339844,23.770000457763672,79.86000061035156,152.40858459472656,83.80000305175781,38.2400016784668,114.24568176269531,401.7300109863281,216.3835906982422,47.411312103271484,78.58621978759766,112.25,22.152894973754883
2023-02-02,81.72000122070312,96.14527130126953,56.40431213378906,31.376667022705078,28.982500076293945,105.30000305175781,67.29000091552734,148.1999969482422,119.96200561523438,106.79303741455078,8.319999694824219,31.884952545166016,322.760009765625,81.5199966430664,51.290000915527344,21.66086769104004,23.780000686645508,81.2750015258789,150.99606323242188,83.47000122070312,40.47999954223633,111.90332794189453,417.0,215.32752990722656,48.1850471496582,76.65065002441406,114.72000122070312,22.229284286499023
2023-02-03,80.95999908447266,96.16014862060547,55.76367950439453,30.709999084472656,28.389999389648438,99.88999938964844,69.73999786376953,147.5,117.2457046508789,103.85906219482422,7.889999866485596,31.830617904663086,319.4200134277344,79.80000305175781,50.900001525878906,21.053218841552734,22.889999389648438,79.86000061035156,150.24098205566406,81.91999816894531,38.540000915527344,111.16109466552734,402.989990234375,213.817626953125,47.68701171875,76.77459716796875,109.27999877929688,21.847333908081055
2023-02-06,80.26000213623047,96.74297332763672,55.33030319213867,33.150001525878906,27.354999542236328,99.0999984741211,68.66999816894531,144.5399932861328,117.61116790771484,101.99559783935547,7.840000152587891,31.894012451171875,311.32000732421875,79.77999877929688,51.40999984741211,21.04224395751953,22.489999771118164,78.11499786376953,152.6395721435547,81.68000030517578,38.9900016784668,111.53702545166016,395.07000732421875,214.90145874023438,47.65143585205078,76.42182922363281,105.55999755859375,21.93326759338379
2023-02-07,81.11000061035156,97.41824340820312,55.03825378417969,32.709999084472656,28.647499084472656,95.12000274658203,72.02999877929688,145.02999877929688,118.7273178100586,106.69391632080078,8.449999809265137,31.875896453857422,319.1000061035156,80.68000030517578,51.255001068115234,22.123842239379883,21.989999771118164,79.8499984741211,152.40858459472656,82.43000030517578,38.66999816894531,110.36100769042969,377.1199951171875,214.0648193359375,46.513065338134766,76.14530944824219,113.8499984741211,22.191082000732422
2023-02-08,81.12000274658203,94.9854965209961,54.83098602294922,32.470001220703125,28.6200008392334,94.81999969482422,71.56999969482422,144.02000427246094,117.69020080566406,98.49661254882812,8.430000305175781,31.57706069946289,309.2799987792969,81.38999938964844,51.04499816894531,22.155771255493164,21.420000076293945,83.06999969482422,152.05322265625,83.26000213623047,37.5099983215332,110.36100769042969,369.94000244140625,213.91610717773438,45.7215461730957,76.85829162597656,110.44999694824219,21.82823944091797
2023-02-09,80.26000213623047,95.41791534423828,54.717933654785156,32.13666534423828,28.354999542236328,95.01000213623047,72.81999969482422,137.55999755859375,116.26782989501953,94.17494201660156,9.069999694824219,31.57706069946289,310.45001220703125,80.16000366210938,51.42499923706055,22.287477493286133,21.18000030517578,83.06500244140625,153.49237060546875,80.30999755859375,36.400001525878906,110.87191009521484,364.6700134277344,210.8950958251953,45.55257797241211,77.2889404296875,110.87999725341797,21.665912628173828
2023-02-10,81.30000305175781,91.98092651367188,54.68967056274414,32.37666702270508,27.239999771118164,91.61000061035156,71.31999969482422,132.1300048828125,106.32120513916016,93.73880004882812,9.609999656677246,31.948339462280273,309.3999938964844,76.41000366210938,51.400001525878906,21.217853546142578,21.110000610351562,82.625,156.53060913085938,81.29000091552734,34.81999969482422,111.02613830566406,359.9800109863281,212.21505737304688,45.748226165771484,76.80086517333984,111.0999984741211,22.0001163482666
2023-02-13,81.0999984741211,94.90522003173828,55.46220016479492,32.619998931884766,28.042499542236328,93.33000183105469,73.44000244140625,134.75,109.98575592041016,93.77845764160156,9.5600004196167,32.29246520996094,317.0799865722656,77.0,52.11000061035156,21.739694595336914,21.709999084472656,83.15499877929688,157.92538452148438,82.44999694824219,34.43000030517578,112.56843566894531,375.0,212.4381561279297,46.219581604003906,77.09754943847656,111.37999725341797,22.009658813476562
2023-02-14,80.88999938964844,96.78607177734375,55.415096282958984,32.060001373291016,29.077499389648438,94.19000244140625,73.7699966430664,133.75,113.54165649414062,93.84783172607422,9.850000381469727,32.047950744628906,319.8800048828125,78.08000183105469,52.125,22.920074462890625,23.079999923706055,85.06999969482422,156.14859008789062,83.05000305175781,35.66999816894531,112.58771514892578,385.6499938964844,209.84474182128906,45.93498992919922,77.25065612792969,112.08999633789062,21.971466064453125
2023-02-15,81.19999694824219,98.56938171386719,55.961524963378906,32.220001220703125,30.1299991607666,97.62000274658203,74.62999725341797,142.25999450683594,114.53927612304688,96.08795166015625,10.029999732971191,32.328670501708984,325.2300109863281,78.97000122070312,52.54999923706055,22.713529586791992,23.559999465942383,88.62999725341797,156.36181640625,84.18000030517578,45.08000183105469,112.43348693847656,392.9100036621094,209.0360107421875,46.5219612121582,77.18367767333984,115.94999694824219,22.38205909729004
2023-02-16,81.73999786376953,97.6528549194336,55.471622467041016,31.270000457763672,28.780000686645508,94.0999984741211,74.0,130.30999755859375,110.1635513305664,94.67054748535156,9.619999885559082,32.50979232788086,321.8299865722656,78.20999908447266,52.02000045776367,21.953218460083008,22.15999984741211,86.01000213623047,155.91761779785156,80.2699966430664,43.58000183105469,111.16109466552734,335.010009765625,211.2483367919922,45.712650299072266,76.19792938232422,112.5199966430664,21.790040969848633
2023-02-17,82.05000305175781,96.4319839477539,55.415096282958984,31.613332748413086,28.5625,91.33999633789062,73.6500015258789,129.67999267578125,107.62503814697266,93.52071380615234,9.630000114440918,32.301513671875,320.3599853515625,76.38999938964844,52.09000015258789,21.3405818939209,21.75,84.63999938964844,156.60165405273438,77.55000305175781,40.880001068115234,111.51776123046875,329.0400085449219,210.8207550048828,46.2640495300293,76.39891815185547,112.51000213623047,21.923723220825195
2023-02-21,80.87000274658203,95.0015869140625,55.67888641357422,28.969999313354492,28.107500076293945,90.87999725341797,73.19000244140625,124.84500122070312,106.70642852783203,90.98323059082031,9.34000015258789,32.192840576171875,314.1099853515625,75.05000305175781,51.189998626708984,20.609209060668945,21.049999237060547,83.44499969482422,156.51284790039062,76.2300033569336,37.560001373291016,108.83802032470703,324.7799987792969,207.39068603515625,47.71369552612305,75.43232727050781,112.0199966430664,21.551328659057617
2023-02-22,80.66999816894531,95.04935455322266,56.57389831542969,29.68000030517578,29.407499313354492,90.04000091552734,73.12000274658203,128.4499969482422,106.64716339111328,90.8444595336914,9.289999961853027,32.40111541748047,316.5199890136719,75.44000244140625,51.165000915527344,20.70798110961914,21.049999237060547,93.875,156.4595489501953,79.11000061035156,37.54999923706055,108.59701538085938,334.0899963378906,206.470458984375,47.108924865722656,74.13076782226562,111.23999786376953,21.40809440612793
2023-02-23,80.48999786376953,95.04074096679688,57.27105712890625,30.593332290649414,29.360000610351562,89.68000030517578,73.75,131.5800018310547,105.60015869140625,90.09114837646484,9.640000343322754,32.699954986572266,317.79998779296875,76.48999786376953,51.345001220703125,23.611536026000977,21.15999984741211,94.37000274658203,156.62831115722656,83.29000091552734,37.380001068115234,107.46922302246094,336.0299987792969,209.70529174804688,47.58028030395508,74.40830993652344,110.37000274658203,21.484481811523438
2023-02-24,80.25,96.0587158203125,56.82826614379883,30.690000534057617,29.31999969482422,87.16000366210938,73.33999633789062,124.1050033569336,103.03201293945312,88.34660339355469,9.770000457763672,32.41017532348633,308.1000061035156,68.77999877929688,50.6150016784668,23.234373092651367,20.68000030517578,93.31500244140625,156.31741333007812,80.5999984741211,36.959999084472656,107.44029235839844,332.0299987792969,208.30166625976562,47.82930374145508,73.87239074707031,109.30000305175781,21.350805282592773
2023-02-27,80.48999786376953,98.74563598632812,57.205116271972656,30.00666618347168,30.162500381469727,89.0,74.06999969482422,120.5999984741211,105.531005859375,89.0801010131836,9.649999618530273,32.029842376708984,310.29998779296875,71.83000183105469,51.15999984741211,23.448896408081055,21.309999465942383,94.25499725341797,156.27297973632812,80.48999786376953,36.650001525878906,106.91976165771484,328.20001220703125,208.85940551757812,47.8026237487793,73.59485626220703,110.08000183105469,21.245765686035156
2023-02-28,72.51000213623047,98.85999298095703,57.18627166748047,30.266666412353516,30.172500610351562,90.79000091552734,74.75,121.41000366210938,107.63491821289062,89.26844024658203,11.270000457763672,31.287275314331055,309.20001220703125,72.05999755859375,50.880001068115234,23.164525985717773,21.8700008392334,94.18499755859375,154.1586456298828,81.05000305175781,36.63999938964844,106.55347442626953,323.79998779296875,207.9391326904297,47.30458450317383,73.30773162841797,109.55000305175781,20.99750518798828
2023-03-01,74.30999755859375,99.96923065185547,56.76232147216797,29.593332290649414,30.052499771118164,110.9800033569336,74.19000244140625,118.27999877929688,104.85933685302734,89.5657958984375,11.529999732971191,30.961271286010742,309.489990234375,72.01000213623047,49.595001220703125,22.647674560546875,22.190000534057617,93.47000122070312,152.20425415039062,79.80000305175781,37.47999954223633,106.67879486083984,318.5899963378906,204.22096252441406,47.180076599121094,73.55657196044922,108.69999694824219,20.73013687133789
2023-03-02,72.75,100.96841430664062,57.55369186401367,31.469999313354492,30.90999984741211,119.87999725341797,75.22000122070312,118.45999908447266,104.48400115966797,91.19139099121094,10.350000381469727,31.31444549560547,311.6499938964844,72.45999908447266,51.07500076293945,23.262311935424805,22.579999923706055,94.92500305175781,155.01258850097656,80.3499984741211,39.22999954223633,107.00653839111328,317.2300109863281,206.11724853515625,47.75369644165039,73.41301727294922,115.27999877929688,20.329097747802734
2023-03-03,74.43000030517578,102.63579559326172,58.486385345458984,31.593332290649414,31.510000228881836,119.2699966430664,75.19000244140625,121.41999816894531,106.29158020019531,92.82688903808594,10.359999656677246,31.287275314331055,316.8299865722656,72.97000122070312,51.005001068115234,23.837034225463867,22.770000457763672,95.79499816894531,154.86053466796875,80.70999908447266,41.369998931884766,108.37531280517578,319.1400146484375,207.5208740234375,47.9150276184082,74.56145477294922,116.69999694824219,20.443683624267578
2023-03-06,73.33999633789062,102.36279296875,57.55369186401367,29.463333129882812,31.897499084472656,127.3499984741211,72.08000183105469,118.77999877929688,107.22005462646484,94.29387664794922,10.069999694824219,31.531782150268555,304.6000061035156,72.5999984741211,51.9900016784668,23.50178337097168,22.469999313354492,93.95500183105469,155.17356872558594,81.87999725341797,40.56999969482422,108.34640502929688,319.0199890136719,205.00180053710938,47.583404541015625,74.8868179321289,115.70999908447266,23.279630661010742
2023-03-07,71.95999908447266,101.01032257080078,56.319522857666016,29.729999542236328,31.232500076293945,123.73999786376953,73.69999694824219,115.88999938964844,106.19279479980469,93.03504180908203,9.770000457763672,31.54083251953125,301.80999755859375,70.25,51.61000061035156,23.240314483642578,22.309999465942383,93.5999984741211,154.4044189453125,81.05999755859375,41.56999969482422,105.89800262451172,318.760009765625,203.77476501464844,47.35933303833008,73.67142486572266,116.87999725341797,25.313493728637695
2023-03-08,72.3499984741211,101.16583251953125,56.526790618896484,29.40333366394043,32.22999954223633,126.5,74.01000213623047,113.18000030517578,105.91622924804688,93.4216079711914,9.880000114440918,31.49555015563965,305.8699951171875,70.25,51.560001373291016,24.13149070739746,22.34000015258789,94.19000244140625,154.82473754882812,80.72000122070312,41.349998474121094,105.10757446289062,328.1400146484375,203.84915161132812,48.71271896362305,73.86282348632812,116.30999755859375,25.017484664916992
2023-03-09,69.98999786376953,98.13109588623047,56.80000686645508,29.0,30.420000076293945,121.41000366210938,71.12999725341797,107.73999786376953,99.56501007080078,91.5085678100586,9.539999961853027,31.296337127685547,301.79998779296875,68.1500015258789,51.0,23.388015747070312,21.219999313354492,92.20999908447266,153.6531219482422,77.72000122070312,39.939998626708984,101.75305938720703,323.1000061035156,200.5957489013672,47.556522369384766,71.74781036376953,112.95999908447266,24.530506134033203
2023-03-10,68.9800033569336,97.15582275390625,56.771732330322266,27.670000076293945,29.93000030517578,117.77999877929688,69.56999969482422,105.9800033569336,97.08576202392578,89.83342742919922,8.970000267028809,31.07899284362793,296.260009765625,66.6500015258789,50.084999084472656,22.917978286743164,20.489999771118164,92.8550033569336,153.85885620117188,76.8499984741211,40.04999923706055,100.41320037841797,311.9700012207031,197.06346130371094,46.88430404663086,71.1065902709961,110.58000183105469,23.41331672668457
2023-03-13,68.3499984741211,95.52642822265625,56.036895751953125,27.213333129882812,30.352500915527344,122.7699966430664,69.58000183105469,103.70999908447266,93.83606719970703,90.30921173095703,8.890000343322754,31.01561164855957,292.8999938964844,66.97000122070312,50.15999984741211,22.918973922729492,20.25,92.94999694824219,155.36135864257812,75.1500015258789,41.40999984741211,99.98287200927734,306.1300048828125,196.13392639160156,46.67816925048828,70.37926483154297,111.33000183105469,23.241436004638672
2023-03-14,69.16000366210938,96.97016143798828,57.28990173339844,28.17333221435547,32.002498626708984,123.72000122070312,72.0199966430664,102.79000091552734,92.94709777832031,93.14407348632812,8.680000305175781,31.35972023010254,295.1000061035156,67.62999725341797,50.81999969482422,24.01372718811035,20.969999313354492,92.23999786376953,155.2003936767578,75.44000244140625,43.189998626708984,100.26331329345703,309.739990234375,199.8985595703125,46.47201156616211,71.54683685302734,113.80999755859375,24.34908103942871
2023-03-15,68.45999908447266,94.6192855834961,55.98036575317383,27.82666778564453,32.33000183105469,122.91000366210938,73.33000183105469,104.73999786376953,90.60614013671875,95.2652587890625,9.010000228881836,31.622331619262695,293.2300109863281,67.02999877929688,51.17499923706055,24.17839241027832,20.549999237060547,91.9000015258789,157.9729461669922,75.33000183105469,42.720001220703125,98.92880249023438,315.4800109863281,200.80955505371094,46.660240173339844,70.97261810302734,113.30999755859375,23.308277130126953
2023-03-16,70.2300033569336,95.56636810302734,57.28990173339844,28.389999389648438,33.380001068115234,127.37000274658203,74.31999969482422,104.43000030517578,93.95459747314453,99.43827056884766,9.949999809265137,31.78533363342285,297.3999938964844,67.66000366210938,51.70000076293945,25.488704681396484,21.719999313354492,94.88500213623047,157.86563110351562,76.22000122070312,45.33000183105469,99.83780670166016,315.1600036621094,200.45628356933594,46.14039611816406,71.39369201660156,115.55000305175781,24.196304321289062
2023-03-17,69.45999908447266,95.60319519042969,56.4420051574707,27.926666259765625,33.279998779296875,126.31999969482422,72.47000122070312,105.33999633789062,92.27542114257812,100.7268295288086,9.739999771118164,31.568004608154297,294.739990234375,66.33999633789062,51.494998931884766,25.67232894897461,21.610000610351562,94.55999755859375,156.6313934326172,74.0,43.689998626708984,98.69669342041016,310.2099914550781,196.0409698486328,44.733238220214844,71.27886199951172,116.27999877929688,23.7188663482666
2023-03-20,70.44999694824219,97.67437744140625,56.9224739074707,27.933332443237305,33.185001373291016,129.4199981689453,74.51000213623047,108.36000061035156,93.40145874023438,100.33036041259766,9.65999984741211,31.894012451171875,293.45001220703125,68.02999877929688,52.275001525878906,25.846967697143555,21.56999969482422,94.71499633789062,158.83154296875,74.52999877929688,43.36000061035156,98.77407836914062,313.95001220703125,200.2239227294922,45.58470916748047,72.15930938720703,116.30999755859375,23.967140197753906
2023-03-21,70.95999908447266,100.71342468261719,57.75153732299805,29.733333587646484,34.005001068115234,132.125,74.30999755859375,112.70999908447266,95.56462860107422,103.9978256225586,10.029999732971191,31.830617904663086,298.80999755859375,69.2300033569336,51.89500045776367,26.145353317260742,27.260000228881836,97.24500274658203,159.20716857910156,76.66000366210938,44.7400016784668,100.70814514160156,319.5199890136719,200.93966674804688,45.6295166015625,73.07805633544922,118.58999633789062,24.11920166015625
2023-03-22,69.80000305175781,100.20110321044922,58.081275939941406,29.510000228881836,33.314998626708984,136.1199951171875,73.11000061035156,110.95999908447266,92.49273681640625,102.4614486694336,9.6899995803833,31.39594268798828,303.7300109863281,66.23999786376953,51.17499923706055,26.413801193237305,27.360000610351562,95.44499969482422,157.86563110351562,75.37999725341797,42.849998474121094,99.22856903076172,318.1300048828125,199.05270385742188,44.8049430847168,71.90091705322266,113.55999755859375,23.32036781311035
2023-03-23,69.44000244140625,99.43811798095703,58.26969909667969,29.626667022705078,33.6349983215332,135.1300048828125,75.19000244140625,110.08999633789062,91.51487731933594,104.67184448242188,9.40999984741211,30.88882827758789,308.2200012207031,65.33999633789062,51.19499969482422,27.13532257080078,30.639999389648438,96.94499969482422,157.09646606445312,74.68000030517578,42.06999969482422,98.28087615966797,320.94000244140625,199.84283447265625,44.4195442199707,71.42241668701172,117.4800033569336,23.012378692626953
2023-03-24,70.16000366210938,97.89372253417969,58.580596923828125,30.15333366394043,32.8849983215332,136.50999450683594,78.4800033569336,106.8499984741211,89.43072509765625,104.51325988769531,9.529999732971191,31.57706069946289,313.45001220703125,65.94999694824219,52.040000915527344,26.72416877746582,31.65999984741211,95.7750015258789,160.17312622070312,74.47000122070312,43.43000030517578,97.99075317382812,325.3900146484375,202.59426879882812,45.44130325317383,71.652099609375,118.12000274658203,22.540771484375
2023-03-27,70.95999908447266,98.24545288085938,59.324867248535156,30.84000015258789,32.84749984741211,136.60000610351562,79.30999755859375,104.87999725341797,89.61839294433594,101.5594482421875,9.539999961853027,31.78533363342285,317.2200012207031,67.08999633789062,52.334999084472656,26.47667694091797,30.239999771118164,96.26499938964844,160.53086853027344,75.79000091552734,42.27000045776367,97.31382751464844,327.510009765625,204.02577209472656,45.78188705444336,72.14017486572266,116.9800033569336,22.32903480529785
2023-03-28,70.79000091552734,99.68724060058594,59.79592514038086,29.816667556762695,32.15999984741211,136.89999389648438,79.70999908447266,105.05999755859375,91.90007781982422,100.14202117919922,9.90999984741211,31.821561813354492,320.30999755859375,67.8499984741211,51.599998474121094,26.355924606323242,29.690000534057617,95.37999725341797,160.47720336914062,76.01000213623047,41.849998474121094,99.74110412597656,324.07000732421875,203.83056640625,46.06869125366211,72.93450927734375,115.55000305175781,22.463777542114258
2023-03-29,70.51000213623047,100.7310562133789,61.519989013671875,30.206666946411133,32.400001525878906,136.99000549316406,80.41999816894531,107.66999816894531,93.86571502685547,100.49884033203125,10.029999732971191,31.957399368286133,361.0400085449219,68.61000061035156,52.150001525878906,26.928749084472656,30.799999237060547,96.09500122070312,161.5862274169922,75.62000274658203,43.0099983215332,99.09319305419922,326.19000244140625,207.9205322265625,46.561649322509766,73.2598876953125,116.66999816894531,22.62739372253418
2023-03-30,71.25,102.21906280517578,62.546897888183594,30.479999542236328,32.93000030517578,136.00999450683594,78.91999816894531,108.77999877929688,94.95223236083984,100.00325012207031,9.90999984741211,31.99382781982422,358.0899963378906,69.19999694824219,52.4900016784668,27.326927185058594,30.81999969482422,96.78500366210938,161.72930908203125,76.70999908447266,43.11000061035156,99.7314453125,327.0799865722656,209.06390380859375,46.32861328125,73.60442352294922,116.58999633789062,22.704391479492188
2023-03-31,72.25,103.88956451416016,62.867210388183594,30.979999542236328,34.314998626708984,142.58999633789062,82.3499984741211,111.33000183105469,95.8412094116211,102.81827545166016,9.920000076293945,32.13043212890625,364.19000244140625,70.0,54.0099983215332,27.720123291015625,31.030000686645508,99.87000274658203,163.04405212402344,77.66999816894531,44.97999954223633,102.632568359375,328.70001220703125,209.974853515625,46.31965255737305,74.99210357666016,119.30000305175781,23.0989990234375
2023-04-03,72.55000305175781,104.39012908935547,62.71647262573242,30.713333129882812,34.13750076293945,143.0800018310547,83.29000091552734,108.25,93.90521240234375,103.44274139404297,10.3100004196167,32.230613708496094,367.3999938964844,69.30999755859375,53.58000183105469,27.907739639282227,31.190000534057617,98.16500091552734,163.222900390625,76.36000061035156,46.41999816894531,105.05018615722656,328.2099914550781,209.5379638671875,46.71400833129883,75.47061157226562,118.69000244140625,22.81026268005371
2023-04-04,71.63999938964844,103.33808898925781,62.67878723144531,29.969999313354492,34.21500015258789,139.6999969482422,82.41999816894531,109.63999938964844,92.62113189697266,103.79959106445312,10.09000015258789,32.20328903198242,366.79998779296875,69.38999938964844,53.15999984741211,27.39678955078125,32.5099983215332,98.27999877929688,162.64158630371094,76.38999938964844,46.290000915527344,104.9534912109375,321.79998779296875,202.85455322265625,46.552677154541016,75.26006317138672,121.63999938964844,22.531147003173828
2023-04-05,72.63999938964844,102.44779205322266,62.6505241394043,29.453332901000977,31.950000762939453,136.6300048828125,80.37999725341797,105.2699966430664,90.36907196044922,103.5517807006836,9.770000457763672,32.239715576171875,364.80999755859375,68.80000305175781,52.79999923706055,26.825960159301758,29.350000381469727,97.08999633789062,164.2425079345703,75.83000183105469,45.38999938964844,102.95170593261719,320.19000244140625,205.83837890625,47.05459976196289,74.68585968017578,120.9800033569336,23.022003173828125
2023-04-06,72.76000213623047,101.20419311523438,62.499786376953125,28.90333366394043,31.954999923706055,136.72999572753906,81.3499984741211,104.05999755859375,90.57649230957031,107.46707153320312,9.949999809265137,32.45829391479492,364.3299865722656,69.12999725341797,52.560001373291016,26.981639862060547,29.3799991607666,95.96499633789062,164.88645935058594,75.9000015258789,46.20000076293945,102.7196044921875,319.2699890136719,208.8129119873047,46.740901947021484,74.69542694091797,119.0,23.166370391845703
2023-04-10,73.2699966430664,100.76239013671875,61.199676513671875,29.0,32.025001525878906,134.6999969482422,84.02999877929688,103.04000091552734,88.70966339111328,105.50446319580078,9.800000190734863,32.08489990234375,363.3699951171875,69.7300033569336,52.349998474121094,27.52252960205078,30.389999389648438,96.30999755859375,163.8489532470703,78.06999969482422,46.43000030517578,103.12576293945312,324.3999938964844,208.77574157714844,47.637184143066406,75.01124572753906,121.04000091552734,23.503231048583984
2023-04-11,74.41000366210938,100.52346801757812,61.34098815917969,28.963333129882812,32.46500015258789,135.25999450683594,84.16000366210938,103.63999938964844,90.66539764404297,104.4240493774414,9.550000190734863,32.10310745239258,365.80999755859375,70.18000030517578,52.279998779296875,27.113370895385742,29.8700008392334,96.40499877929688,163.59854125976562,79.12999725341797,46.060001373291016,101.66551971435547,325.19000244140625,212.0849151611328,48.443824768066406,74.97295379638672,120.38999938964844,23.763097763061523
2023-04-12,74.19999694824219,99.7706527709961,59.71113204956055,28.690000534057617,33.75,135.00999450683594,85.61000061035156,100.16000366210938,88.24541473388672,103.72029113769531,9.630000114440918,32.06668472290039,363.5400085449219,69.9000015258789,52.470001220703125,26.44074821472168,29.31999969482422,97.63999938964844,163.27658081054688,76.73999786376953,45.20000076293945,99.49935913085938,317.6400146484375,210.46749877929688,48.64100646972656,73.4034423828125,119.68000030517578,23.62834930419922
2023-04-13,75.38999938964844,102.99732208251953,60.61555480957031,29.1200008392334,34.025001525878906,136.0800018310547,87.12999725341797,100.72000122070312,89.84556579589844,106.48575592041016,10.050000190734863,32.09401321411133,364.3800048828125,70.54000091552734,52.869998931884766,26.408815383911133,29.920000076293945,98.93499755859375,164.9043426513672,77.23999786376953,45.70000076293945,100.75651550292969,319.739990234375,210.26296997070312,50.3977165222168,73.8819580078125,122.01000213623047,23.897836685180664
2023-04-14,75.73999786376953,103.78968811035156,60.82282638549805,28.97333335876465,33.942501068115234,134.89999389648438,90.13999938964844,102.52999877929688,90.90245819091797,107.9131088256836,9.760000228881836,31.96650505065918,368.25,68.95999908447266,52.560001373291016,26.703210830688477,30.709999084472656,99.72000122070312,164.126220703125,76.54000091552734,45.70000076293945,101.15299987792969,323.1300048828125,212.14999389648438,50.24535369873047,73.87239074707031,123.06999969482422,23.570600509643555
2023-04-17,75.66999816894531,104.81549835205078,61.16197967529297,29.143333435058594,34.342498779296875,135.30999755859375,90.73999786376953,103.12000274658203,92.23591613769531,105.03860473632812,9.970000267028809,32.230613708496094,368.3800048828125,68.43000030517578,52.880001068115234,26.946712493896484,30.450000762939453,100.58000183105469,164.96694946289062,76.68000030517578,40.209999084472656,100.74683380126953,325.2300109863281,213.49783325195312,51.06991958618164,74.27432250976562,124.37999725341797,23.33961296081543
2023-04-18,75.29000091552734,105.62355041503906,60.634403228759766,29.229999542236328,34.095001220703125,139.1300048828125,92.58000183105469,102.16999816894531,94.36945343017578,103.58150482177734,11.0,32.230613708496094,372.5,67.70999908447266,52.68000030517578,27.610349655151367,31.90999984741211,100.0,165.30679321289062,78.12999725341797,40.810001373291016,100.27297973632812,320.1400146484375,211.33200073242188,51.374656677246094,74.41788482666016,124.30999755859375,23.39735984802246
2023-04-19,75.29000091552734,104.82450866699219,62.151206970214844,29.829999923706055,33.20750045776367,141.8800048828125,93.02999877929688,102.37999725341797,94.16202545166016,103.26432800292969,11.1899995803833,32.194183349609375,370.1199951171875,67.75,52.4900016784668,27.87380599975586,31.510000228881836,97.66000366210938,165.20843505859375,77.8499984741211,41.09000015258789,100.82421875,321.5299987792969,211.8153533935547,51.47324752807617,74.6571273803711,123.3499984741211,23.3492374420166
2023-04-20,72.9800033569336,104.21702575683594,61.64246368408203,30.00666618347168,32.47249984741211,138.24000549316406,95.33000183105469,102.23999786376953,92.86807250976562,104.36457824707031,10.859999656677246,32.35811996459961,376.7099914550781,66.87999725341797,52.900001525878906,27.04850196838379,31.889999389648438,96.13500213623047,165.75399780273438,77.58999633789062,41.310001373291016,102.53587341308594,320.1000061035156,210.96017456054688,51.715248107910156,75.67158508300781,125.13999938964844,22.887256622314453
2023-04-21,73.70999908447266,105.25732421875,61.727256774902344,30.19333267211914,33.0625,140.82000732421875,96.68000030517578,102.05000305175781,92.65078735351562,104.48352813720703,11.680000305175781,32.15776443481445,377.79998779296875,66.9800033569336,53.06999969482422,27.063467025756836,33.310001373291016,96.625,165.8255615234375,79.55000305175781,40.70000076293945,102.8163070678711,322.1600036621094,210.48606872558594,52.27093505859375,75.05908203125,124.98999786376953,22.81026268005371
2023-04-24,73.87000274658203,104.95806121826172,61.859153747558594,30.82666778564453,32.599998474121094,141.0399932861328,94.83999633789062,102.83999633789062,93.03599548339844,105.03860473632812,11.8100004196167,32.20328903198242,381.3699951171875,67.19999694824219,53.70000076293945,26.986629486083984,33.61000061035156,95.9749984741211,165.90603637695312,78.72000122070312,39.060001373291016,102.90335083007812,320.4200134277344,208.5712432861328,52.24404525756836,75.15479278564453,127.79000091552734,22.762134552001953
2023-04-25,73.77999877929688,103.60011291503906,61.849727630615234,29.99333381652832,30.537500381469727,140.0,92.38999938964844,98.37000274658203,90.98148345947266,102.93724060058594,11.1899995803833,32.68597412109375,372.80999755859375,66.4000015258789,54.209999084472656,26.18726921081543,32.15999984741211,91.28500366210938,169.6713409423828,78.6500015258789,37.56999969482422,100.61146545410156,315.2900085449219,210.56976318359375,52.6204833984375,73.53741455078125,127.01000213623047,22.473400115966797
2023-04-26,74.11000061035156,101.73375701904297,62.367889404296875,30.6200008392334,31.030000686645508,136.60000610351562,93.8499984741211,97.7699966430664,88.7689208984375,102.79844665527344,11.1899995803833,32.33079528808594,372.94000244140625,65.41999816894531,54.2599983215332,26.900802612304688,32.880001068115234,91.8949966430664,168.62493896484375,79.9000015258789,35.7599983215332,101.24970245361328,311.8900146484375,209.55653381347656,52.99692153930664,74.13076782226562,121.5999984741211,22.107664108276367
2023-04-27,72.81999969482422,103.38155364990234,62.35847473144531,31.016666412353516,31.512500762939453,134.6999969482422,92.8499984741211,100.48999786376953,91.2778091430664,106.64436340332031,11.539999961853027,30.545772552490234,378.0799865722656,67.36000061035156,55.279998779296875,27.170255661010742,32.439998626708984,92.55999755859375,169.6534423828125,82.05000305175781,35.540000915527344,102.07169342041016,316.1600036621094,212.45672607421875,52.96107482910156,75.54716491699219,123.94999694824219,22.26165771484375
2023-04-28,72.29000091552734,105.21735382080078,61.20909881591797,31.856666564941406,30.012500762939453,136.16000366210938,92.76000213623047,101.02999877929688,92.8088150024414,106.39653778076172,11.59000015258789,29.78076171875,379.92999267578125,67.77999877929688,56.0,27.692180633544922,32.45000076293945,91.2300033569336,170.72669982910156,83.13999938964844,35.599998474121094,103.21279907226562,317.510009765625,213.30258178710938,53.31061935424805,75.43232727050781,124.29000091552734,22.96425437927246
2023-05-01,70.51000213623047,105.40459442138672,60.888771057128906,34.45000076293945,29.697500228881836,139.38999938964844,92.72000122070312,96.2699966430664,93.26317596435547,106.25777435302734,12.020000457763672,29.662363052368164,384.989990234375,68.4000015258789,56.84000015258789,28.85080337524414,32.41999816894531,91.6500015258789,171.43325805664062,83.12999725341797,36.0,102.26510620117188,316.44000244140625,214.00906372070312,54.18000793457031,74.95381927490234,124.13999938964844,22.550395965576172
2023-05-02,67.20999908447266,106.3822021484375,59.984344482421875,33.16999816894531,29.184999465942383,125.16999816894531,91.73999786376953,99.19000244140625,92.09762573242188,104.3943099975586,11.680000305175781,29.635042190551758,380.75,67.75,57.540000915527344,28.152233123779297,31.809999465942383,88.44499969482422,171.94305419921875,82.62999725341797,34.45000076293945,101.31739044189453,311.30999755859375,212.45672607421875,58.32978057861328,74.87725067138672,121.62000274658203,22.24241065979004
2023-05-03,67.94999694824219,103.646728515625,60.789913177490234,33.276668548583984,29.417499542236328,120.61000061035156,92.47000122070312,98.96499633789062,89.4603500366211,104.48352813720703,11.859999656677246,29.86272430419922,383.1199951171875,67.2699966430664,58.36000061035156,27.745073318481445,32.630001068115234,88.83000183105469,171.88040161132812,81.55000305175781,34.22999954223633,100.56307983398438,304.5899963378906,210.43174743652344,58.222225189208984,74.49444580078125,122.13999938964844,22.14616584777832
2023-05-04,68.29000091552734,101.97659301757812,62.8992805480957,33.3466682434082,29.469999313354492,119.66000366210938,89.41999816894531,92.55000305175781,88.0774917602539,103.76984405517578,11.729999542236328,29.58951187133789,382.05999755859375,67.06999969482422,57.81999969482422,27.505563735961914,32.529998779296875,89.50499725341797,172.9536895751953,68.29000091552734,34.47999954223633,99.44132995605469,304.3399963378906,207.54820251464844,58.26704406738281,73.7575454711914,120.27999877929688,22.300155639648438
2023-05-05,69.18000030517578,100.63431549072266,61.87800598144531,34.753334045410156,30.612499237060547,123.55999755859375,88.38999938964844,90.0,92.39395904541016,104.6421127319336,12.039999961853027,30.26344871520996,386.7099914550781,77.16000366210938,59.709999084472656,28.62127685546875,33.90999984741211,91.96499633789062,173.74969482421875,69.52999877929688,35.04999923706055,100.99827575683594,310.30999755859375,208.5093994140625,58.159481048583984,75.12608337402344,124.51000213623047,22.540771484375
2023-05-08,68.9000015258789,103.38272857666016,61.734832763671875,35.630001068115234,33.102500915527344,131.8300018310547,90.01000213623047,92.77999877929688,91.3469467163086,106.82278442382812,11.850000381469727,29.917369842529297,381.8599853515625,77.81999969482422,59.040000915527344,29.09130859375,34.369998931884766,95.76000213623047,172.92686462402344,72.0199966430664,36.279998779296875,101.37542724609375,312.0899963378906,212.95130920410156,57.78304672241211,74.99210357666016,125.69000244140625,22.50227165222168
2023-05-09,68.68000030517578,103.20413208007812,60.618106842041016,35.706668853759766,32.48500061035156,134.3000030517578,86.55000305175781,92.70999908447266,92.11740112304688,106.4064712524414,10.649999618530273,29.789867401123047,381.44000244140625,77.62999725341797,58.689998626708984,28.512500762939453,33.619998931884766,97.91999816894531,173.6334228515625,70.26000213623047,36.189998626708984,100.65013885498047,303.989990234375,210.39442443847656,57.82786178588867,75.21221923828125,124.5999984741211,23.67647361755371
2023-05-10,69.83000183105469,103.63536071777344,58.995521545410156,42.76333236694336,33.45000076293945,147.6999969482422,88.47000122070312,94.83999633789062,89.91471099853516,110.76780700683594,10.699999809265137,29.68057632446289,379.32000732421875,78.55999755859375,59.11000061035156,28.825855255126953,32.65999984741211,99.69999694824219,173.74969482421875,69.11000061035156,38.869998931884766,98.59032440185547,307.2200012207031,211.0756378173828,57.756160736083984,74.94599151611328,124.73999786376953,24.2731990814209
2023-05-11,71.4000015258789,104.05289459228516,58.63282012939453,43.4033317565918,33.037498474121094,145.32000732421875,89.56999969482422,96.36000061035156,90.10238647460938,115.54544067382812,10.569999694824219,29.53486442565918,377.32000732421875,77.76000213623047,59.279998779296875,28.519485473632812,33.119998931884766,98.58999633789062,174.7066650390625,69.29000091552734,39.880001068115234,99.15120697021484,306.67999267578125,209.8438262939453,57.36180114746094,75.02287292480469,125.56999969482422,23.7149715423584
2023-05-12,71.23999786376953,103.04393768310547,58.27012634277344,43.276668548583984,32.557498931884766,141.4499969482422,90.29000091552734,94.68000030517578,88.35407257080078,116.47718048095703,10.8100004196167,29.753440856933594,376.20001220703125,78.1500015258789,59.540000915527344,28.281970977783203,32.869998931884766,99.6500015258789,175.40428161621094,68.19999694824219,39.36000061035156,101.06597137451172,308.1400146484375,212.53138732910156,57.58586883544922,75.91669464111328,125.26000213623047,23.59947967529297
2023-05-15,71.80000305175781,103.6412353515625,58.27967071533203,43.85333251953125,33.88750076293945,143.08999633789062,91.55999755859375,97.8499984741211,91.10000610351562,115.4859619140625,10.770000457763672,29.471113204956055,375.7099914550781,80.38999938964844,59.720001220703125,28.893714904785156,33.439998626708984,96.5,173.74969482421875,69.0,38.970001220703125,100.94991302490234,313.2699890136719,214.93899536132812,57.09291458129883,76.16658020019531,125.06999969482422,23.868959426879883
2023-05-16,70.77999877929688,103.65103149414062,56.972049713134766,44.086666107177734,33.502498626708984,143.58999633789062,89.06999969482422,92.6500015258789,91.57412719726562,118.4595947265625,10.479999542236328,29.0157527923584,371.5199890136719,80.75,59.939998626708984,29.153182983398438,30.190000534057617,95.71499633789062,172.9984130859375,69.05999755859375,39.25,99.53802490234375,319.1600036621094,211.54222106933594,56.635807037353516,75.17665100097656,124.05000305175781,23.43585968017578
2023-05-17,71.77999877929688,105.62430572509766,56.08439636230469,44.37666702270508,34.307498931884766,142.32000732421875,90.13999938964844,94.98999786376953,94.0632553100586,119.77789306640625,10.600000381469727,29.25253677368164,372.2200012207031,82.05000305175781,59.650001525878906,30.116207122802734,27.899999618530273,95.76000213623047,171.77308654785156,69.86000061035156,41.83000183105469,100.36969757080078,322.4100036621094,215.30291748046875,55.685752868652344,75.87825012207031,125.0199966430664,23.43585968017578
2023-05-18,71.94999694824219,108.9253921508789,56.12257766723633,44.459999084472656,35.462501525878906,151.86000061035156,90.61000061035156,92.38999938964844,97.06600189208984,121.75041961669922,10.270000457763672,29.024858474731445,378.70001220703125,84.5,59.849998474121094,31.61313819885254,27.510000228881836,94.86000061035156,171.325927734375,69.66000366210938,42.06999969482422,101.90728759765625,326.20001220703125,216.63739013671875,55.461692810058594,76.18580627441406,139.6300048828125,23.522480010986328
2023-05-19,72.54000091552734,108.3096694946289,56.676170349121094,43.88999938964844,36.18000030517578,150.35000610351562,89.80999755859375,89.0999984741211,95.44609069824219,121.68102264404297,9.770000457763672,28.988428115844727,368.5299987792969,84.7300033569336,59.68000030517578,31.199983596801758,26.690000534057617,94.33000183105469,171.5763702392578,67.7300033569336,40.0099983215332,101.30773162841797,325.57000732421875,219.56756591796875,56.11597442626953,76.26268768310547,137.42999267578125,23.58985137939453
2023-05-22,72.58000183105469,105.5820083618164,56.151214599609375,43.7400016784668,36.852500915527344,155.7899932861328,85.94999694824219,90.0199966430664,95.6337661743164,123.9509048461914,9.5,29.06128692626953,363.1199951171875,84.75,59.119998931884766,31.112165451049805,27.479999542236328,96.05500030517578,166.92562866210938,68.0,39.4900016784668,101.1723403930664,330.75,219.7261962890625,55.972572326660156,75.37847900390625,137.25,23.58985137939453
2023-05-23,69.02999877929688,103.30519104003906,56.065311431884766,43.20333480834961,35.974998474121094,149.27000427246094,85.01000213623047,88.02999877929688,93.0063705444336,121.4827880859375,9.199999809265137,29.16146469116211,353.8599853515625,82.05999755859375,57.939998626708984,30.625164031982422,26.6299991607666,94.87000274658203,166.41586303710938,66.47000122070312,39.65999984741211,98.52262878417969,330.67999267578125,220.14614868164062,55.22865676879883,74.47503662109375,135.77999877929688,23.637977600097656
2023-05-24,70.30000305175781,102.8484878540039,54.97721862792969,43.810001373291016,37.29999923706055,147.50999450683594,86.44999694824219,87.66000366210938,92.17665100097656,119.8373794555664,8.8100004196167,29.070392608642578,344.5799865722656,82.08000183105469,57.56999969482422,30.4754695892334,26.15999984741211,102.15499877929688,165.36048889160156,66.8499984741211,40.5099983215332,98.1164779663086,327.29998779296875,216.77735900878906,54.59230041503906,73.83111572265625,135.83999633789062,23.48398208618164
2023-05-25,67.86000061035156,101.73375701904297,54.28045654296875,43.03666687011719,37.40250015258789,143.02000427246094,104.1500015258789,86.2300033569336,94.61639404296875,122.39469909667969,9.029999732971191,28.733423233032227,342.3399963378906,81.69000244140625,57.33000183105469,37.90222930908203,26.649999618530273,103.98999786376953,164.38560485839844,66.61000061035156,39.5099983215332,98.96749114990234,317.2200012207031,216.6280517578125,54.43096160888672,72.98536682128906,136.72999572753906,23.358863830566406
2023-05-26,69.37000274658203,101.48934936523438,54.54771041870117,42.14666748046875,38.529998779296875,149.13999938964844,101.27999877929688,85.52999877929688,95.1695327758789,123.5147705078125,9.069999694824219,28.60592269897461,340.260009765625,82.1500015258789,57.61000061035156,38.86626052856445,27.450000762939453,105.8499984741211,164.18882751464844,66.3499984741211,40.119998931884766,99.96355438232422,317.8500061035156,217.318603515625,54.350303649902344,74.00411224365234,138.97999572753906,23.5321044921875
2023-05-30,68.94000244140625,99.04683685302734,51.980194091796875,41.52000045776367,39.647499084472656,150.05999755859375,104.93000030517578,82.48999786376953,95.8214340209961,122.58302307128906,8.880000114440918,28.232524871826172,336.6400146484375,80.2300033569336,57.75,40.02886962890625,27.31999969482422,106.23999786376953,162.4269256591797,65.02999877929688,39.59000015258789,99.8571548461914,334.92999267578125,221.21929931640625,54.135196685791016,73.7734603881836,138.27999877929688,23.050878524780273
2023-05-31,70.62999725341797,98.26348114013672,50.96846389770508,41.84333419799805,40.032501220703125,149.57000732421875,104.0199966430664,81.05000305175781,94.5373764038086,121.79007720947266,8.9399995803833,28.341815948486328,331.92999267578125,79.94000244140625,58.619998931884766,37.75653076171875,27.450000762939453,106.69499969482422,163.08876037597656,63.939998626708984,41.86000061035156,100.20531463623047,337.5,226.734375,55.4348030090332,73.80227661132812,137.72999572753906,23.070125579833984
2023-06-01,70.87000274658203,99.87837219238281,51.35979461669922,44.43000030517578,39.38750076293945,154.13999938964844,106.54000091552734,81.98999786376953,97.45123291015625,122.63259887695312,8.899999618530273,28.38735008239746,328.3500061035156,81.12999725341797,59.36000061035156,39.688568115234375,27.170000076293945,108.3949966430664,164.0839385986328,63.130001068115234,42.130001068115234,97.5749282836914,334.5,226.482421875,56.23780822753906,73.66771697998047,137.58999633789062,23.7149715423584
2023-06-02,69.48999786376953,102.84143829345703,52.35243606567383,46.05666732788086,37.83000183105469,155.94000244140625,105.19000244140625,85.01000213623047,102.00474548339844,123.5742416381836,9.0,28.64235496520996,365.44000244140625,82.83000183105469,59.47999954223633,39.24646759033203,27.969999313354492,108.62000274658203,165.7681121826172,63.709999084472656,40.34000015258789,99.89584350585938,342.6600036621094,229.02066040039062,57.62728500366211,75.0709228515625,137.52000427246094,23.79196548461914
2023-06-05,68.87000274658203,104.60830688476562,51.712947845458984,47.97999954223633,38.52000045776367,161.6199951171875,105.11000061035156,85.25,105.59027099609375,124.90247344970703,8.949999809265137,28.514850616455078,356.44000244140625,82.5,59.2599983215332,39.09079360961914,28.649999618530273,113.3949966430664,165.8851776123047,65.98999786376953,40.790000915527344,100.02680969238281,340.1099853515625,227.85418701171875,57.573158264160156,75.791748046875,136.72000122070312,23.965208053588867
2023-06-06,68.05999755859375,106.07083892822266,52.428794860839844,47.4033317565918,38.2599983215332,167.0500030517578,106.98999786376953,90.05000305175781,110.61791229248047,126.19103240966797,9.1899995803833,28.30538558959961,356.0199890136719,82.98999786376953,58.33000183105469,38.57485580444336,28.3700008392334,112.36000061035156,163.51657104492188,67.55999755859375,41.33000183105469,100.57982635498047,334.7300109863281,226.29579162597656,58.77315902709961,75.60913848876953,135.67999267578125,23.801589965820312
2023-06-07,68.63999938964844,103.56721496582031,52.65786361694336,46.0099983215332,37.307498931884766,152.38999938964844,103.4800033569336,87.56999969482422,107.7534408569336,121.4233169555664,9.15999984741211,28.514850616455078,353.92999267578125,82.80999755859375,56.900001525878906,37.402130126953125,28.040000915527344,108.125,162.21066284179688,67.47000122070312,38.63999938964844,98.94989776611328,332.3800048828125,227.06097412109375,59.684444427490234,75.0709228515625,132.25,24.215452194213867
2023-06-08,68.94999694824219,103.69568634033203,52.57196807861328,47.0,37.82500076293945,157.33999633789062,106.19999694824219,87.55999755859375,106.35083770751953,121.06649017333984,9.149999618530273,28.60592269897461,354.95001220703125,83.22000122070312,57.529998779296875,38.43512725830078,28.719999313354492,111.41000366210938,164.00291442871094,67.19999694824219,38.869998931884766,100.16262817382812,333.2200012207031,228.07815551757812,59.910003662109375,74.73454284667969,133.1199951171875,23.88821029663086
2023-06-09,68.30000305175781,102.07687377929688,52.648319244384766,46.39666748046875,37.38249969482422,155.82000732421875,104.51000213623047,91.23999786376953,109.12641906738281,121.15567779541016,9.0,28.514850616455078,360.3999938964844,84.1500015258789,57.25,38.69461441040039,30.280000686645508,110.05000305175781,164.22804260253906,67.2699966430664,38.689998626708984,100.21115112304688,328.489990234375,225.4652557373047,59.964149475097656,76.27230072021484,134.02999877929688,23.88821029663086
2023-06-12,69.98999786376953,102.04594421386719,52.63877868652344,48.03666687011719,37.77750015258789,157.80999755859375,105.44000244140625,90.51000213623047,109.45236206054688,122.55330657958984,8.989999771118164,28.44198989868164,368.17999267578125,85.66999816894531,57.90999984741211,39.40523910522461,30.56999969482422,114.56999969482422,163.82276916503906,69.41999816894531,38.95000076293945,103.1993408203125,330.1199951171875,228.10618591308594,60.54158401489258,76.91622924804688,136.0,23.772720336914062
2023-06-13,69.91000366210938,102.38707733154297,53.08737564086914,49.83000183105469,38.27750015258789,159.5,102.51000213623047,92.83999633789062,109.60053253173828,122.74162292480469,9.039999961853027,28.706104278564453,368.3599853515625,87.02999877929688,58.18000030517578,40.942237854003906,29.739999771118164,116.81500244140625,163.49853515625,71.13999938964844,40.279998779296875,103.2575454711914,334.6099853515625,230.87767028808594,61.1280632019043,77.87732696533203,136.47000122070312,23.965208053588867
2023-06-14,73.05999755859375,102.22023010253906,54.089561462402344,47.686668395996094,38.4900016784668,154.83999633789062,101.93000030517578,95.05999755859375,107.59539031982422,122.58302307128906,8.670000076293945,28.9246768951416,377.2099914550781,87.08000183105469,58.47999954223633,42.91340255737305,29.850000381469727,119.27999877929688,164.966552734375,71.0,39.90999984741211,103.07321166992188,335.2099914550781,230.50439453125,60.85737228393555,76.79129028320312,136.6300048828125,23.878589630126953
2023-06-15,73.4800033569336,104.6451187133789,55.90304946899414,48.25,39.95249938964844,157.42999267578125,105.0999984741211,95.97000122070312,105.7977066040039,123.99053955078125,8.800000190734863,28.9246768951416,382.6300048828125,90.33999633789062,58.79999923706055,42.57007598876953,30.280000686645508,121.9000015258789,167.25413513183594,69.95999908447266,40.630001068115234,104.6643295288086,336.17999267578125,232.53875732421875,60.09046173095703,78.309814453125,137.1999969482422,24.379064559936523
2023-06-16,73.1500015258789,103.4422836303711,55.55944061279297,48.14666748046875,38.78499984741211,152.7899932861328,104.08000183105469,94.5999984741211,104.5728988647461,122.44425964355469,8.649999618530273,29.298072814941406,383.0199890136719,90.18000030517578,58.45000076293945,42.60899353027344,29.93000030517578,123.26499938964844,167.5513458251953,70.66000366210938,41.79999923706055,104.62551879882812,332.8399963378906,229.5899200439453,59.801734924316406,78.09837341308594,138.63999938964844,24.11920166015625
2023-06-20,72.91999816894531,103.27228546142578,54.17546463012695,47.119998931884766,38.02000045776367,150.1999969482422,107.19000244140625,96.19000244140625,105.61003112792969,122.01802825927734,8.350000381469727,29.07950210571289,383.489990234375,89.12999725341797,58.36000061035156,43.72282409667969,29.510000228881836,120.80000305175781,166.8938751220703,67.20999908447266,41.77000045776367,104.08221435546875,325.5199890136719,227.45294189453125,60.09046173095703,77.26222229003906,139.02999877929688,24.22982406616211
2023-06-21,74.77999877929688,103.55232238769531,54.14683151245117,46.823333740234375,35.962501525878906,142.3000030517578,111.47000122070312,94.62999725341797,103.72342681884766,119.4904556274414,8.420000076293945,28.906463623046875,378.80999755859375,88.6500015258789,58.40999984741211,42.9613037109375,28.770000457763672,119.45999908447266,167.00196838378906,67.25,38.599998474121094,104.04340362548828,324.2200012207031,229.8231658935547,60.036312103271484,77.72354125976562,140.4600067138672,24.404489517211914
2023-06-22,76.88999938964844,104.8879623413086,55.25400924682617,49.290000915527344,36.45000076293945,143.0,112.80999755859375,92.13999938964844,106.01502227783203,122.06761169433594,8.34000015258789,29.070392608642578,377.9599914550781,88.80000305175781,59.689998626708984,42.941341400146484,29.040000915527344,124.57499694824219,168.7311553955078,67.86000061035156,39.13999938964844,104.741943359375,321.54998779296875,228.88067626953125,59.97315979003906,78.309814453125,141.17999267578125,24.550039291381836
2023-06-23,75.7300033569336,102.77406311035156,54.519073486328125,50.03333282470703,35.912498474121094,140.02999877929688,108.44999694824219,88.93000030517578,103.50611877441406,121.26470947265625,8.420000076293945,28.39645767211914,374.25,87.76000213623047,59.11000061035156,42.126930236816406,29.760000228881836,121.97000122070312,167.57838439941406,65.69999694824219,37.849998474121094,105.42106628417969,312.70001220703125,226.18380737304688,59.711509704589844,78.86724853515625,141.85000610351562,24.355972290039062
2023-06-26,76.5199966430664,102.45405578613281,53.79368209838867,49.0533332824707,35.45249938964844,136.25999450683594,107.41000366210938,84.56999969482422,102.88384246826172,117.29987335205078,8.220000267028809,28.341815948486328,373.7699890136719,87.30000305175781,57.709999084472656,40.55299758911133,30.6299991607666,121.9000015258789,166.51565551757812,66.3499984741211,39.209999084472656,104.40238952636719,319.2200012207031,226.22113037109375,59.25135040283203,78.54046630859375,143.50999450683594,24.841148376464844
2023-06-27,79.04000091552734,105.76766967773438,53.95594024658203,50.23666763305664,36.06999969482422,140.52999877929688,110.08999633789062,87.48999786376953,106.76567840576172,117.28997039794922,8.329999923706055,28.460203170776367,374.5199890136719,88.06999969482422,58.130001068115234,41.79458236694336,31.299999237060547,125.79499816894531,167.71343994140625,67.01000213623047,41.81999969482422,105.67332458496094,315.7099914550781,230.4857635498047,59.37767028808594,79.5784683227539,146.33999633789062,25.0255184173584
2023-06-28,79.31999969482422,104.44026184082031,53.35462951660156,50.116668701171875,36.272499084472656,143.33999633789062,110.55999755859375,87.44999694824219,107.00276184082031,119.12370300292969,8.470000267028809,28.141450881958008,376.25,88.72000122070312,57.150001525878906,41.03705978393555,31.979999542236328,126.70500183105469,165.44387817382812,66.44000244140625,40.02000045776367,105.11062622070312,308.5,230.289794921875,59.233306884765625,79.44390869140625,145.97999572753906,24.96729278564453
2023-06-29,79.69999694824219,104.02664947509766,53.058746337890625,49.61000061035156,35.997501373291016,138.5800018310547,112.5,85.7300033569336,106.51876068115234,118.05320739746094,9.09000015258789,28.19645118713379,370.260009765625,89.68000030517578,57.41999816894531,40.74262619018555,31.610000610351562,126.66500091552734,165.6060028076172,67.75,38.7400016784668,105.62481689453125,309.6600036621094,230.3551025390625,59.20624542236328,80.48188018798828,145.47000122070312,25.268110275268555
2023-06-30,79.63999938964844,105.7665023803711,54.137290954589844,49.72999954223633,36.717498779296875,142.94000244140625,114.2300033569336,84.61000061035156,108.04975891113281,118.64791870117188,9.399999618530273,28.6639461517334,378.5,91.11000061035156,57.439998626708984,42.21975326538086,33.0,127.75499725341797,166.81283569335938,67.44000244140625,40.29999923706055,108.78765106201172,308.44000244140625,229.68321228027344,59.40473175048828,81.49102783203125,147.16000366210938,25.471881866455078
2023-07-03,79.19000244140625,106.56787109375,54.6526985168457,49.42333221435547,36.4900016784668,142.36000061035156,113.25,85.4000015258789,111.40811920166016,118.8461685180664,9.109999656677246,28.847280502319336,379.4100036621094,91.75,56.95000076293945,42.33053207397461,33.15999984741211,127.31999969482422,167.15509033203125,67.55000305175781,42.099998474121094,107.81745147705078,309.5400085449219,230.93365478515625,60.09947967529297,80.96244049072266,147.72999572753906,25.316625595092773
2023-07-05,77.70999908447266,104.7352066040039,54.1086540222168,49.279998779296875,36.27000045776367,141.2899932861328,114.37000274658203,85.1500015258789,110.17343139648438,120.67989349365234,8.890000343322754,29.103944778442383,375.989990234375,92.72000122070312,56.970001220703125,42.23472595214844,33.04999923706055,128.94000244140625,168.03770446777344,66.01000213623047,41.720001220703125,107.32266235351562,309.04998779296875,234.227783203125,60.12655258178711,81.40453338623047,145.0399932861328,26.04439353942871
2023-07-06,76.56999969482422,103.1171875,52.810585021972656,48.68333435058594,35.90250015258789,133.5800018310547,111.0999984741211,82.91000366210938,107.66455078125,119.05431365966797,8.649999618530273,29.51643943786621,367.0299987792969,91.63999938964844,56.61000061035156,42.021141052246094,31.799999237060547,126.69999694824219,168.05567932128906,66.05999755859375,39.97999954223633,106.07112121582031,305.75,235.71153259277344,59.63030242919922,80.19355010986328,142.8800048828125,26.15113067626953
2023-07-07,76.8499984741211,103.28246307373047,52.97283935546875,48.66999816894531,36.01250076293945,135.25,110.0,82.76000213623047,110.50926208496094,118.42985534667969,8.270000457763672,29.113107681274414,363.739990234375,91.76000213623047,55.869998931884766,42.42036437988281,31.43000030517578,123.79499816894531,164.88548278808594,66.76000213623047,41.150001525878906,104.25684356689453,312.2900085449219,236.5514373779297,59.4769172668457,79.48234558105469,143.19000244140625,25.908544540405273
2023-07-10,79.51000213623047,106.8827896118164,53.049198150634766,49.84000015258789,37.48749923706055,138.91000366210938,112.33999633789062,85.83000183105469,112.92924499511719,115.4264907836914,8.609999656677246,28.838111877441406,369.5199890136719,92.02999877929688,56.380001068115234,42.097991943359375,32.22999954223633,123.73500061035156,165.98426818847656,69.23999786376953,41.630001068115234,106.31366729736328,309.6300048828125,234.89967346191406,59.125038146972656,80.3185043334961,143.94000244140625,25.6756534576416
2023-07-11,79.05000305175781,109.02017974853516,53.640968322753906,48.5966682434082,37.6974983215332,149.5,113.48999786376953,93.70999908447266,115.52702331542969,116.11041259765625,8.640000343322754,28.773942947387695,379.4800109863281,92.87999725341797,55.529998779296875,42.32254409790039,32.68000030517578,125.11499786376953,165.69606018066406,69.3499984741211,43.63999938964844,107.69132995605469,303.1400146484375,235.59957885742188,58.14157485961914,81.44295501708984,150.75,25.733877182006836
2023-07-12,75.0,109.21876525878906,54.62406539916992,49.9466667175293,36.532501220703125,154.19000244140625,114.44000244140625,91.5,114.6182861328125,117.88468933105469,8.670000076293945,28.6639461517334,383.32000732421875,91.75,56.209999084472656,43.81663513183594,32.58000183105469,116.31999969482422,164.966552734375,69.26000213623047,43.459999084472656,108.19581604003906,301.95001220703125,234.13446044921875,59.54007339477539,81.9331283569336,149.9199981689453,25.96676254272461
2023-07-13,72.20999908447266,111.02284240722656,55.502174377441406,49.56999969482422,37.6875,153.88999938964844,115.61000061035156,93.1500015258789,118.1939468383789,123.44538116455078,9.109999656677246,28.88394546508789,379.5400085449219,93.12000274658203,56.7400016784668,45.88760757446289,33.54999923706055,119.50499725341797,168.89324951171875,68.87000274658203,44.29999923706055,108.15702819824219,299.760009765625,235.86085510253906,60.18068313598633,81.63520050048828,149.2899932861328,25.918243408203125
2023-07-14,75.30000305175781,112.29150390625,55.54035186767578,51.03666687011719,37.349998474121094,149.50999450683594,115.5999984741211,92.25,117.11729431152344,124.31765747070312,8.859999656677246,29.021446228027344,380.4100036621094,94.45999908447266,57.310001373291016,45.380592346191406,33.13999938964844,120.62999725341797,169.50570678710938,69.06999969482422,43.0,108.25404357910156,302.19000244140625,238.39907836914062,60.70399856567383,81.61597442626953,150.0,25.559213638305664
2023-07-17,73.08999633789062,115.5322494506836,54.97721862792969,50.63666534423828,38.182498931884766,158.47999572753906,118.66000366210938,93.4000015258789,119.65580749511719,123.5544204711914,9.119999885559082,28.975610733032227,383.69000244140625,94.29000091552734,57.290000915527344,46.37065887451172,35.27000045776367,125.0250015258789,167.1820831298828,68.41000366210938,44.459999084472656,106.96368408203125,301.1199951171875,237.54991149902344,61.34458923339844,81.7889633178711,152.7100067138672,25.355436325073242
2023-07-18,74.33000183105469,116.78366088867188,54.88177490234375,48.18000030517578,38.23749923706055,158.64999389648438,119.51000213623047,93.33000183105469,119.51751708984375,122.67224884033203,9.109999656677246,28.929779052734375,385.4200134277344,97.62999725341797,56.54999923706055,47.40165328979492,35.33000183105469,124.16999816894531,166.11936950683594,68.76000213623047,45.540000915527344,108.57421875,300.79998779296875,237.33529663085938,61.263397216796875,81.84664154052734,153.5500030517578,25.98617172241211
2023-07-19,74.94000244140625,114.6791763305664,55.76942825317383,48.43333435058594,39.40250015258789,160.44000244140625,113.62999725341797,96.08999633789062,117.64080047607422,120.95745086669922,8.890000343322754,29.232276916503906,390.510009765625,95.63999938964844,57.25,46.985469818115234,35.0,123.0,167.74948120117188,67.93000030517578,44.86000061035156,109.26304626464844,304.2900085449219,250.0265350341797,62.418277740478516,82.2598876953125,152.00999450683594,26.519868850708008
2023-07-20,74.9000015258789,114.27261352539062,56.05576705932617,47.836666107177734,37.01750183105469,146.08999633789062,113.72000122070312,93.06999969482422,117.41363525390625,118.1523208618164,8.350000381469727,29.72727394104004,381.8599853515625,96.81999969482422,57.58000183105469,45.431488037109375,34.31999969482422,121.0250015258789,170.48736572265625,66.5199966430664,41.040000915527344,108.85555267333984,301.2900085449219,251.211669921875,63.21226119995117,82.10614013671875,151.63999938964844,26.558685302734375
2023-07-21,74.45999908447266,114.4974365234375,55.88396072387695,47.793331146240234,37.724998474121094,149.5,111.62000274658203,96.73999786376953,117.54203033447266,118.9651107788086,8.260000228881836,29.864768981933594,382.9599914550781,96.83999633789062,58.099998474121094,44.222843170166016,34.619998931884766,121.91000366210938,171.26190185546875,67.43000030517578,40.56999969482422,108.69062805175781,303.1700134277344,251.49163818359375,63.11301803588867,82.25029754638672,149.9600067138672,27.519338607788086
2023-07-24,74.01000213623047,113.3427505493164,55.712154388427734,47.79999923706055,37.435001373291016,147.67999267578125,109.36000061035156,96.54000091552734,115.39862823486328,120.46183776855469,8.34000015258789,29.663108825683594,380.3900146484375,97.16000366210938,58.380001068115234,44.52526092529297,35.470001220703125,121.66500091552734,171.9463653564453,66.61000061035156,39.54999923706055,109.34066772460938,306.3999938964844,253.13400268554688,63.02280807495117,83.22099304199219,150.27999877929688,27.46111297607422
2023-07-25,75.95999908447266,115.24906921386719,55.89350509643555,48.880001068115234,37.73500061035156,148.52999877929688,114.0999984741211,94.98999786376953,115.99125671386719,121.1358642578125,8.300000190734863,29.626440048217773,382.1199951171875,98.47000122070312,58.08000183105469,45.59018325805664,35.060001373291016,121.45500183105469,172.34263610839844,67.0,39.65999984741211,109.15631866455078,311.7699890136719,253.24595642089844,63.76265335083008,83.88414764404297,151.02999877929688,27.26704216003418
2023-07-26,73.68000030517578,115.86517333984375,56.017581939697266,49.116668701171875,38.657501220703125,148.2100067138672,113.06999969482422,96.38999938964844,118.09516906738281,128.1338348388672,8.260000228881836,29.82810401916504,378.9800109863281,97.9000015258789,58.16999816894531,45.363624572753906,36.18000030517578,122.50499725341797,172.55877685546875,67.6500015258789,39.95000076293945,110.097412109375,314.19000244140625,254.01119995117188,63.60024642944336,84.01869201660156,150.25,27.567855834960938
2023-07-27,73.36000061035156,115.77666473388672,55.49263000488281,48.143333435058594,38.212501525878906,145.52999877929688,111.48999786376953,95.7300033569336,117.3642349243164,128.26266479492188,8.40999984741211,30.94643211364746,370.75,96.93000030517578,57.560001373291016,45.810760498046875,33.869998931884766,122.63999938964844,169.7938690185547,65.58000183105469,37.90999984741211,110.097412109375,313.5199890136719,252.49008178710938,62.49045944213867,83.08643341064453,149.85000610351562,27.26704216003418
2023-07-28,79.41999816894531,117.98377227783203,56.17984390258789,49.15999984741211,38.900001525878906,150.9600067138672,115.94000244140625,99.62999725341797,118.61866760253906,131.4147186279297,8.640000343322754,31.093090057373047,377.9599914550781,89.33000183105469,58.150001525878906,46.65910720825195,35.22999954223633,124.22000122070312,171.39697265625,65.87999725341797,38.93000030517578,111.1937255859375,366.1000061035156,254.2910614013672,63.654388427734375,83.47088623046875,151.60000610351562,26.89830780029297
2023-07-31,79.02999877929688,116.36026763916016,54.690879821777344,48.233333587646484,40.415000915527344,155.19000244140625,116.72000122070312,101.6500015258789,121.02877044677734,131.55348205566406,8.970000267028809,31.17559051513672,378.5299987792969,87.75,57.4900016784668,46.63814163208008,36.0,124.9800033569336,168.83023071289062,67.54000091552734,39.25,111.22282409667969,371.44000244140625,254.57107543945312,62.950599670410156,83.16332244873047,152.94000244140625,27.228225708007812
2023-08-01,78.4800033569336,114.14765167236328,54.251827239990234,47.47666549682617,41.4900016784668,152.27999877929688,116.5,98.5999984741211,119.26071166992188,130.39376831054688,8.760000228881836,31.285598754882812,381.2099914550781,87.0999984741211,57.709999084472656,46.41656494140625,35.97999954223633,126.58499908447266,168.25384521484375,67.37999725341797,39.43000030517578,110.59219360351562,367.2099914550781,251.98622131347656,60.01827621459961,83.00955963134766,151.7899932861328,27.063264846801758
2023-08-02,78.77999877929688,112.99652099609375,53.66960144042969,46.4466667175293,38.682498931884766,144.14999389648438,133.19000244140625,96.06999969482422,116.55427551269531,127.25163269042969,8.380000114440918,31.58808708190918,376.6499938964844,85.97000122070312,57.630001068115234,44.18293380737305,34.83000183105469,118.08499908447266,169.5957794189453,66.25,37.630001068115234,108.4383773803711,359.1700134277344,251.51954650878906,60.74909591674805,82.27912902832031,147.22000122070312,27.160301208496094
2023-08-03,77.11000061035156,111.23355865478516,54.38544845581055,47.78666687011719,39.38750076293945,141.24000549316406,132.05999755859375,82.91999816894531,97.46109771728516,127.3210220336914,8.199999809265137,31.102262496948242,384.0,86.25,57.97999954223633,44.42844772338867,35.47999954223633,118.7249984741211,168.52398681640625,62.22999954223633,36.68000030517578,109.23394012451172,358.260009765625,250.77305603027344,58.75511932373047,82.67317199707031,145.75,27.111785888671875
2023-08-04,76.66999816894531,119.97782135009766,53.91776657104492,47.53666687011719,37.622501373291016,137.36000061035156,128.14999389648438,81.58999633789062,101.92573547363281,126.98401641845703,8.149999618530273,30.79976463317871,378.20001220703125,87.7300033569336,55.11000061035156,44.5931282043457,35.33000183105469,109.16000366210938,166.25445556640625,61.5099983215332,37.47999954223633,109.23394012451172,353.17999267578125,250.11048889160156,58.92654037475586,82.12533569335938,142.17999267578125,27.69399642944336
2023-08-07,77.08999633789062,127.02214813232422,53.870033264160156,47.7400016784668,37.74250030517578,140.13999938964844,130.89999389648438,84.43000030517578,106.17304992675781,130.3739471435547,7.900000095367432,31.001428604125977,382.5,89.22000122070312,58.4900016784668,45.328697204589844,35.27000045776367,107.62000274658203,168.31686401367188,61.810001373291016,37.599998474121094,110.07799530029297,359.7099914550781,252.5460968017578,58.664886474609375,82.93267059326172,141.17999267578125,27.849260330200195
2023-08-08,76.33999633789062,126.35476684570312,53.7555046081543,47.78666687011719,36.470001220703125,136.0,131.52999877929688,82.5,108.49424743652344,130.24510192871094,7.440000057220459,30.64393424987793,380.70001220703125,87.87999725341797,57.40999984741211,44.57716369628906,35.70000076293945,105.73999786376953,166.11032104492188,61.459999084472656,37.7400016784668,109.80635833740234,367.6700134277344,252.8820343017578,58.51149368286133,83.21139526367188,140.13999938964844,27.965700149536133
2023-08-09,75.7300033569336,125.52008056640625,53.92730712890625,57.55666732788086,36.3650016784668,144.91000366210938,130.9600067138672,79.87000274658203,108.46461486816406,128.5203857421875,7.320000171661377,30.818090438842773,382.3299865722656,86.30000305175781,57.5099983215332,42.47126388549805,36.5099983215332,106.73500061035156,165.69606018066406,60.81999969482422,29.459999084472656,109.66082000732422,364.2699890136719,253.30335998535156,58.294960021972656,83.18534851074219,139.39999389648438,29.411535263061523
2023-08-10,76.58000183105469,126.24586486816406,54.251827239990234,57.65999984741211,36.96500015258789,140.97999572753906,133.22000122070312,78.20999908447266,110.30182647705078,128.5501251220703,7.190000057220459,30.616430282592773,384.54998779296875,86.98999786376953,58.099998474121094,42.30559158325195,35.709999084472656,107.02999877929688,165.48892211914062,61.38999938964844,30.610000610351562,110.48548126220703,360.6499938964844,251.487060546875,58.03330612182617,83.1660385131836,138.4600067138672,29.78026580810547
2023-08-11,76.97000122070312,125.58159637451172,53.736412048339844,58.35333251953125,37.05500030517578,138.80999755859375,132.4600067138672,76.63999938964844,110.17343139648438,128.42124938964844,7.199999809265137,30.983095169067383,381.1300048828125,86.61000061035156,58.18000030517578,40.77556228637695,34.54999923706055,108.9800033569336,165.7500762939453,60.66999816894531,29.829999923706055,110.01008605957031,358.75,250.61631774902344,57.94308090209961,82.86695861816406,140.1999969482422,29.246572494506836
2023-08-14,77.2699966430664,126.68218994140625,53.78413391113281,61.0,38.092498779296875,137.4499969482422,134.16000366210938,79.30000305175781,110.55864715576172,130.17572021484375,7.119999885559082,30.9280948638916,385.0199890136719,86.16000366210938,59.0099983215332,43.667930603027344,34.61000061035156,109.66999816894531,165.37185668945312,61.79999923706055,30.540000915527344,110.71834564208984,361.3599853515625,250.58819580078125,58.177677154541016,83.17569732666016,142.3800048828125,29.421236038208008
2023-08-15,76.9800033569336,125.35951232910156,52.98237991333008,60.913333892822266,37.407501220703125,130.58999633789062,132.3300018310547,75.86000061035156,106.11378479003906,128.6393280029297,7.179999828338623,30.68060874938965,383.17999267578125,86.11000061035156,58.209999084472656,43.85456848144531,29.770000457763672,107.83000183105469,163.32745361328125,61.119998931884766,29.770000457763672,110.61161041259766,362.3699951171875,248.7625274658203,57.428794860839844,82.75117492675781,139.50999450683594,29.34360694885254
2023-08-16,76.55000305175781,125.15544128417969,52.543331146240234,59.71666717529297,37.25,130.24000549316406,129.50999450683594,73.94999694824219,105.82733917236328,127.56883239746094,7.0,31.028928756713867,381.1600036621094,85.5999984741211,58.29999923706055,43.40144348144531,30.31999969482422,106.98500061035156,163.20135498046875,60.58000183105469,29.239999771118164,111.79524993896484,367.69000244140625,246.0661163330078,56.34607696533203,86.16658020019531,140.27000427246094,29.178647994995117
2023-08-17,75.0,121.89313507080078,52.86784744262695,56.45000076293945,36.095001220703125,126.61000061035156,117.33999633789062,74.97000122070312,104.33583068847656,128.77810668945312,6.920000076293945,30.863927841186523,376.29998779296875,84.55999755859375,57.25,43.25972366333008,30.65999984741211,103.78500366210938,160.71563720703125,59.04999923706055,27.850000381469727,109.68992614746094,371.1700134277344,240.95413208007812,56.09344482421875,85.18248748779297,138.0800018310547,28.829317092895508
2023-08-18,75.05000305175781,119.79254913330078,53.211456298828125,58.26333236694336,36.70000076293945,123.9000015258789,118.04000091552734,73.77999877929688,105.89647674560547,126.3397216796875,6.809999942779541,30.93726348876953,381.2900085449219,84.38999938964844,57.36000061035156,43.214813232421875,30.260000228881836,104.84500122070312,160.47247314453125,59.56999969482422,27.510000228881836,115.18123626708984,362.739990234375,240.6826629638672,56.86939239501953,86.36917877197266,137.4600067138672,28.974872589111328
2023-08-21,75.6500015258789,119.54071807861328,53.640968322753906,59.17333221435547,38.474998474121094,126.88999938964844,119.3499984741211,73.31999969482422,106.7459487915039,127.24172973632812,7.0,30.8272647857666,384.8999938964844,83.95999908447266,57.41999816894531,46.87568283081055,29.739999771118164,120.40499877929688,159.4547882080078,58.220001220703125,26.959999084472656,115.60807800292969,367.7099914550781,242.4802703857422,56.64382553100586,86.4656753540039,139.55999755859375,29.1107234954834
2023-08-22,75.33000183105469,120.3980941772461,53.58369445800781,59.336666107177734,38.08250045776367,129.99000549316406,118.41999816894531,73.4800033569336,107.25955963134766,127.94546508789062,6.739999771118164,30.662267684936523,379.4200134277344,84.25,57.349998474121094,45.57920455932617,29.3799991607666,117.27999877929688,158.23895263671875,59.599998474121094,26.6200008392334,114.27894592285156,360.17999267578125,240.91673278808594,56.3551025390625,85.96395874023438,140.47999572753906,28.780797958374023
2023-08-23,75.56999969482422,121.36437225341797,54.31863784790039,60.119998931884766,38.45249938964844,135.88999938964844,124.83000183105469,73.08000183105469,106.27182006835938,131.20655822753906,6.889999866485596,30.84560775756836,377.7099914550781,84.08999633789062,57.90999984741211,47.02439498901367,29.8799991607666,117.83000183105469,160.41844177246094,60.2400016784668,26.420000076293945,118.24703216552734,363.57000732421875,245.34519958496094,56.67089080810547,86.8419418334961,144.5500030517578,29.430938720703125
2023-08-24,74.54000091552734,118.53761291503906,53.870033264160156,59.206668853759766,36.36249923706055,131.3000030517578,119.69999694824219,71.62000274658203,104.66179656982422,128.6393280029297,6.710000038146973,30.64393424987793,360.2200012207031,83.69999694824219,57.029998779296875,47.0713005065918,28.399999618530273,113.7249984741211,159.57183837890625,59.29999923706055,26.549999237060547,115.3170394897461,358.3699951171875,241.80615234375,56.427284240722656,85.20177459716797,139.66000366210938,29.120424270629883
2023-08-25,75.83999633789062,119.16900634765625,54.080020904541016,60.663333892822266,37.39500045776367,135.07000732421875,120.68000030517578,72.30999755859375,105.62977600097656,128.73846435546875,6.809999942779541,30.50642967224121,365.5899963378906,84.79000091552734,57.34000015258789,45.92852020263672,28.75,115.37999725341797,161.5892333984375,60.02000045776367,26.809999465942383,115.45286560058594,355.4200134277344,242.94837951660156,56.70698165893555,85.6938247680664,141.4199981689453,29.22716522216797
2023-08-28,75.98999786376953,120.23045349121094,54.64315414428711,60.709999084472656,36.00749969482422,134.47999572753906,122.62999725341797,72.23999786376953,106.84471130371094,129.85853576660156,6.849999904632568,30.89143180847168,365.8399963378906,84.83999633789062,57.709999084472656,46.74393844604492,28.059999465942383,116.20999908447266,162.3367156982422,60.54999923706055,27.100000381469727,116.35516357421875,357.5299987792969,245.2047882080078,56.743072509765625,87.1024398803711,140.8000030517578,29.08160972595215
2023-08-29,77.4000015258789,121.84613037109375,55.28264236450195,62.60333251953125,36.67499923706055,144.6300048828125,133.6300048828125,74.4000015258789,108.6029052734375,133.38722229003906,6.940000057220459,31.07476043701172,374.7300109863281,84.27999877929688,58.4900016784668,48.689144134521484,28.510000228881836,116.95999908447266,162.94915771484375,61.439998626708984,27.760000228881836,117.41265869140625,361.2900085449219,244.61489868164062,57.09495162963867,87.76815795898438,141.38999938964844,29.518272399902344
2023-08-30,77.44000244140625,122.6189193725586,55.2158317565918,64.66999816894531,37.29499816894531,147.24000549316406,136.69000244140625,74.31999969482422,107.52626037597656,134.6857147216797,6.940000057220459,30.955598831176758,376.7300109863281,84.30000305175781,58.150001525878906,49.168216705322266,28.93000030517578,118.94999694824219,163.08425903320312,61.369998931884766,28.18000030517578,118.02388000488281,364.82000732421875,244.23106384277344,56.914512634277344,88.89698028564453,141.8300018310547,30.40129852294922
2023-08-31,77.0999984741211,121.61778259277344,54.2995491027832,65.34666442871094,40.75749969482422,147.16000366210938,138.7100067138672,73.56999969482422,107.06201934814453,134.97314453125,6.710000038146973,30.84560775756836,381.260009765625,84.52999877929688,57.40999984741211,49.25904846191406,28.829999923706055,121.6500015258789,161.36558532714844,60.79999923706055,28.290000915527344,118.17910766601562,365.42999267578125,243.95018005371094,57.659202575683594,89.2249984741211,142.1999969482422,30.488630294799805
2023-09-01,77.5,122.00398254394531,53.62187576293945,64.73999786376953,40.307498931884766,148.9199981689453,136.97000122070312,74.63500213623047,108.2275619506836,134.4676513671875,6.849999904632568,30.753929138183594,404.19000244140625,84.05000305175781,56.54999923706055,48.41468048095703,29.229999542236328,121.36000061035156,159.00750732421875,61.65999984741211,28.440000534057617,118.39799499511719,367.5,242.93902587890625,57.13246154785156,89.37937927246094,141.8300018310547,30.8476619720459
2023-09-05,74.62000274658203,123.16921997070312,53.182823181152344,65.78666687011719,41.35749816894531,153.94000244140625,136.25,72.81999969482422,108.8696060180664,134.57669067382812,6.889999866485596,30.29560089111328,401.80999755859375,82.86000061035156,55.959999084472656,48.45360565185547,30.06999969482422,122.53500366210938,157.95542907714844,60.9900016784668,29.1299991607666,117.33757781982422,362.0299987792969,241.0852508544922,56.56032180786133,88.39527893066406,141.17999267578125,31.53662109375
2023-09-06,74.33000183105469,123.03488159179688,53.47870635986328,66.77999877929688,41.557498931884766,155.00999450683594,133.77999877929688,72.73999786376953,107.08177947998047,133.27821350097656,6.909999847412109,30.4330997467041,399.0,80.69999694824219,56.279998779296875,46.973365783691406,30.610000610351562,122.6050033569336,158.47238159179688,60.16999816894531,29.09000015258789,116.69548034667969,363.44000244140625,242.3117218017578,56.333282470703125,87.56554412841797,140.97000122070312,31.837427139282227
2023-09-07,73.6500015258789,121.55591583251953,53.640968322753906,68.41999816894531,41.65999984741211,156.22000122070312,137.85000610351562,69.08999633789062,104.46424865722656,134.07113647460938,6.760000228881836,30.533937454223633,398.989990234375,80.9000015258789,56.63999938964844,46.1548957824707,29.31999969482422,122.72000122070312,159.9870147705078,59.45000076293945,28.790000915527344,116.17985534667969,369.0199890136719,243.01394653320312,57.277767181396484,88.23125457763672,142.22999572753906,32.380828857421875
2023-09-08,72.55000305175781,123.10892486572266,53.66006088256836,67.20999908447266,42.022499084472656,156.50999450683594,136.0399932861328,67.12999725341797,108.45475006103516,135.18133544921875,6.53000020980835,30.579769134521484,396.3599853515625,80.94000244140625,56.369998931884766,45.48714065551758,29.59000015258789,124.37000274658203,159.86911010742188,58.84000015258789,29.010000228881836,116.12149047851562,374.9200134277344,242.67686462402344,57.79542541503906,88.23125457763672,142.77000427246094,33.05037307739258
2023-09-11,72.62999725341797,124.65917205810547,54.4522590637207,66.47666931152344,43.0724983215332,161.3800048828125,135.4499969482422,64.81999969482422,107.1607894897461,135.71658325195312,6.53000020980835,30.735593795776367,397.44000244140625,82.58000183105469,56.779998779296875,45.093875885009766,29.989999771118164,126.56999969482422,162.28160095214844,58.31999969482422,28.549999237060547,115.17781066894531,380.44000244140625,242.9577178955078,58.83073043823242,88.35668182373047,145.3800048828125,32.69133758544922
2023-09-12,71.37000274658203,124.29686737060547,53.62187576293945,67.0433349609375,42.41999816894531,160.14999389648438,133.8300018310547,64.80999755859375,108.30658721923828,134.15045166015625,6.460000038146973,30.48809814453125,388.1199951171875,81.6500015258789,56.150001525878906,44.78644943237305,29.75,122.86499786376953,161.68301391601562,59.59000015258789,29.209999084472656,115.18753814697266,380.4200134277344,244.05322265625,58.20409393310547,88.93555450439453,143.19000244140625,32.70104217529297
2023-09-13,71.23999786376953,122.03337097167969,53.46916580200195,66.85333251953125,42.11750030517578,160.63999938964844,131.99000549316406,64.55999755859375,105.5112533569336,135.5084228515625,6.360000133514404,30.36893653869629,388.9700012207031,82.4800033569336,56.52000045776367,45.400306701660156,29.020000457763672,123.1449966430664,162.96182250976562,58.880001068115234,27.739999771118164,113.65040588378906,376.2300109863281,243.5944061279297,57.42308044433594,89.6495132446289,144.36000061035156,32.19646453857422
2023-09-14,71.3499984741211,125.24199676513672,54.26136779785156,67.3133316040039,42.682498931884766,158.00999450683594,130.17999267578125,66.68000030517578,105.61991119384766,136.88623046875,6.300000190734863,30.863927841186523,388.739990234375,85.01000213623047,56.869998931884766,45.49612808227539,30.68000030517578,122.91000366210938,164.3675994873047,59.79999923706055,27.75,114.60382080078125,376.1000061035156,246.09422302246094,57.93164825439453,90.2959213256836,144.39999389648438,32.060611724853516
2023-09-15,70.08999633789062,123.77672576904297,54.28045654296875,65.84333038330078,41.36249923706055,159.52999877929688,125.7699966430664,64.94000244140625,105.60015869140625,136.19236755371094,6.309999942779541,30.524768829345703,389.92999267578125,83.81999969482422,56.13999938964844,43.8182487487793,29.950000762939453,120.0999984741211,163.10691833496094,50.290000915527344,27.90999984741211,114.96378326416016,371.55999755859375,243.74420166015625,57.75001525878906,89.1864242553711,142.91000366210938,31.934465408325195
2023-09-18,69.9800033569336,123.70543670654297,55.01539611816406,66.3066635131836,41.74250030517578,164.8699951171875,123.0,63.849998474121094,104.44448852539062,136.99522399902344,6.340000152587891,30.84560775756836,382.80999755859375,83.12000274658203,56.27000045776367,43.884132385253906,30.270000457763672,119.94499969482422,162.6897430419922,48.5,27.610000610351562,114.47735595703125,370.8699951171875,244.07188415527344,58.503787994384766,88.70401763916016,141.3300018310547,32.49727249145508
2023-09-19,69.80999755859375,121.92017364501953,54.8626823425293,65.96333312988281,41.375,162.35000610351562,112.4800033569336,65.73999786376953,103.29869842529297,136.82669067382812,6.239999771118164,30.625595092773438,384.45001220703125,82.80000305175781,56.0099983215332,43.438961029052734,29.860000610351562,118.08499908447266,161.72837829589844,46.41999816894531,26.959999084472656,113.14452362060547,374.3800048828125,243.42588806152344,57.98612594604492,87.79710388183594,143.91000366210938,32.3664436340332
2023-09-20,70.94000244140625,120.2030258178711,54.77677917480469,60.470001220703125,40.97249984741211,156.85000610351562,105.6500015258789,64.69000244140625,103.01226043701172,132.56454467773438,6.190000057220459,30.955598831176758,391.8800048828125,81.5,55.7599983215332,42.16034698486328,29.700000762939453,117.6500015258789,161.78277587890625,46.70000076293945,26.25,111.83112335205078,371.30999755859375,245.2047882080078,58.8216438293457,87.46907806396484,140.72000122070312,31.57558250427246
2023-09-21,70.4800033569336,118.92459106445312,54.24228286743164,56.7599983215332,40.63249969482422,152.3699951171875,106.01000213623047,64.25,100.71080017089844,129.29351806640625,6.110000133514404,30.552270889282227,383.8999938964844,79.97000122070312,54.75,40.940616607666016,28.760000228881836,113.72000122070312,159.06192016601562,45.810001373291016,25.309999465942383,110.0605239868164,371.92999267578125,240.12088012695312,58.27674865722656,86.031494140625,135.94000244140625,32.65934371948242
2023-09-22,70.1500015258789,119.95352935791016,53.870033264160156,55.8466682434082,40.64250183105469,152.6699981689453,105.16000366210938,63.79999923706055,99.6341552734375,129.10520935058594,6.010000228881836,30.359766006469727,388.04998779296875,79.75,54.52000045776367,41.53252410888672,28.079999923706055,114.25499725341797,158.962158203125,45.369998931884766,25.389999389648438,108.63042449951172,378.30999755859375,239.70896911621094,57.57746505737305,86.0218734741211,138.24000549316406,32.43478775024414
2023-09-25,70.73999786376953,121.33890533447266,52.686500549316406,56.776668548583984,39.97999954223633,153.05999755859375,106.80000305175781,64.72000122070312,99.45635986328125,129.95762634277344,6.110000133514404,29.773103713989258,384.3299865722656,79.62000274658203,54.650001525878906,42.14337921142578,27.31999969482422,113.26499938964844,158.10958862304688,45.16999816894531,26.139999389648438,106.69439697265625,380.42999267578125,240.10218811035156,57.15971374511719,85.15354919433594,138.75,32.864383697509766
2023-09-26,68.33999633789062,119.87677001953125,51.789302825927734,55.84333419799805,40.119998931884766,149.4199981689453,109.29000091552734,61.869998931884766,98.17227935791016,127.43997192382812,6.159999847412109,29.479774475097656,380.6600036621094,79.91999816894531,54.290000915527344,41.83295440673828,26.059999465942383,113.3949966430664,156.468017578125,44.40999984741211,27.010000228881836,106.57767486572266,378.25,237.24658203125,57.250526428222656,84.77726745605469,137.3800048828125,32.21022033691406
2023-09-27,68.69000244140625,120.74159240722656,50.94937515258789,57.413333892822266,40.7599983215332,154.24000549316406,110.36000061035156,61.88999938964844,99.02174377441406,129.3926239013672,6.21999979019165,29.030614852905273,379.1400146484375,81.0199966430664,53.119998931884766,42.38892364501953,26.15999984741211,115.94999694824219,153.79254150390625,46.119998931884766,27.389999389648438,105.96473693847656,380.0,234.61575317382812,56.67837905883789,85.0088119506836,137.77999877929688,32.53242111206055
2023-09-28,70.3499984741211,121.60993957519531,51.121177673339844,57.69333267211914,41.3125,159.13999938964844,112.08000183105469,63.75,101.32319641113281,131.14707946777344,6.360000133514404,29.03522300720215,379.0,83.69000244140625,53.15999984741211,43.008766174316406,26.229999542236328,117.58999633789062,153.72901916503906,46.95000076293945,27.829999923706055,108.77633666992188,382.29998779296875,235.5707244873047,56.860023498535156,86.42706298828125,140.1999969482422,32.63981628417969
2023-09-29,70.30999755859375,120.79212188720703,52.78194808959961,57.20000076293945,41.845001220703125,165.8699951171875,109.83000183105469,64.58000183105469,101.80719757080078,129.7098388671875,6.289999961853027,29.13674545288086,385.6099853515625,83.04000091552734,52.95000076293945,43.41800308227539,27.81999969482422,117.22000122070312,153.6746063232422,49.18000030517578,28.959999084472656,109.88541412353516,389.5299987792969,235.30856323242188,57.75001525878906,85.751708984375,140.38999938964844,32.395729064941406
2023-10-02,69.58000183105469,121.17634582519531,50.987552642822266,58.0,42.3849983215332,165.9499969482422,108.20999908447266,64.6500015258789,100.79969024658203,132.99073791503906,6.449999809265137,28.804492950439453,382.8599853515625,84.41000366210938,52.540000915527344,44.698612213134766,26.1200008392334,118.38500213623047,153.42971801757812,48.22999954223633,28.68000030517578,111.3641586303711,393.7099914550781,232.79002380371094,56.860023498535156,85.55875396728516,139.0,31.761089324951172
2023-10-03,67.56999969482422,117.92658233642578,50.56758499145508,53.706668853759766,40.50749969482422,158.4199981689453,99.11000061035156,62.290000915527344,97.55988311767578,131.2660369873047,6.210000038146973,28.693740844726562,368.3399963378906,82.93000030517578,50.66999816894531,43.43596267700195,25.989999771118164,115.8550033569336,152.0964813232422,46.97999954223633,28.420000076293945,108.87364196777344,380.6099853515625,232.4998016357422,56.32419967651367,84.7579574584961,137.55999755859375,31.243619918823242
2023-10-04,68.58000183105469,119.32410430908203,50.58667755126953,52.20333480834961,41.01250076293945,163.1300048828125,99.4800033569336,63.7400016784668,98.95260620117188,134.05133056640625,6.199999809265137,29.25672721862793,370.1000061035156,84.11000061035156,52.33000183105469,43.95899200439453,25.049999237060547,118.22000122070312,153.1939239501953,47.45000076293945,29.59000015258789,108.95145416259766,379.5400085449219,233.4641571044922,57.24144744873047,84.94126892089844,139.6300048828125,30.648038864135742
2023-10-05,67.76000213623047,118.23877716064453,50.37669372558594,51.04999923706055,41.3224983215332,163.8699951171875,96.55000305175781,62.86000061035156,98.67603302001953,133.8828582763672,6.309999942779541,27.881567001342773,360.3599853515625,85.2300033569336,50.09000015258789,44.60478973388672,24.149999618530273,118.38999938964844,145.20364379882812,47.400001525878906,29.81999969482422,108.68879699707031,359.82000732421875,225.946044921875,53.63604736328125,84.73868560791016,140.1999969482422,31.077638626098633
2023-10-06,69.29000091552734,119.4404296875,50.395782470703125,51.369998931884766,44.17250061035156,164.24000549316406,99.93000030517578,62.720001220703125,99.24893188476562,136.37078857421875,6.360000133514404,27.752361297607422,367.2200012207031,87.51000213623047,49.970001220703125,45.676788330078125,25.110000610351562,123.34500122070312,145.37594604492188,48.099998474121094,30.459999084472656,109.33086395263672,360.6499938964844,221.52688598632812,53.76318359375,85.44297790527344,140.91000366210938,30.794490814208984
2023-10-09,71.16999816894531,117.88467407226562,50.14762496948242,52.86000061035156,45.45500183105469,174.24000549316406,100.26000213623047,63.380001068115234,98.44884490966797,137.20339965820312,6.309999942779541,27.447792053222656,372.6400146484375,86.98999786376953,49.63999938964844,45.188690185546875,25.200000762939453,126.38999938964844,146.34637451171875,47.970001220703125,30.209999084472656,110.00215911865234,357.7300109863281,220.10379028320312,53.69961929321289,85.58768463134766,143.1300048828125,31.09716033935547
2023-10-10,72.08000183105469,119.86973571777344,51.197532653808594,55.676666259765625,45.962501525878906,175.58999633789062,101.81999969482422,63.709999084472656,100.24655151367188,136.84654235839844,6.349999904632568,27.955408096313477,373.0299987792969,86.55000305175781,50.400001525878906,45.71271514892578,25.110000610351562,128.38999938964844,149.10353088378906,49.72999954223633,30.90999984741211,110.03134155273438,360.3599853515625,222.73468017578125,54.63501739501953,85.5298080444336,145.24000549316406,31.34125328063965
2023-10-11,72.12999725341797,120.32209777832031,52.066097259521484,55.25,47.05500030517578,173.0,105.0999984741211,64.83999633789062,102.34058380126953,139.3146514892578,6.369999885559082,27.03247833251953,373.3599853515625,87.61000061035156,49.599998474121094,46.718841552734375,24.65999984741211,129.60499572753906,147.48916625976562,51.150001525878906,31.760000228881836,110.58588409423828,358.0400085449219,223.76455688476562,54.535118103027344,86.10869598388672,144.75,31.99541664123535
2023-10-12,75.0,119.42320251464844,51.178443908691406,52.91999816894531,46.88999938964844,175.1199951171875,100.79000091552734,64.76000213623047,101.36270904541016,137.74856567382812,6.21999979019165,25.74961280822754,373.94000244140625,86.23999786376953,47.540000915527344,46.85758590698242,23.780000686645508,130.30999755859375,143.37156677246094,50.86000061035156,31.6299991607666,110.12862396240234,339.8900146484375,213.8309326171875,52.72787857055664,85.7903060913086,141.6199951171875,31.048343658447266
2023-10-13,76.33000183105469,115.54871368408203,51.264347076416016,54.55666732788086,46.43000030517578,160.10000610351562,101.38999938964844,63.16999816894531,97.94510650634766,136.15272521972656,6.25,25.94342803955078,377.69000244140625,84.55000305175781,47.720001220703125,45.3763427734375,23.670000076293945,129.6999969482422,145.1129608154297,50.97999954223633,30.510000228881836,109.00009155273438,349.239990234375,216.9205322265625,53.26369857788086,85.4815673828125,142.8300018310547,30.892127990722656
2023-10-16,77.9800033569336,116.19065856933594,51.856117248535156,55.72999954223633,46.91749954223633,167.1999969482422,103.69999694824219,66.47000122070312,98.44884490966797,137.87742614746094,6.28000020980835,26.312593460083008,416.6400146484375,85.58000183105469,48.66999816894531,46.00917053222656,24.889999389648438,130.75999450683594,146.0924530029297,52.72999954223633,30.40999984741211,113.2320785522461,350.8299865722656,219.82290649414062,53.81766891479492,86.5235595703125,143.58999633789062,31.526763916015625
2023-10-17,78.76000213623047,116.65794372558594,51.56023406982422,58.00666809082031,46.78499984741211,170.8000030517578,108.72000122070312,70.05999755859375,100.30582427978516,138.491943359375,6.329999923706055,26.561784744262695,412.94000244140625,84.4800033569336,49.790000915527344,43.85618591308594,25.59000015258789,130.8699951171875,145.44850158691406,55.31999969482422,31.0,114.79839324951172,366.989990234375,222.64105224609375,53.70869445800781,87.42082977294922,144.86000061035156,31.800148010253906
2023-10-18,77.48999786376953,111.63817596435547,50.834835052490234,57.35333251953125,46.9474983215332,166.39999389648438,106.36000061035156,67.9000015258789,97.69817352294922,136.7474365234375,6.130000114440918,26.571016311645508,405.6099853515625,82.54000091552734,49.84000015258789,42.11742401123047,25.239999771118164,130.6699981689453,146.95407104492188,54.56999969482422,30.190000534057617,114.05900573730469,370.2900085449219,218.5496063232422,53.83583068847656,87.2664566040039,142.5,31.653690338134766
2023-10-19,76.66999816894531,109.09068298339844,50.85392379760742,57.310001373291016,46.130001068115234,152.9600067138672,104.72000122070312,65.41999816894531,94.48799133300781,136.53927612304688,6.050000190734863,26.257221221923828,396.19000244140625,80.5,50.400001525878906,42.022605895996094,25.270000457763672,126.56500244140625,145.6208038330078,54.099998474121094,31.670000076293945,113.1055908203125,371.4599914550781,218.3342742919922,52.98215866088867,86.66828155517578,140.27999877929688,31.35102081298828
2023-10-20,75.05999755859375,107.9720458984375,50.1762580871582,54.00666809082031,44.689998626708984,153.6300048828125,101.87999725341797,64.9000015258789,92.50261688232422,134.40818786621094,6.0,26.441802978515625,395.82000732421875,79.94999694824219,49.97999954223633,41.3099365234375,25.040000915527344,121.55000305175781,145.1129608154297,53.15999984741211,31.75,112.52188110351562,369.4800109863281,215.70343017578125,53.28185272216797,85.96395874023438,140.5800018310547,31.175273895263672
2023-10-23,75.08999633789062,110.43570709228516,50.28125,54.630001068115234,44.77000045776367,159.16000366210938,105.5199966430664,64.1500015258789,94.0632553100586,135.30026245117188,6.190000057220459,26.14647102355957,402.4599914550781,78.81999969482422,50.29999923706055,42.89497756958008,25.559999465942383,123.08499908447266,145.1854705810547,53.54999923706055,30.56999969482422,111.3058090209961,374.8800048828125,217.07972717285156,52.328285217285156,85.22107696533203,142.1699981689453,31.13621711730957
2023-10-24,75.0199966430664,111.05574798583984,50.987552642822266,56.97666549682617,45.70500183105469,160.77000427246094,110.2300033569336,64.58999633789062,96.09800720214844,137.58993530273438,6.260000228881836,26.866348266601562,403.3699951171875,78.5999984741211,50.04999923706055,43.581695556640625,26.020000457763672,126.03500366210938,147.09918212890625,55.08000183105469,32.720001220703125,112.66780853271484,375.8399963378906,219.7105712890625,52.954925537109375,86.31130981445312,142.69000244140625,31.92707633972168
2023-10-25,74.87999725341797,110.1764144897461,51.2929801940918,55.89666748046875,43.845001220703125,151.85000610351562,108.44000244140625,62.959999084472656,94.79418182373047,124.5059814453125,6.159999847412109,26.857120513916016,396.70001220703125,77.69999694824219,50.08000183105469,41.701202392578125,24.770000457763672,122.3949966430664,147.24429321289062,54.470001220703125,31.100000381469727,112.4051284790039,372.3800048828125,219.10202026367188,52.38277816772461,85.81924438476562,137.07000732421875,32.00518035888672
2023-10-26,71.66000366210938,107.4256591796875,50.94937515258789,53.459999084472656,42.90999984741211,142.0399932861328,102.95999908447266,62.369998931884766,93.8755874633789,121.20524597167969,6.079999923706055,27.235519409179688,388.6199951171875,78.0999984741211,50.060001373291016,40.25090408325195,24.75,118.59500122070312,146.39175415039062,54.689998626708984,30.549999237060547,111.18905639648438,364.8800048828125,216.63031005859375,52.67338562011719,84.83515930175781,133.0399932861328,32.122344970703125
2023-10-27,72.02999877929688,107.56156158447266,50.42441940307617,53.27333450317383,43.20500183105469,143.57000732421875,102.23999786376953,62.459999084472656,91.93959045410156,121.09620666503906,5.78000020980835,27.567773818969727,386.82000732421875,77.0,49.900001525878906,40.424583435058594,24.510000228881836,119.3949966430664,144.7682647705078,54.189998626708984,30.989999771118164,109.72975158691406,319.6400146484375,214.9824981689453,51.53818893432617,84.1211929321289,134.42999267578125,31.263145446777344
2023-10-30,72.80999755859375,109.21014404296875,51.56977462768555,53.68000030517578,43.65250015258789,143.36000061035156,103.1500015258789,61.310001373291016,93.78668212890625,123.36608123779297,5.78000020980835,27.706212997436523,391.75,78.5999984741211,50.68000030517578,41.084354400634766,25.309999465942383,119.2750015258789,147.1807861328125,55.29999923706055,31.739999771118164,111.5879135131836,333.5,219.1769256591797,51.80155563354492,85.16316986083984,133.35000610351562,31.809911727905273
2023-10-31,73.51000213623047,109.26145935058594,54.28045654296875,50.6966667175293,44.192501068115234,146.0500030517578,92.62999725341797,62.29999923706055,94.12251281738281,122.98943328857422,5.980000019073486,27.99231719970703,393.4800109863281,80.0199966430664,51.099998474121094,40.704063415527344,25.670000076293945,121.51000213623047,148.08775329589844,55.27000045776367,31.809999465942383,112.82347869873047,333.95001220703125,219.22372436523438,52.46451187133789,84.97021484375,133.75,31.946596145629883
2023-11-01,73.47000122070312,108.34767150878906,54.21364212036133,51.74333190917969,44.587501525878906,148.6199951171875,94.54000091552734,60.65999984741211,92.12726593017578,125.3386001586914,5.889999866485596,28.112300872802734,395.2900085449219,80.41000366210938,51.650001525878906,42.246192932128906,26.510000228881836,122.43000030517578,149.52976989746094,53.97999954223633,31.84000015258789,112.83320617675781,330.7799987792969,219.27989196777344,52.855018615722656,84.9605712890625,133.80999755859375,33.127994537353516
2023-11-02,73.23999786376953,111.18303680419922,55.483089447021484,54.003334045410156,45.70000076293945,150.10000610351562,98.01000213623047,61.630001068115234,93.67803192138672,126.36945343017578,6.079999923706055,28.481470108032227,403.5,82.44999694824219,52.65999984741211,43.42498779296875,27.579999923706055,125.18000030517578,151.3074188232422,55.369998931884766,33.560001373291016,115.1097183227539,333.1700134277344,223.67828369140625,52.51900863647461,86.75511169433594,137.5,33.84074401855469
2023-11-03,72.23999786376953,111.97149658203125,56.22756576538086,58.18333435058594,47.060001373291016,159.3300018310547,96.1500015258789,65.25,111.3291015625,127.9653091430664,6.480000019073486,28.7214298248291,407.92999267578125,85.36000061035156,55.560001373291016,44.92119598388672,28.059999465942383,121.76499938964844,151.27114868164062,55.31999969482422,34.900001525878906,117.96022033691406,338.1300048828125,227.1368408203125,53.60879898071289,87.79710388183594,138.91000366210938,34.16293716430664
2023-11-06,73.51000213623047,116.38492584228516,56.198936462402344,58.96666717529297,46.69499969482422,157.33999633789062,101.68000030517578,63.08000183105469,110.2228012084961,129.10520935058594,6.28000020980835,28.58298683166504,407.95001220703125,85.38999938964844,56.13999938964844,45.665802001953125,28.059999465942383,118.5,151.1895294189453,55.16999816894531,33.849998474121094,118.82606506347656,339.260009765625,227.0240478515625,53.94481658935547,87.65238189697266,134.3699951171875,34.494911193847656
2023-11-07,74.29000091552734,117.97006225585938,56.3707389831543,58.0533332824707,48.09000015258789,164.52999877929688,102.01000213623047,64.83999633789062,116.60366821289062,129.81886291503906,6.96999979019165,28.610679626464844,413.69000244140625,86.12999725341797,55.97999954223633,45.86943435668945,28.709999084472656,121.04000091552734,151.6248779296875,62.56999969482422,35.06999969482422,119.8183822631836,344.3800048828125,227.92630004882812,53.68144607543945,87.57518768310547,136.36000061035156,33.92861557006836
2023-11-08,73.69999694824219,118.30064392089844,56.618896484375,59.75666809082031,48.45750045776367,167.27000427246094,98.13999938964844,63.9900016784668,115.13191223144531,130.6812286376953,7.019999980926514,28.656822204589844,409.6400146484375,87.30999755859375,55.65999984741211,46.487274169921875,28.219999313354492,120.54000091552734,151.81532287597656,61.54999923706055,39.220001220703125,119.45842742919922,340.1199951171875,226.96766662597656,53.57246398925781,87.55872344970703,143.47000122070312,33.850502014160156
2023-11-09,72.2300033569336,117.90583801269531,57.12476348876953,58.119998931884766,47.689998626708984,203.02000427246094,99.44999694824219,62.02000045776367,112.27732849121094,129.0952911376953,6.630000114440918,28.518386840820312,406.5799865722656,86.13999938964844,55.08000183105469,46.862571716308594,26.979999542236328,121.29499816894531,150.69979858398438,62.939998626708984,38.04999923706055,119.0498275756836,336.2799987792969,224.57110595703125,52.83686447143555,88.17847442626953,146.32000732421875,33.743106842041016
2023-11-10,73.11000061035156,120.41141510009766,56.895694732666016,57.5,49.07749938964844,211.52999877929688,95.08999633789062,63.2400016784668,117.2259521484375,131.42462158203125,6.809999942779541,28.58298683166504,413.6700134277344,87.5199966430664,55.279998779296875,48.2449951171875,26.899999618530273,126.75499725341797,151.38906860351562,64.13999938964844,38.41999816894531,119.98377227783203,336.70001220703125,224.9188690185547,53.5543098449707,88.31403350830078,147.8800048828125,33.665000915527344
2023-11-13,72.83999633789062,122.1731948852539,56.99114227294922,54.13999938964844,50.2400016784668,213.32000732421875,97.27999877929688,63.209999084472656,117.02840423583984,130.92901611328125,7.0,28.869098663330078,416.9800109863281,87.63999938964844,55.540000915527344,48.529457092285156,26.559999465942383,127.81999969482422,152.1599884033203,63.83000183105469,38.75,119.04010009765625,336.7200012207031,226.35678100585938,53.13655090332031,88.25592803955078,150.08999633789062,33.586891174316406
2023-11-14,73.55000305175781,124.29961395263672,58.441925048828125,52.253334045410156,51.99250030517578,219.30999755859375,106.20999908447266,68.37999725341797,121.12755584716797,132.44557189941406,7.360000133514404,29.4228515625,430.3299865722656,89.0,55.68000030517578,49.563533782958984,25.649999618530273,130.5850067138672,152.46835327148438,65.16000366210938,39.2400016784668,121.41389465332031,343.0899963378906,227.33419799804688,54.253597259521484,89.5728988647461,153.39999389648438,34.38751220703125
2023-11-15,74.91999816894531,122.23623657226562,58.40374755859375,51.59000015258789,51.0724983215332,205.05999755859375,113.20999908447266,71.73999786376953,128.73321533203125,133.436767578125,7.710000038146973,29.432083129882812,432.19000244140625,89.19000244140625,55.41999816894531,48.79697036743164,27.770000457763672,128.08999633789062,151.6883544921875,64.61000061035156,39.7599983215332,120.6064224243164,345.20001220703125,225.12564086914062,54.23543167114258,86.6000747680664,153.94000244140625,33.87979507446289
2023-11-16,73.94999694824219,122.55076599121094,58.327392578125,50.040000915527344,51.067501068115234,207.94000244140625,111.87999725341797,70.1500015258789,128.22946166992188,135.72645568847656,7.710000038146973,29.330562591552734,420.2799987792969,89.0999984741211,55.099998474121094,49.38787078857422,27.1299991607666,121.1500015258789,152.10556030273438,63.66999816894531,38.36000061035156,116.89006805419922,339.010009765625,222.35313415527344,53.57246398925781,85.5735855102539,154.85000610351562,33.918853759765625
2023-11-17,72.70999908447266,122.80142974853516,58.537376403808594,49.970001220703125,51.772499084472656,211.64999389648438,112.8499984741211,72.52999877929688,134.7091064453125,134.12071228027344,7.46999979019165,29.28441619873047,422.44000244140625,89.5999984741211,54.790000915527344,49.20621109008789,27.600000381469727,123.79499816894531,151.24395751953125,64.70999908447266,37.90999984741211,125.3248291015625,340.8699951171875,221.4508819580078,53.92665100097656,86.02872467041016,154.38999938964844,34.03601837158203
2023-11-20,72.62000274658203,123.6901626586914,59.01460647583008,54.18000030517578,51.932498931884766,216.41000366210938,111.12999725341797,72.06999969482422,133.24720764160156,135.05245971679688,7.739999771118164,29.330562591552734,428.5799865722656,89.81999969482422,54.81999969482422,50.315128326416016,28.459999084472656,130.28500366210938,151.02627563476562,64.20999908447266,37.86000061035156,125.91825866699219,343.92999267578125,222.6914825439453,53.58155059814453,86.70657348632812,155.8800048828125,33.87002944946289
2023-11-21,72.5999984741211,123.1852798461914,59.20549774169922,52.290000915527344,52.244998931884766,214.92999267578125,111.70999908447266,70.58999633789062,133.81024169921875,135.76614379882812,7.579999923706055,29.450538635253906,430.3699951171875,87.04000091552734,54.79999923706055,49.85099792480469,27.8700008392334,132.01499938964844,152.1871795654297,64.7699966430664,36.720001220703125,127.17329406738281,337.6099853515625,220.1727294921875,54.13553237915039,86.25145721435547,155.74000549316406,33.67476272583008
2023-11-22,72.9800033569336,122.59580993652344,59.844993591308594,53.91999816894531,52.40250015258789,218.57000732421875,113.76000213623047,71.4800033569336,135.2128448486328,137.27276611328125,8.09000015258789,29.91200065612793,428.6300048828125,87.79000091552734,55.220001220703125,48.625282287597656,27.579999923706055,131.57000732421875,153.47506713867188,65.91999816894531,37.81999969482422,127.42620849609375,341.29998779296875,224.6556854248047,54.48971176147461,87.10359191894531,155.8800048828125,33.98720169067383
2023-11-24,73.56999969482422,122.03137969970703,60.23632049560547,53.560001373291016,52.665000915527344,221.4600067138672,114.37999725341797,71.81999969482422,134.7486114501953,135.48858642578125,8.220000267028809,30.10582160949707,431.760009765625,87.62999725341797,55.16999816894531,47.68703842163086,28.479999542236328,133.0399932861328,153.611083984375,65.51000213623047,38.13999938964844,127.53324127197266,341.32000732421875,224.0260467529297,54.48063659667969,87.12296295166016,156.32000732421875,34.03601837158203
2023-11-27,72.48999786376953,122.62714385986328,59.74954605102539,53.689998626708984,52.51750183105469,221.74000549316406,117.44000244140625,73.94999694824219,134.23497009277344,135.2110595703125,8.270000457763672,30.041210174560547,435.6700134277344,85.95999908447266,54.720001220703125,48.15216827392578,28.209999084472656,134.5449981689453,152.65879821777344,65.30999755859375,38.599998474121094,127.53324127197266,335.8800048828125,223.66891479492188,54.70766830444336,86.28048706054688,156.27000427246094,34.79758071899414
2023-11-28,72.0,123.06230926513672,59.93089294433594,52.25,53.087501525878906,221.24000549316406,118.19000244140625,75.2699966430664,133.76083374023438,135.9940948486328,8.399999618530273,29.755107879638672,427.7300109863281,84.54000091552734,55.279998779296875,47.731956481933594,28.790000915527344,138.9149932861328,153.14857482910156,65.73999786376953,39.02000045776367,126.76467895507812,344.3800048828125,227.221435546875,54.74399185180664,86.3192367553711,156.67999267578125,34.38751220703125
2023-11-29,71.91999816894531,122.45049285888672,59.759090423583984,50.599998474121094,58.61000061035156,219.50999450683594,118.88999938964844,77.19999694824219,134.08680725097656,133.80355834960938,8.710000038146973,29.28441619873047,438.3500061035156,83.5999984741211,54.709999084472656,48.050357818603516,29.950000762939453,144.4550018310547,151.60671997070312,67.16000366210938,38.68000030517578,125.69449615478516,343.0299987792969,223.6313018798828,54.58053207397461,85.31214904785156,157.00999450683594,34.0945930480957
2023-11-30,72.98999786376953,122.4273910522461,60.06452178955078,49.5099983215332,59.247501373291016,212.2899932861328,118.08999633789062,75.80999755859375,134.51153564453125,131.36517333984375,8.890000343322754,29.13674545288086,446.79998779296875,84.22000122070312,55.150001525878906,46.68290710449219,29.010000228881836,147.5449981689453,153.79544067382812,67.94000244140625,39.310001373291016,126.84248352050781,354.760009765625,226.01844787597656,56.27217102050781,85.32182312011719,158.1999969482422,34.57301330566406
2023-12-01,73.86000061035156,123.75361633300781,60.50357437133789,51.9900016784668,58.75749969482422,213.3000030517578,122.44000244140625,82.04000091552734,137.6031951904297,130.70103454589844,8.829999923706055,29.690500259399414,466.6099853515625,84.25,55.220001220703125,46.67792510986328,30.260000228881836,148.0800018310547,154.16099548339844,69.66000366210938,40.45000076293945,128.5547637939453,356.0899963378906,227.39060974121094,56.628787994384766,86.2223892211914,157.83999633789062,35.42245101928711
2023-12-04,74.75,122.77127838134766,60.27450180053711,52.36000061035156,59.34749984741211,216.97999572753906,126.58999633789062,82.98999786376953,138.10694885253906,128.1338348388672,8.890000343322754,29.745880126953125,460.760009765625,84.12999725341797,55.16999816894531,45.425254821777344,29.829999923706055,143.30499267578125,154.572265625,69.48999786376953,41.22999954223633,129.37889099121094,359.57000732421875,225.8492431640625,56.94882583618164,85.76726531982422,157.55999755859375,36.24259567260742
2023-12-05,74.20999908447266,123.30123138427734,60.2935905456543,52.0,59.74250030517578,219.30999755859375,125.86000061035156,81.66000366210938,136.70433044433594,129.83868408203125,8.84000015258789,29.561290740966797,456.92999267578125,81.41000366210938,54.2599983215332,46.483375549316406,29.290000915527344,146.38999938964844,153.47560119628906,68.30000305175781,40.66999816894531,128.97900390625,356.92999267578125,222.41893005371094,56.7293701171875,85.21530151367188,156.75999450683594,36.486690521240234
2023-12-06,71.1500015258789,123.3791732788086,59.65409851074219,51.220001220703125,59.85499954223633,212.85000610351562,125.48999786376953,79.54000091552734,137.2969970703125,128.8772430419922,8.899999618530273,29.70895767211914,460.6700134277344,82.54000091552734,54.29999923706055,45.42226028442383,27.59000015258789,143.60000610351562,153.08261108398438,68.56999969482422,39.959999084472656,129.16433715820312,353.3800048828125,220.95281982421875,56.60135269165039,85.7575912475586,157.32000732421875,35.42245101928711
2023-12-07,71.9800033569336,126.83654022216797,60.01679992675781,50.959999084472656,60.04249954223633,211.4199981689453,126.9000015258789,78.97000122070312,141.8900146484375,135.72645568847656,8.720000267028809,29.865861892700195,464.6700134277344,84.27999877929688,54.29999923706055,46.51332473754883,28.270000457763672,146.80499267578125,153.03692626953125,68.05000305175781,39.86000061035156,128.41329956054688,349.42999267578125,221.66705322265625,56.81166076660156,86.07714080810547,154.2100067138672,36.291412353515625
2023-12-08,73.26000213623047,128.2751922607422,60.150421142578125,50.900001525878906,60.63750076293945,214.75,127.2699966430664,80.08000183105469,143.7173309326172,133.80355834960938,8.640000343322754,29.6351261138916,489.6400146484375,85.19000244140625,53.91999816894531,47.42170715332031,28.6299991607666,149.2100067138672,151.41021728515625,67.6500015258789,40.83000183105469,128.82296752929688,346.0299987792969,220.33250427246094,56.976261138916016,86.30953216552734,155.32000732421875,36.08637619018555
2023-12-11,74.95999908447266,131.0839080810547,60.188602447509766,49.689998626708984,61.74250030517578,216.1300048828125,128.61000061035156,84.69000244140625,146.52255249023438,132.11846923828125,8.800000190734863,30.235027313232422,502.739990234375,87.08999633789062,55.2599983215332,46.54426956176758,28.260000228881836,149.94000244140625,153.3659210205078,68.04000091552734,40.4900016784668,131.9537811279297,346.8299865722656,221.51669311523438,57.48832321166992,87.89765167236328,152.55999755859375,36.008270263671875
2023-12-12,75.91000366210938,133.2690887451172,60.41767120361328,49.130001068115234,62.13750076293945,226.27999877929688,131.07000732421875,85.81999969482422,143.10494995117188,131.35525512695312,8.4399995803833,30.151966094970703,503.6499938964844,90.05999755859375,55.79999923706055,47.57244873046875,28.15999984741211,152.7899932861328,153.95993041992188,70.5,42.040000915527344,132.10984802246094,344.82000732421875,221.63885498046875,58.0186767578125,88.28499603271484,157.1999969482422,36.447635650634766
2023-12-13,78.95999908447266,134.1198272705078,60.40813064575195,51.88999938964844,63.0099983215332,233.07000732421875,141.7899932861328,83.97000122070312,143.12469482421875,131.40481567382812,8.680000305175781,30.678035736083984,504.5,88.05999755859375,56.54999923706055,48.00267791748047,29.81999969482422,156.92999267578125,157.195068359375,70.56999969482422,43.310001373291016,134.3726348876953,352.3500061035156,227.99208068847656,58.741050720214844,88.98221588134766,163.1199951171875,37.218955993652344
2023-12-14,77.58000183105469,134.7496337890625,59.93089294433594,50.900001525878906,63.16999816894531,234.69000244140625,143.2100067138672,83.26000213623047,145.03106689453125,130.7803497314453,8.710000038146973,29.7274169921875,489.29998779296875,93.06999969482422,55.560001373291016,48.26420974731445,30.549999237060547,150.22000122070312,153.75892639160156,70.20999908447266,44.52000045776367,131.27105712890625,355.25,226.52593994140625,57.65291976928711,87.10359191894531,163.88999938964844,36.603851318359375
2023-12-15,75.43000030517578,136.27012634277344,59.663639068603516,49.68000030517578,65.0199966430664,231.49000549316406,144.3699951171875,80.68000030517578,144.20135498046875,131.43453979492188,8.449999809265137,29.505916595458984,491.4599914550781,93.0,55.09000015258789,48.80325698852539,30.8799991607666,153.64999389648438,152.61656188964844,69.91000366210938,43.91999816894531,130.6370849609375,345.7300109863281,222.23095703125,56.509918212890625,86.4644775390625,160.1999969482422,36.78936004638672
2023-12-18,75.7300033569336,135.9336700439453,59.988162994384766,49.7599983215332,64.94999694824219,240.1999969482422,147.77999877929688,84.45999908447266,146.6509552001953,134.6063995361328,8.640000343322754,29.90277671813965,501.6300048828125,93.2699966430664,55.29999923706055,49.98814010620117,30.559999465942383,153.7899932861328,154.36207580566406,69.5,44.4900016784668,131.70994567871094,349.5899963378906,224.5147247314453,56.628787994384766,86.97772216796875,158.57000732421875,36.86747360229492
2023-12-19,76.5199966430664,137.6868438720703,60.95217514038086,50.9900016784668,64.5824966430664,241.2100067138672,152.52999877929688,87.02999877929688,149.66360473632812,135.44894409179688,8.75,30.031982421875,506.8599853515625,94.91000366210938,55.58000183105469,49.51598358154297,31.350000381469727,154.30499267578125,153.48472595214844,71.11000061035156,44.72999954223633,132.51950073242188,354.32000732421875,226.58233642578125,56.994544982910156,88.39151763916016,159.39999389648438,37.0373420715332
2023-12-20,75.66000366210938,135.88197326660156,60.01679992675781,49.09000015258789,63.48749923706055,234.75,144.64999389648438,83.58999633789062,146.64111328125,137.1240997314453,8.34000015258789,29.792022705078125,505.1499938964844,90.63999938964844,54.36000061035156,48.025634765625,29.420000076293945,150.49000549316406,151.4193878173828,71.88999938964844,43.83000183105469,131.29058837890625,345.19000244140625,220.9246368408203,56.01613998413086,87.21012115478516,157.9600067138672,36.9293327331543
2023-12-21,76.69000244140625,137.8536834716797,60.73264694213867,50.290000915527344,64.33000183105469,238.5800018310547,145.1999969482422,85.23999786376953,152.62684631347656,139.185791015625,8.600000381469727,30.013526916503906,511.0299987792969,91.4000015258789,55.380001068115234,48.903072357177734,29.110000610351562,149.6999969482422,152.58912658691406,72.61000061035156,44.47999954223633,132.5292510986328,345.54998779296875,221.67645263671875,55.81496810913086,88.48834228515625,160.38999938964844,37.10607147216797
2023-12-22,77.86000061035156,138.4862823486328,61.56303024291992,50.040000915527344,63.907501220703125,238.25,143.83999633789062,84.94999694824219,153.4071502685547,140.2464141845703,8.59000015258789,30.299636840820312,510.0,91.43000030517578,56.0099983215332,48.74335861206055,28.030000686645508,149.10499572753906,153.23800659179688,73.08999633789062,45.970001220703125,133.0559539794922,350.07000732421875,223.5655059814453,56.10758590698242,88.94347381591797,161.9499969482422,37.331905364990234
2023-12-26,78.79000091552734,139.69850158691406,61.67757034301758,52.95000076293945,64.46749877929688,233.6699981689453,143.74000549316406,82.58999633789062,151.2637481689453,140.276123046875,8.6899995803833,30.502676010131836,506.32000732421875,92.3499984741211,56.790000915527344,49.191558837890625,28.0,150.41000366210938,154.31637573242188,73.18000030517578,46.380001068115234,133.62164306640625,350.5400085449219,224.60873413085938,55.9246940612793,89.85372924804688,161.6199951171875,37.50865173339844
2023-12-27,78.68000030517578,138.4447479248047,61.91618728637695,55.720001220703125,64.33000183105469,236.30999755859375,144.0500030517578,82.38999938964844,151.37240600585938,139.13624572753906,8.920000076293945,30.558048248291016,508.80999755859375,92.9800033569336,57.34000015258789,49.329322814941406,27.729999542236328,148.75,154.80984497070312,73.75,46.849998474121094,134.02151489257812,348.739990234375,225.67071533203125,55.88812255859375,89.83435821533203,160.99000549316406,37.685394287109375
2023-12-28,78.25,139.0647735595703,61.744380950927734,55.45000076293945,64.03250122070312,233.08999633789062,145.11000061035156,81.91999816894531,151.4020233154297,138.9974822998047,9.029999732971191,30.779550552368164,509.2200012207031,94.05000305175781,57.41999816894531,49.43413543701172,27.959999084472656,147.7899932861328,154.8007049560547,73.5,46.43000030517578,134.7920379638672,349.29998779296875,227.58795166015625,56.00699234008789,90.28949737548828,161.47000122070312,38.117435455322266
2023-12-29,77.76000213623047,138.93748474121094,61.67757034301758,54.52000045776367,63.83000183105469,226.85000610351562,144.33999633789062,81.05000305175781,149.93028259277344,138.46226501464844,8.899999618530273,30.751869201660156,511.2900085449219,93.5999984741211,57.61000061035156,49.43413543701172,26.969999313354492,147.44000244140625,155.21194458007812,73.0,45.720001220703125,134.97732543945312,345.5899963378906,227.20263671875,55.97041702270508,90.8414535522461,160.9499969482422,37.8228645324707
2024-01-02,78.26000213623047,136.3265380859375,61.32441329956055,59.029998779296875,61.72249984741211,214.35000610351562,139.66000366210938,81.08000183105469,146.93740844726562,136.95558166503906,9.640000343322754,30.798009872436523,505.3800048828125,91.80999755859375,58.59000015258789,48.0825309753418,26.760000228881836,144.4600067138672,158.01756286621094,72.95999908447266,42.9900016784668,134.2848663330078,339.4100036621094,229.21388244628906,56.75680160522461,90.3282241821289,159.25999450683594,37.381004333496094
2024-01-03,76.68000030517578,133.53424072265625,60.8376350402832,55.36000061035156,61.09000015258789,206.25999450683594,132.16000366210938,79.12999725341797,143.21360778808594,137.69898986816406,9.050000190734863,30.0781307220459,498.0199890136719,89.36000061035156,57.47999954223633,47.484596252441406,26.06999969482422,143.23500061035156,158.05409240722656,71.56999969482422,41.90999984741211,131.44662475585938,331.04998779296875,226.89247131347656,56.7293701171875,88.7982177734375,158.39999389648438,37.48900604248047
2024-01-04,78.31999969482422,133.95216369628906,61.40077209472656,56.54999923706055,61.412498474121094,205.67999267578125,137.27000427246094,76.29000091552734,143.04568481445312,135.19122314453125,8.470000267028809,30.073484420776367,496.0,89.04000091552734,57.709999084472656,47.912837982177734,26.270000457763672,141.64999389648438,156.7015838623047,71.87000274658203,42.65999984741211,131.934326171875,329.45001220703125,227.74777221679688,56.061859130859375,89.84404754638672,158.86000061035156,37.70503234863281
2024-01-05,79.25,133.49000549316406,61.32441329956055,57.279998779296875,61.8650016784668,204.13499450683594,138.02000427246094,75.63999938964844,144.52731323242188,134.53701782226562,8.350000381469727,29.701862335205078,491.1000061035156,89.20999908447266,57.540000915527344,49.00988006591797,26.56999969482422,141.46499633789062,154.3894500732422,72.61000061035156,41.7400016784668,131.18328857421875,327.25,232.6348114013672,56.2447395324707,88.80790710449219,158.2100067138672,37.8915901184082
2024-01-08,79.94999694824219,135.6324462890625,62.488861083984375,58.150001525878906,65.31999969482422,210.39999389648438,150.64999389648438,77.76000213623047,147.8461456298828,137.61968994140625,8.8100004196167,29.55321502685547,491.4800109863281,90.22000122070312,57.959999084472656,52.16028594970703,28.200000762939453,144.75,154.54483032226562,73.81999969482422,42.220001220703125,132.46096801757812,337.4100036621094,234.9561767578125,56.96711349487305,89.88277435302734,158.5399932861328,38.431636810302734
2024-01-09,80.19000244140625,136.6661376953125,62.06889724731445,58.08000183105469,68.44249725341797,210.69000244140625,154.67999267578125,76.80999755859375,150.85877990722656,139.71116638183594,8.539999961853027,29.71115493774414,485.7099914550781,91.44999694824219,58.7400016784668,53.04570770263672,27.530000686645508,150.2100067138672,152.77191162109375,73.55000305175781,42.279998779296875,132.54876708984375,337.42999267578125,238.28317260742188,57.424312591552734,90.13455963134766,159.22000122070312,38.873497009277344
2024-01-10,83.76000213623047,137.91635131835938,63.13790512084961,59.790000915527344,70.51000213623047,215.72999572753906,155.6300048828125,74.72000122070312,149.98956298828125,141.02944946289062,8.630000114440918,29.51605224609375,484.1000061035156,89.5,58.90999984741211,54.25356674194336,28.709999084472656,158.0449981689453,152.54344177246094,73.94999694824219,41.779998779296875,132.60728454589844,350.1199951171875,239.4391632080078,58.11925506591797,91.1610107421875,159.2100067138672,37.76394271850586
2024-01-11,84.69000244140625,139.13568115234375,62.17388916015625,59.060001373291016,71.12999725341797,214.69000244140625,159.07000732421875,73.04000091552734,149.34750366210938,140.83123779296875,8.760000228881836,29.683284759521484,485.4800109863281,91.27999877929688,58.630001068115234,54.724727630615234,28.700000762939453,161.7449951171875,151.8214874267578,73.33999633789062,42.439998626708984,133.3972930908203,347.69000244140625,241.92970275878906,58.24728012084961,92.23587036132812,161.5399932861328,38.16652297973633
2024-01-12,85.86000061035156,137.1819610595703,62.10707473754883,60.349998474121094,70.8375015258789,212.00999450683594,157.61000061035156,70.33999633789062,146.78924560546875,141.3961944580078,8.569999694824219,29.646120071411133,479.94000244140625,90.66000366210938,59.04999923706055,54.61292266845703,28.020000457763672,162.6199951171875,152.86331176757812,73.44999694824219,40.91999816894531,133.2119598388672,351.9100036621094,242.75672912597656,57.790077209472656,92.02284240722656,161.67999267578125,38.51019287109375
2024-01-16,84.81999969482422,137.23289489746094,60.71355438232422,59.970001220703125,71.57250213623047,210.3699951171875,163.92999267578125,67.86000061035156,146.82876586914062,141.2376251220703,8.460000038146973,29.571796417236328,470.7300109863281,90.5999984741211,58.16999816894531,56.28195571899414,27.979999542236328,166.02499389648438,151.85804748535156,74.31999969482422,39.349998474121094,133.69967651367188,358.8299865722656,240.01242065429688,57.77178955078125,92.83626556396484,161.8800048828125,38.60837936401367
2024-01-17,83.52999877929688,136.69236755371094,59.86408233642578,59.869998931884766,69.06749725341797,201.5800018310547,163.10000610351562,68.31999969482422,145.49533081054688,140.22659301757812,8.40999984741211,29.488182067871094,468.3999938964844,90.30999755859375,57.11000061035156,55.95354461669922,27.700000762939453,165.02999877929688,152.10479736328125,73.81999969482422,38.68000030517578,132.25613403320312,358.4100036621094,237.45611572265625,57.84494400024414,91.40311431884766,160.3800048828125,39.00114059448242
2024-01-18,85.05999755859375,138.21640014648438,59.844993591308594,59.58000183105469,70.77749633789062,199.80999755859375,156.3800048828125,69.22000122070312,147.13497924804688,142.21890258789062,8.420000076293945,29.543920516967773,477.45001220703125,90.6500015258789,57.25,57.00567626953125,27.780000686645508,167.88499450683594,152.77191162109375,74.91999816894531,38.88999938964844,134.0800323486328,360.1199951171875,238.38653564453125,57.451751708984375,91.75171661376953,159.86000061035156,38.696746826171875
2024-01-19,85.91999816894531,141.6514434814453,60.140872955322266,51.9900016784668,72.63500213623047,194.60000610351562,157.7899932861328,70.66000366210938,146.749755859375,145.0934295654297,8.319999694824219,29.62753677368164,484.0199890136719,91.18000030517578,57.18000030517578,59.385440826416016,27.959999084472656,168.8699951171875,151.5016326904297,74.83000183105469,38.689998626708984,134.23609924316406,357.5899963378906,238.66848754882812,57.14086151123047,92.47797393798828,163.10000610351562,39.4429931640625
2024-01-22,85.36000061035156,137.32374572753906,60.09315490722656,52.65999984741211,74.66500091552734,196.63999938964844,153.86000061035156,70.81999969482422,143.87538146972656,144.7068634033203,8.6899995803833,29.26520538330078,481.8900146484375,89.02999877929688,56.31999969482422,59.548152923583984,28.200000762939453,172.8249969482422,150.8893280029297,73.30000305175781,40.47999954223633,134.82130432128906,358.6099853515625,236.48809814453125,57.36030960083008,92.11968231201172,164.42999267578125,39.246620178222656
2024-01-23,84.16000366210938,136.72056579589844,60.11224365234375,53.040000915527344,74.31749725341797,192.5500030517578,156.17999267578125,70.22000122070312,146.6805877685547,145.74765014648438,8.75,29.488182067871094,477.0,90.0199966430664,55.56999969482422,59.76676559448242,27.729999542236328,172.08999633789062,153.20143127441406,73.33000183105469,40.779998779296875,135.4552459716797,365.9100036621094,237.7662811279297,57.19572067260742,92.05189514160156,165.14999389648438,39.1287841796875
2024-01-24,82.63999938964844,136.96066284179688,59.52047348022461,52.869998931884766,75.06999969482422,190.57000732421875,154.8699951171875,68.31999969482422,146.749755859375,147.3930206298828,8.9399995803833,28.930749893188477,474.8399963378906,89.3499984741211,55.06999969482422,61.253116607666016,26.049999237060547,170.1199951171875,151.33712768554688,70.30000305175781,40.81999969482422,135.3089599609375,357.2900085449219,232.52206420898438,55.87897872924805,91.94538116455078,165.89999389648438,38.5200080871582
2024-01-25,83.88999938964844,137.2152862548828,59.310489654541016,53.29999923706055,73.36499786376953,191.97000122070312,156.5500030517578,69.55999755859375,150.4340362548828,150.53518676757812,9.09000015258789,29.34882354736328,474.29998779296875,89.77999877929688,55.13999938964844,61.50767517089844,26.6299991607666,170.09500122070312,152.21446228027344,70.11000061035156,41.31999969482422,137.33767700195312,356.6099853515625,235.15354919433594,57.49747085571289,92.48766326904297,168.5,39.69828796386719
2024-01-26,84.18000030517578,137.85565185546875,59.26276779174805,52.41999816894531,72.57749938964844,192.88999938964844,157.13999938964844,69.52999877929688,150.0685577392578,150.85235595703125,8.819999694824219,29.71115493774414,478.0299987792969,89.29000091552734,55.439998626708984,60.922706604003906,26.25,171.22000122070312,153.40249633789062,68.98999786376953,40.40999984741211,138.26422119140625,359.3999938964844,234.4862823486328,57.36945343017578,93.33013153076172,167.38999938964844,40.041954040527344
2024-01-29,84.93000030517578,139.1983184814453,59.54910659790039,52.08000183105469,75.1675033569336,192.77000427246094,158.83999633789062,70.81999969482422,152.09344482421875,152.16075134277344,9.020000457763672,29.739023208618164,481.989990234375,89.11000061035156,55.59000015258789,62.354164123535156,27.489999771118164,172.625,153.66749572753906,70.25,41.18000030517578,139.41517639160156,361.9700012207031,235.70803833007812,57.96381378173828,93.35918426513672,168.02000427246094,39.82594680786133
2024-01-30,84.33999633789062,139.248046875,59.59682846069336,50.939998626708984,75.3375015258789,187.17999267578125,161.00999450683594,69.72000122070312,149.8611602783203,150.12875366210938,8.859999656677246,29.543920516967773,481.3999938964844,88.83000183105469,55.310001373291016,62.66261672973633,27.5,172.94500732421875,155.01089477539062,68.8499984741211,39.13999938964844,138.99574279785156,357.6199951171875,233.4806671142578,57.48832321166992,93.75621795654297,166.94000244140625,40.48380661010742
2024-01-31,82.13999938964844,137.38055419921875,58.928707122802734,49.900001525878906,73.125,178.88999938964844,159.52999877929688,66.55999755859375,146.51271057128906,138.86862182617188,8.579999923706055,29.20946502685547,453.82000732421875,88.8499984741211,55.02000045776367,61.4178352355957,26.559999465942383,169.2550048828125,154.01478576660156,67.76000213623047,38.810001373291016,136.8207550048828,349.2699890136719,230.33226013183594,56.50077438354492,91.90664672851562,164.92999267578125,40.28742980957031
2024-02-01,81.7699966430664,139.37734985351562,59.797271728515625,51.099998474121094,74.84249877929688,181.44000244140625,162.5,72.62000274658203,149.66360473632812,139.9193115234375,8.90999984741211,29.71115493774414,461.94000244140625,89.38999938964844,55.939998626708984,62.91516876220703,26.799999237060547,169.98500061035156,156.91177368164062,69.30999755859375,39.33000183105469,139.5809783935547,356.739990234375,237.47491455078125,57.70777893066406,93.98861694335938,166.3300018310547,42.477073669433594
2024-02-02,80.30000305175781,139.4924774169922,59.2818603515625,53.349998474121094,75.89250183105469,178.88999938964844,169.75999450683594,75.69999694824219,149.19937133789062,141.1285858154297,8.869999885559082,29.404565811157227,462.3999938964844,88.19999694824219,55.349998474121094,66.04261016845703,27.700000762939453,172.52999877929688,156.24459838867188,68.97000122070312,40.66999816894531,140.1369171142578,357.07000732421875,235.51068115234375,56.75680160522461,94.42436218261719,167.0,43.74372100830078
2024-02-05,78.81999969482422,141.98397827148438,59.09096908569336,53.209999084472656,75.62249755859375,178.25,169.74000549316406,74.81999969482422,149.85125732421875,142.4171600341797,8.5600004196167,28.837844848632812,456.7300109863281,87.41000366210938,55.119998931884766,69.20899200439453,27.170000076293945,172.24000549316406,156.19895935058594,67.66999816894531,39.349998474121094,139.22982788085938,356.489990234375,232.19309997558594,56.034423828125,93.59159088134766,164.00999450683594,42.56544494628906
2024-02-06,79.83000183105469,142.76498413085938,60.82809066772461,55.79999923706055,75.52749633789062,178.99000549316406,173.32000732421875,74.8499984741211,151.81689453125,142.83348083496094,9.420000076293945,28.902875900268555,456.5400085449219,88.83999633789062,56.34000015258789,68.1019515991211,27.8700008392334,170.7449951171875,156.6558837890625,69.25,40.599998474121094,138.65438842773438,353.04998779296875,233.68740844726562,56.04357147216797,94.02735137939453,166.6699981689453,42.477073669433594
2024-02-07,79.61000061035156,145.2709503173828,62.54612731933594,57.77000045776367,79.44499969482422,182.47000122070312,164.82000732421875,73.26000213623047,152.48855590820312,144.2608184814453,9.4399995803833,29.042236328125,457.75,87.66000366210938,56.459999084472656,69.974609375,27.8700008392334,182.25,156.7015838623047,69.33999633789062,44.7400016784668,139.71749877929688,352.5400085449219,230.53712463378906,54.61709976196289,94.7342529296875,169.57000732421875,42.968021392822266
2024-02-08,80.2300033569336,150.41372680664062,62.62248992919922,58.709999084472656,80.76000213623047,185.25999450683594,171.5399932861328,74.48999786376953,157.5161895751953,144.62757873535156,9.850000381469727,29.255916595458984,472.9800109863281,88.0,56.4900016784668,69.5174331665039,28.56999969482422,183.50999450683594,158.8765869140625,70.13999938964844,44.869998931884766,142.4582061767578,351.80999755859375,229.24493408203125,55.10173797607422,95.24747467041016,169.60000610351562,42.12358856201172
2024-02-09,82.05999755859375,147.20034790039062,61.57257843017578,58.38999938964844,82.33499908447266,191.74000549316406,174.52000427246094,78.08999633789062,129.50364685058594,147.69041442871094,9.869999885559082,28.940038681030273,470.239990234375,89.52999877929688,55.65999984741211,72.0050277709961,29.5,188.4499969482422,153.22885131835938,69.94999694824219,44.400001525878906,142.27285766601562,350.2699890136719,228.77333068847656,55.07430648803711,95.62512969970703,154.91000366210938,42.44761276245117
2024-02-12,83.79000091552734,148.4557342529297,61.83028030395508,59.25,80.32250213623047,189.33999633789062,171.91000366210938,78.8499984741211,131.963134765625,146.23330688476562,9.949999809265137,29.097976684570312,466.0799865722656,89.5,55.93000030517578,72.11979675292969,30.049999237060547,185.98500061035156,155.91563415527344,69.98999786376953,43.7400016784668,141.82424926757812,356.3999938964844,233.04605102539062,56.79338073730469,94.97633361816406,155.27000427246094,42.03521728515625
2024-02-13,82.2300033569336,146.78634643554688,60.78036880493164,59.880001068115234,80.61000061035156,183.1300048828125,167.86000061035156,74.38999938964844,133.18795776367188,143.8643035888672,9.479999542236328,28.726354598999023,456.2300109863281,87.75,56.15999984741211,72.0000228881836,29.959999084472656,184.1300048828125,154.33465576171875,67.26000213623047,42.31999969482422,141.36582946777344,356.0,230.6880340576172,56.04357147216797,94.86012268066406,153.49000549316406,43.40005874633789
2024-02-14,82.44999694824219,146.4220733642578,59.510929107666016,62.560001373291016,83.63749694824219,189.55999755859375,166.77999877929688,76.19000244140625,133.168212890625,144.65728759765625,9.989999771118164,28.893585205078125,460.7099914550781,89.4000015258789,55.869998931884766,73.76889038085938,32.0099983215332,184.1649932861328,153.0917510986328,67.47000122070312,44.13999938964844,140.92691040039062,355.29998779296875,229.7637176513672,56.180728912353516,94.41607666015625,155.72000122070312,43.46879577636719
2024-02-15,83.19999694824219,146.90582275390625,59.95952606201172,63.38999938964844,82.84500122070312,188.42999267578125,175.25999450683594,77.76000213623047,136.83273315429688,141.51516723632812,10.050000190734863,28.884296417236328,458.9800109863281,93.83000183105469,56.16999816894531,72.52908325195312,32.310001373291016,183.44000244140625,153.40249633789062,67.62999725341797,44.439998626708984,140.82940673828125,356.1000061035156,230.98985290527344,56.75680160522461,95.16426849365234,156.9600067138672,44.56852722167969
2024-02-16,82.88999938964844,145.58116149902344,59.405941009521484,64.41000366210938,82.30999755859375,184.89999389648438,173.97999572753906,76.56999969482422,133.59292602539062,139.284912109375,10.029999732971191,28.772809982299805,449.6000061035156,93.25,55.02000045776367,72.4841537475586,31.739999771118164,183.2050018310547,151.99514770507812,66.47000122070312,42.90999984741211,140.5270538330078,351.9200134277344,229.99008178710938,56.829959869384766,95.26142883300781,153.3800048828125,44.75508499145508
2024-02-20,83.97000122070312,144.9552459716797,59.988162994384766,63.560001373291016,80.92749786376953,180.02999877929688,171.3699951171875,75.87000274658203,134.32386779785156,139.879638671875,9.609999656677246,29.01436424255371,444.6000061035156,92.05000305175781,55.400001525878906,69.32876586914062,31.610000610351562,183.0449981689453,154.12445068359375,65.48999786376953,41.40999984741211,140.88790893554688,347.3800048828125,231.32940673828125,57.35116958618164,94.60070037841797,151.94000244140625,45.31477355957031
2024-02-21,83.75,146.53253173828125,60.72310256958008,61.189998626708984,73.08999633789062,174.25999450683594,172.3300018310547,77.12999725341797,132.99041748046875,141.2970733642578,9.40999984741211,29.358112335205078,443.4599914550781,91.19999694824219,55.13999938964844,67.35228729248047,31.56999969482422,130.98500061035156,154.2889404296875,65.86000061035156,40.7400016784668,141.24879455566406,347.8299865722656,231.6595458984375,57.12256622314453,95.38774108886719,151.11000061035156,45.3442268371582
2024-02-22,84.62999725341797,152.83311462402344,60.513118743896484,64.12999725341797,77.72750091552734,177.02999877929688,182.3699951171875,70.62000274658203,137.39576721191406,142.8235321044922,9.449999809265137,28.215373992919922,455.260009765625,93.48999786376953,55.11000061035156,78.3986587524414,32.2599983215332,133.91000366210938,153.75892639160156,62.380001068115234,42.40999984741211,143.2775115966797,350.4599914550781,231.7444305419922,57.29629898071289,96.30109405517578,152.44000244140625,46.75816345214844
2024-02-23,84.29000091552734,137.3214111328125,60.48448181152344,64.05000305175781,77.87249755859375,177.1300048828125,185.94000244140625,73.9800033569336,134.63009643554688,142.69471740722656,9.520000457763672,28.048147201538086,457.8900146484375,95.31999969482422,55.290000915527344,78.67715454101562,32.20000076293945,141.0449981689453,154.99261474609375,63.709999084472656,41.459999084472656,144.37965393066406,354.42999267578125,233.1875,57.14086151123047,96.56344604492188,151.00999450683594,47.74007034301758
2024-02-26,85.48999786376953,137.0781707763672,60.226776123046875,65.55999755859375,80.25749969482422,183.74000549316406,199.61000061035156,71.95999908447266,133.29660034179688,136.36085510253906,10.25,27.4070987701416,468.25,92.16999816894531,55.720001220703125,78.95166778564453,32.790000915527344,151.38999938964844,153.76803588867188,62.560001373291016,41.290000915527344,144.1943359375,359.5299987792969,232.80081176757812,57.36945343017578,96.41771697998047,149.7100067138672,47.86771774291992
2024-02-27,87.37999725341797,136.23094177246094,60.188602447509766,67.5199966430664,80.30249786376953,194.57000732421875,202.0,72.08000183105469,134.57081604003906,137.65931701660156,13.430000305175781,27.4070987701416,467.8399963378906,93.54000091552734,56.11000061035156,78.56136322021484,34.099998474121094,157.375,153.6766357421875,63.5,40.83000183105469,145.93040466308594,370.05999755859375,233.0554656982422,57.38774490356445,97.67115020751953,147.94000244140625,50.05735778808594
2024-02-28,83.43000030517578,136.91680908203125,59.60637664794922,67.7699966430664,80.23500061035156,195.50999450683594,204.75,71.0,133.8695068359375,135.18133544921875,13.329999923706055,27.899497985839844,464.1400146484375,94.27999877929688,55.849998474121094,77.52519226074219,34.25,158.0749969482422,152.64395141601562,62.7599983215332,40.15999984741211,146.7399444580078,311.739990234375,233.38558959960938,57.50660705566406,98.23469543457031,147.47999572753906,52.06043243408203
2024-02-29,83.44999694824219,135.8671112060547,57.621089935302734,81.62000274658203,81.0374984741211,239.0,208.52999877929688,71.69000244140625,135.14369201660156,137.24305725097656,13.039999961853027,27.788009643554688,467.0899963378906,96.9800033569336,59.099998474121094,78.97163391113281,35.02000045776367,155.27499389648438,152.25259399414062,62.04999923706055,39.900001525878906,145.2866973876953,308.1400146484375,234.4042510986328,57.47898483276367,96.33025360107422,146.92999267578125,53.55293273925781
2024-03-01,83.98999786376953,137.07740783691406,57.43019485473633,79.2699966430664,78.6500015258789,236.49000549316406,217.39999389648438,69.80999755859375,135.16346740722656,135.93463134765625,13.119999885559082,27.202709197998047,458.5,97.1500015258789,58.790000915527344,82.13300323486328,34.650001525878906,151.1999969482422,151.56198120117188,62.220001220703125,41.31999969482422,145.940185546875,304.4800109863281,235.8001708984375,57.211936950683594,95.7181167602539,150.33999633789062,53.51365661621094
2024-03-04,85.62000274658203,135.57608032226562,57.363380432128906,86.83999633789062,78.45249938964844,224.77000427246094,208.9600067138672,67.70999908447266,133.859619140625,132.17794799804688,14.699999809265137,27.03547477722168,450.7900085449219,98.69999694824219,58.5,85.08575439453125,34.029998779296875,149.72000122070312,152.28021240234375,62.150001525878906,39.65999984741211,146.2620391845703,299.6400146484375,233.94207763671875,57.40531539916992,95.16426849365234,146.3300018310547,55.958587646484375
2024-03-05,84.7300033569336,134.35598754882812,57.40156173706055,86.7300033569336,74.38999938964844,211.00999450683594,201.6199951171875,68.55000305175781,132.38787841796875,131.50392150878906,14.239999771118164,27.026185989379883,446.05999755859375,98.19999694824219,57.88999938964844,85.81549835205078,33.029998779296875,145.56500244140625,149.2138214111328,63.91999816894531,38.869998931884766,145.4915313720703,297.04998779296875,234.04583740234375,58.022281646728516,94.62984466552734,143.94000244140625,57.82420349121094
2024-03-06,84.72000122070312,134.26907348632812,57.85015869140625,87.48999786376953,82.39250183105469,212.25999450683594,207.00999450683594,68.61000061035156,130.87661743164062,130.24510192871094,14.0,27.128385543823242,448.5400085449219,99.19000244140625,58.310001373291016,88.5467758178711,32.63999938964844,139.42999267578125,150.09783935546875,64.80999755859375,39.869998931884766,144.46742248535156,295.5299987792969,234.29104614257812,57.80127716064453,93.66791534423828,143.89999389648438,59.79781723022461
2024-03-07,83.66000366210938,136.5654296875,58.814170837402344,89.55999755859375,82.41999816894531,211.8699951171875,209.92999267578125,68.4000015258789,131.7952423095703,133.1988983154297,14.350000381469727,26.905410766601562,457.2799987792969,100.51000213623047,59.380001068115234,92.5089111328125,32.02000045776367,143.2449951171875,150.19912719726562,66.91999816894531,40.119998931884766,142.4192352294922,298.6700134277344,240.79913330078125,58.952335357666016,93.0460433959961,145.00999450683594,60.5637092590332
2024-03-08,81.80999755859375,136.87722778320312,59.25322723388672,88.88999938964844,80.7125015258789,213.52999877929688,200.91000366210938,72.30999755859375,134.11642456054688,134.21983337402344,14.260000228881836,27.072641372680664,460.3900146484375,99.73999786376953,59.18000030517578,87.37678527832031,33.09000015258789,140.10000610351562,150.14389038085938,65.0,39.939998626708984,142.1461181640625,298.80999755859375,243.05340576171875,59.449588775634766,93.1917953491211,143.72999572753906,59.39524841308594
2024-03-11,80.52999877929688,137.54638671875,60.21723556518555,85.30999755859375,79.34249877929688,222.63999938964844,193.97999572753906,72.91999816894531,135.25234985351562,136.45997619628906,14.470000267028809,27.22128677368164,457.760009765625,100.05999755859375,59.15999984741211,85.6258316040039,33.619998931884766,141.6649932861328,151.69088745117188,63.25,42.040000915527344,142.27285766601562,301.67999267578125,247.0997314453125,60.72955322265625,93.73592376708984,145.8699951171875,56.9994010925293
2024-03-12,80.30999755859375,137.4387664794922,60.40813064575195,91.06999969482422,82.31749725341797,229.63999938964844,205.30999755859375,71.41999816894531,134.9461669921875,137.28268432617188,14.619999885559082,27.211997985839844,465.2799987792969,101.9000015258789,59.81999969482422,91.75421905517578,30.639999389648438,142.36500549316406,151.5159454345703,63.63999938964844,40.810001373291016,142.87762451171875,297.6199951171875,246.9865264892578,60.37964630126953,94.46467590332031,144.52999877929688,59.11049270629883
2024-03-13,78.36000061035156,137.4387664794922,61.610755920410156,96.11000061035156,83.0425033569336,225.57000732421875,206.4199981689453,69.76000213623047,133.66209411621094,138.5613250732422,15.119999885559082,26.849666595458984,465.54998779296875,104.27999877929688,60.849998474121094,90.73099517822266,33.279998779296875,145.05999755859375,152.2157745361328,62.75,40.38999938964844,143.4628143310547,298.3500061035156,248.7220458984375,60.968971252441406,95.2808609008789,144.88999938964844,60.05311965942383
2024-03-14,78.87000274658203,137.89271545410156,58.2319450378418,93.45999908447266,82.14749908447266,228.24000549316406,200.2899932861328,67.41999816894531,134.0769500732422,141.84226989746094,14.399999618530273,26.94257164001465,470.010009765625,103.41000366210938,60.29999923706055,87.79206848144531,32.68000030517578,143.7899932861328,151.73692321777344,60.93000030517578,40.650001525878906,142.7764434814453,294.2699890136719,246.0150604248047,60.711143493652344,95.8346939086914,143.77000427246094,61.96782684326172
2024-03-15,77.79000091552734,134.0609130859375,58.0315055847168,92.9000015258789,78.9124984741211,216.33999633789062,199.3699951171875,66.26000213623047,131.834716796875,139.9391326904297,14.630000114440918,26.831085205078125,464.94000244140625,103.7699966430664,60.45000076293945,87.68526458740234,33.22999954223633,141.0800018310547,151.62646484375,60.61000061035156,39.2400016784668,141.89639282226562,295.1000061035156,252.4382781982422,62.129241943359375,94.78532409667969,143.91000366210938,60.44587707519531
2024-03-18,78.1500015258789,135.5118865966797,57.32520294189453,89.54000091552734,80.26499938964844,216.52999877929688,196.86000061035156,66.06999969482422,131.5779266357422,146.38197326660156,15.680000305175781,27.4163875579834,459.57000732421875,104.37999725341797,60.790000915527344,88.30219268798828,33.099998474121094,142.6199951171875,157.70401000976562,59.709999084472656,36.20000076293945,141.10438537597656,290.0799865722656,251.22154235839844,62.11082077026367,93.49300384521484,144.6199951171875,61.34922409057617
2024-03-19,78.5,137.673583984375,57.258392333984375,86.37000274658203,80.21499633789062,227.17999267578125,190.6699981689453,66.83999633789062,133.89913940429688,145.73770141601562,15.640000343322754,27.230579376220703,467.2699890136719,104.0199966430664,60.540000915527344,89.24357604980469,34.22999954223633,140.2899932861328,158.20127868652344,56.459999084472656,36.459999084472656,143.1772918701172,289.92999267578125,253.48519897460938,62.61728286743164,95.63065338134766,145.1999969482422,62.74341583251953
2024-03-20,77.11000061035156,140.5209197998047,57.33475112915039,90.66999816894531,81.71749877929688,234.0,200.5399932861328,68.51000213623047,136.4080352783203,147.43270874023438,16.479999542236328,27.60219955444336,469.04998779296875,104.41999816894531,60.13999938964844,90.21588897705078,34.72999954223633,141.02499389648438,158.25653076171875,56.90999984741211,37.81999969482422,143.71505737304688,295.3800048828125,253.24942016601562,61.549110412597656,96.0776138305664,148.42999267578125,65.76827239990234
2024-03-21,75.54000091552734,143.24301147460938,56.59026336669922,90.94999694824219,82.36499786376953,235.6199951171875,207.30999755859375,68.11000061035156,134.71897888183594,146.30271911621094,16.729999542236328,27.48142433166504,478.8399963378906,106.66000366210938,59.880001068115234,91.27703094482422,35.61000061035156,143.81500244140625,158.79981994628906,58.86000061035156,37.689998626708984,143.92042541503906,293.9200134277344,254.0511016845703,61.76090621948242,96.36912536621094,152.1699981689453,67.36444854736328
2024-03-22,76.48999786376953,142.33670043945312,56.79070281982422,92.45999908447266,81.8949966430664,232.08999633789062,205.60000610351562,67.81999969482422,135.16346740722656,149.44483947753906,16.329999923706055,27.685815811157227,403.19000244140625,105.98999786376953,59.5,94.12611389160156,34.709999084472656,143.38999938964844,158.4038848876953,59.900001525878906,37.2599983215332,142.14083862304688,307.1199951171875,253.00418090820312,61.84379196166992,96.6606216430664,152.4600067138672,68.0738296508789
2024-03-25,76.25,142.42349243164062,57.057952880859375,91.62000274658203,81.19000244140625,226.5,200.0399932861328,65.75,135.62770080566406,148.7509765625,16.309999465942383,28.31757164001465,388.8999938964844,106.0999984741211,59.09000015258789,94.8378677368164,34.59000015258789,142.53500366210938,158.93797302246094,58.43000030517578,36.65999984741211,141.37815856933594,310.1300048828125,255.0792236328125,62.31340789794922,95.3974609375,146.13999938964844,70.1528091430664
2024-03-26,76.80000305175781,143.7641143798828,57.60199737548828,91.22000122070312,82.50250244140625,223.44000244140625,197.82000732421875,65.80000305175781,134.9461669921875,149.345703125,15.819999694824219,28.549835205078125,386.1400146484375,104.37999725341797,59.31999969482422,92.4011001586914,34.04999923706055,143.34500122070312,159.0576629638672,59.04999923706055,37.290000915527344,141.358642578125,308.4200134277344,253.9945526123047,61.60436248779297,96.4857177734375,146.6699981689453,66.89149475097656
2024-03-27,78.33999633789062,144.25181579589844,58.06968688964844,83.43000030517578,80.5625,222.5500030517578,196.25,67.98999786376953,137.287109375,149.5439453125,15.739999771118164,28.62000274658203,389.4599914550781,106.80999755859375,59.20000076293945,90.0940933227539,34.7400016784668,141.1300048828125,159.83119201660156,61.0099983215332,37.880001068115234,143.92042541503906,307.9700012207031,256.5883483886719,62.00952911376953,98.21528625488281,146.9199981689453,67.29546356201172
2024-03-28,79.22000122070312,142.4604034423828,58.01241683959961,82.91999816894531,80.14749908447266,220.5800018310547,196.02999877929688,68.72000122070312,136.06231689453125,149.6034393310547,15.470000267028809,28.694852828979492,390.6499938964844,105.7699966430664,59.279998779296875,90.19990539550781,35.380001068115234,142.06500244140625,161.15719604492188,62.630001068115234,38.18000030517578,143.49998474121094,304.4200134277344,256.3242492675781,61.92666244506836,98.5456314086914,148.49000549316406,68.6256103515625
2024-04-01,76.06999969482422,140.14317321777344,58.31784439086914,82.52999877929688,79.89749908447266,218.2100067138672,191.97000122070312,65.9000015258789,131.5878143310547,154.12335205078125,15.65999984741211,29.218788146972656,385.20001220703125,104.22000122070312,57.7400016784668,90.20689392089844,35.220001220703125,139.7100067138672,159.2878875732422,64.06999969482422,37.84000015258789,141.86708068847656,300.70001220703125,250.89138793945312,62.00031280517578,96.87437438964844,150.0,70.47795104980469
2024-04-02,75.73999786376953,140.0340118408203,57.94560623168945,78.88999938964844,79.88749694824219,212.5,185.92999267578125,65.18000030517578,130.07655334472656,153.2015380859375,14.989999771118164,28.928754806518555,378.05999755859375,104.87999725341797,56.900001525878906,89.29747009277344,34.290000915527344,136.6999969482422,157.8697967529297,63.310001373291016,36.7599983215332,140.48838806152344,300.0,252.22132873535156,62.7922477722168,96.65090942382812,149.57000732421875,70.10355377197266
2024-04-03,75.81999969482422,142.6371307373047,57.49700927734375,76.6500015258789,80.01000213623047,220.02999877929688,163.77000427246094,65.1500015258789,128.9604034423828,153.558349609375,15.510000228881836,29.012958526611328,374.010009765625,104.19999694824219,55.95000076293945,88.81031036376953,33.18000030517578,134.77000427246094,156.2490692138672,64.16999816894531,36.439998626708984,138.37637329101562,296.5199890136719,251.7874755859375,62.74620819091797,94.52295684814453,151.72999572753906,72.67516326904297
2024-04-04,75.0199966430664,138.2999267578125,56.82888412475586,79.47000122070312,77.29750061035156,216.17999267578125,162.52999877929688,65.55999755859375,129.0986785888672,149.20693969726562,14.680000305175781,28.70421028137207,357.55999755859375,102.41000366210938,55.75,85.756591796875,32.150001525878906,132.60000610351562,156.22146606445312,62.65999984741211,36.79999923706055,136.6065673828125,295.989990234375,249.2974090576172,62.04637145996094,93.03633117675781,149.58999633789062,69.50252532958984
2024-04-05,75.97000122070312,141.44021606445312,57.22975158691406,83.94000244140625,78.875,215.00999450683594,161.3800048828125,64.9800033569336,130.17532348632812,151.15963745117188,14.510000228881836,28.788414001464844,356.8699951171875,103.5199966430664,55.900001525878906,87.85597229003906,31.979999542236328,134.5050048828125,155.75184631347656,63.13999938964844,37.81999969482422,136.4305877685547,294.75,250.54241943359375,62.018733978271484,94.0662841796875,151.0399932861328,74.22207641601562
2024-04-08,75.43000030517578,141.41152954101562,57.45882797241211,83.80000305175781,78.43250274658203,219.05999755859375,165.66000366210938,66.0999984741211,130.54080200195312,153.48898315429688,14.880000114440918,28.816482543945312,360.4599914550781,102.80000305175781,55.650001525878906,86.98247528076172,32.56999969482422,134.2899932861328,156.156982421875,63.06999969482422,38.220001220703125,137.1541290283203,297.0,250.89138793945312,61.35573196411133,93.50273132324219,153.64999389648438,73.32545471191406
2024-04-09,76.38999938964844,140.6383514404297,57.84061050415039,84.63999938964844,77.69249725341797,222.0800018310547,170.14999389648438,68.66999816894531,131.63720703125,155.22360229492188,14.550000190734863,29.012958526611328,358.79998779296875,102.7300033569336,55.75,85.20654296875,33.11000061035156,139.56500244140625,157.10546875,65.13999938964844,39.09000015258789,136.81192016601562,291.30999755859375,248.0335235595703,62.00031280517578,94.34808349609375,154.6999969482422,68.50739288330078
2024-04-10,75.80000305175781,140.8209686279297,56.85751724243164,84.47000122070312,78.13249969482422,217.8800048828125,167.17999267578125,67.69000244140625,129.7901153564453,154.76763916015625,14.550000190734863,28.676137924194336,350.25,101.41999816894531,54.810001373291016,86.88864135742188,32.08000183105469,140.5,155.5768585205078,63.619998931884766,39.79999923706055,135.2180633544922,290.55999755859375,249.8727264404297,62.12003707885742,93.55130767822266,152.1199951171875,69.71928405761719
2024-04-11,74.9800033569336,142.8527069091797,57.01022720336914,80.87000274658203,79.44999694824219,216.39999389648438,167.22000122070312,68.41000366210938,131.5878143310547,158.00889587402344,14.600000381469727,28.83519172668457,349.9200134277344,102.73999786376953,54.72999954223633,90.45945739746094,32.79999923706055,141.92999267578125,155.0335693359375,62.599998474121094,39.2599983215332,136.8314666748047,291.3900146484375,253.09849548339844,62.44233322143555,93.14322662353516,151.33999633789062,70.94104766845703
2024-04-12,73.18000030517578,138.68751525878906,55.99849319458008,79.72000122070312,77.26249694824219,211.0399932861328,162.91000366210938,67.05000305175781,128.86163330078125,156.34365844726562,13.960000038146973,28.273832321166992,336.1300048828125,101.04000091552734,55.0099983215332,88.03364562988281,32.869998931884766,139.53500366210938,154.79415893554688,61.290000915527344,38.369998931884766,132.96922302246094,285.6499938964844,247.34498596191406,61.08868408203125,91.7440185546875,147.27000427246094,68.71428680419922
2024-04-15,73.11000061035156,136.87449645996094,55.359004974365234,73.48999786376953,74.875,195.55999755859375,163.39999389648438,66.7300033569336,127.07380676269531,153.49888610839844,13.220000267028809,28.47031021118164,334.760009765625,99.7699966430664,54.11000061035156,85.85243225097656,32.209999084472656,136.0749969482422,153.7351531982422,62.560001373291016,36.65999984741211,130.68116760253906,280.82000732421875,243.83624267578125,59.64296340942383,90.34484100341797,145.3000030517578,67.2166519165039
2024-04-16,70.9800033569336,136.1731719970703,54.53816604614258,72.5199966430664,74.7874984741211,198.1699981689453,165.67999267578125,68.36000061035156,127.36024475097656,153.04293823242188,12.6899995803833,28.479665756225586,338.9800109863281,92.20999908447266,54.689998626708984,87.26399230957031,32.560001373291016,137.50999450683594,154.2416229248047,60.7599983215332,36.63999938964844,130.857177734375,274.9200134277344,243.1383056640625,58.252498626708984,90.73348999023438,145.4499969482422,66.60575866699219
2024-04-17,70.25,135.23622131347656,54.748146057128906,70.97000122070312,73.42250061035156,194.66000366210938,166.25999450683594,67.48999786376953,127.15282440185547,154.1035614013672,12.40999984741211,28.891328811645508,344.8599853515625,91.81999969482422,54.25,83.88983154296875,33.369998931884766,138.6649932861328,156.06491088867188,59.349998474121094,36.369998931884766,129.84030151367188,280.1000061035156,242.6949920654297,58.51033020019531,90.4905776977539,143.16000366210938,67.64031982421875
2024-04-18,70.27999877929688,134.69549560546875,55.273101806640625,69.97000122070312,73.5250015258789,205.05999755859375,167.50999450683594,67.33999633789062,126.72808837890625,154.63877868652344,12.34000015258789,29.125226974487305,347.510009765625,89.63999938964844,53.459999084472656,84.52472686767578,33.0099983215332,140.57000732421875,158.63409423828125,58.650001525878906,35.54999923706055,128.87228393554688,284.8699951171875,243.98716735839844,58.82341384887695,90.03390502929688,140.63999938964844,64.91106414794922
2024-04-19,70.16000366210938,134.09393310546875,56.065311431884766,68.83999633789062,70.66000366210938,200.14999389648438,156.72999572753906,66.76000213623047,127.41950988769531,152.73565673828125,11.899999618530273,29.471399307250977,352.4700012207031,89.95999908447266,53.13999938964844,76.068359375,31.579999923706055,138.85499572753906,160.34686279296875,58.68000030517578,35.34000015258789,130.37808227539062,286.9800109863281,245.89247131347656,59.145713806152344,90.71406555175781,140.60000610351562,64.69429779052734
2024-04-22,70.26000213623047,135.98585510253906,56.781158447265625,69.79000091552734,72.2874984741211,205.57000732421875,161.4600067138672,66.44999694824219,129.977783203125,154.90640258789062,11.880000114440918,29.714658737182617,361.7900085449219,88.44999694824219,53.599998474121094,79.3806381225586,31.93000030517578,140.83999633789062,162.4923858642578,59.36000061035156,34.959999084472656,130.79852294921875,289.17999267578125,244.9869384765625,59.412750244140625,91.41365814208984,139.9600067138672,65.73870849609375
2024-04-23,70.73999786376953,138.77349853515625,57.43973922729492,72.02999877929688,74.9124984741211,220.52999877929688,176.99000549316406,68.3499984741211,133.3657684326172,156.86900329589844,12.329999923706055,29.714658737182617,364.67999267578125,90.08999633789062,53.72999954223633,82.2806167602539,32.560001373291016,146.7449951171875,157.6671905517578,60.439998626708984,36.29999923706055,130.13363647460938,286.1000061035156,246.79791259765625,59.099666595458984,91.8217544555664,141.72000122070312,67.4432601928711
2024-04-24,71.19000244140625,138.12677001953125,57.51609420776367,72.0,74.40499877929688,216.3800048828125,176.97999572753906,66.87000274658203,134.1361846923828,157.73135375976562,12.34000015258789,30.25730323791504,364.5899963378906,89.6500015258789,54.33000183105469,79.53936767578125,32.36000061035156,146.91000366210938,163.3672332763672,61.09000015258789,34.970001220703125,129.66427612304688,293.29998779296875,246.6941375732422,58.65766906738281,92.57965087890625,142.8300018310547,69.42369079589844
2024-04-25,73.37999725341797,137.53616333007812,57.21066665649414,71.63999938964844,74.50499725341797,214.83999633789062,176.02999877929688,67.19999694824219,134.58065795898438,154.62887573242188,12.270000457763672,31.660707473754883,360.0,88.48999786376953,53.150001525878906,82.48926544189453,31.940000534057617,144.39500427246094,162.69500732421875,59.880001068115234,35.529998779296875,129.21449279785156,287.2699890136719,246.84506225585938,57.847328186035156,93.68733978271484,143.42999267578125,71.41398620605469
2024-04-26,73.58999633789062,138.26654052734375,57.27748107910156,73.16000366210938,76.01750183105469,222.66000366210938,179.6300048828125,67.43000030517578,134.0374298095703,170.43869018554688,12.5,31.54843521118164,364.70001220703125,89.83000183105469,53.369998931884766,87.58345794677734,32.790000915527344,145.7100067138672,161.68206787109375,60.27000045776367,36.0099983215332,130.64207458496094,283.20001220703125,245.26992797851562,57.5894889831543,93.62903594970703,144.47000122070312,71.6307373046875
2024-04-29,74.61000061035156,138.01992797851562,57.55427169799805,73.7300033569336,76.01000213623047,228.94000244140625,171.86000061035156,68.87999725341797,134.98565673828125,164.68966674804688,12.550000190734863,31.52972412109375,363.9599914550781,90.54000091552734,54.130001068115234,87.60540771484375,32.61000061035156,146.7050018310547,162.19773864746094,60.06999969482422,36.560001373291016,128.1487274169922,285.6300048828125,246.3545684814453,58.52873992919922,92.1812744140625,144.27000427246094,76.81339263916016
2024-04-30,73.94000244140625,135.55508422851562,56.94341278076172,71.2699966430664,73.13500213623047,225.75,162.52999877929688,68.66999816894531,132.98052978515625,161.3492889404297,12.529999732971191,31.52972412109375,360.6000061035156,88.91000366210938,53.45000076293945,86.25274658203125,31.75,145.44500732421875,161.98594665527344,59.84000015258789,35.560001373291016,126.67225646972656,278.4100036621094,239.06369018554688,52.72743606567383,91.4233627319336,142.80999755859375,74.72457122802734
2024-05-01,72.98999786376953,134.1260986328125,56.76206970214844,72.33999633789062,73.86000061035156,223.02999877929688,158.52000427246094,69.73999786376953,131.50877380371094,162.41978454589844,12.510000228881836,31.19290542602539,354.3999938964844,89.27999877929688,53.540000915527344,82.89753723144531,31.290000915527344,143.6699981689453,161.28611755371094,58.65999984741211,36.58000183105469,124.9806900024414,276.57000732421875,239.5258331298828,52.56169509887695,91.1610336303711,142.74000549316406,75.72956848144531
2024-05-02,66.7300033569336,136.375,57.162940979003906,74.37999725341797,75.88500213623047,228.88999938964844,160.52999877929688,59.2400016784668,134.42263793945312,165.15553283691406,12.239999771118164,31.398740768432617,350.79998779296875,88.2699966430664,53.38999938964844,85.66874694824219,32.7400016784668,147.66000366210938,161.56234741210938,60.09000015258789,37.34000015258789,124.84378814697266,278.9800109863281,240.60537719726562,53.22468948364258,92.22013854980469,143.07000732421875,78.6953125
2024-05-03,66.12000274658203,140.47735595703125,57.833194732666016,75.97000122070312,77.55249786376953,240.0,160.1199951171875,59.970001220703125,113.91699981689453,165.7700653076172,11.260000228881836,31.651342391967773,355.1499938964844,94.66000366210938,55.0,88.63561248779297,33.27000045776367,148.10499572753906,162.2069549560547,59.529998779296875,39.2400016784668,127.93360900878906,277.2799987792969,242.49929809570312,53.27073287963867,92.41446685791016,145.8800048828125,80.29147338867188
2024-05-06,67.77999877929688,141.3031768798828,57.71696472167969,78.33000183105469,79.45249938964844,248.1999969482422,164.69000244140625,62.459999084472656,114.59854125976562,166.62252807617188,11.649999618530273,31.398740768432617,350.239990234375,95.87999725341797,54.220001220703125,91.98081970214844,34.040000915527344,150.28500366210938,161.903076171875,60.630001068115234,40.11000061035156,129.53717041015625,268.20001220703125,243.66409301757812,52.73664855957031,94.68815612792969,148.33999633789062,82.01573944091797
2024-05-07,67.43000030517578,141.5780487060547,58.66616439819336,76.94999694824219,78.13749694824219,248.83999633789062,163.61000061035156,62.77000045776367,111.52664947509766,169.74484252929688,12.350000381469727,31.632633209228516,349.8500061035156,96.33999633789062,54.66999816894531,90.39756774902344,34.0099983215332,152.75999450683594,163.92893981933594,62.02000045776367,40.540000915527344,128.65716552734375,273.2900085449219,244.78152465820312,53.65748977661133,95.14481353759766,148.3300018310547,80.53778839111328
2024-05-08,66.05999755859375,143.72169494628906,61.010101318359375,77.12999725341797,78.44000244140625,244.63999938964844,161.3800048828125,62.56999969482422,110.17343139648438,167.89126586914062,12.149999618530273,31.52972412109375,345.6099853515625,95.79000091552734,54.29999923706055,90.25582122802734,32.97999954223633,151.5050048828125,163.3672332763672,61.849998474121094,39.029998779296875,129.81094360351562,281.6400146484375,244.65835571289062,53.602237701416016,95.7083969116211,145.97000122070312,87.8880615234375
2024-05-09,70.48999786376953,148.43504333496094,61.494384765625,82.06999969482422,79.48500061035156,200.5800018310547,170.42999267578125,63.45000076293945,111.15129089355469,168.46617126464844,12.920000076293945,31.80104637145996,352.95001220703125,97.02999877929688,55.20000076293945,88.59368896484375,31.299999237060547,147.8350067138672,163.96575927734375,65.31999969482422,30.420000076293945,131.87408447265625,284.5299987792969,246.8743438720703,54.15475082397461,96.10677337646484,145.67999267578125,91.79967498779297
2024-05-10,71.80999755859375,149.44503784179688,62.191749572753906,82.80999755859375,80.19000244140625,188.1199951171875,164.08999633789062,61.91999816894531,111.4574966430664,167.1676788330078,12.289999961853027,31.838468551635742,352.9599914550781,97.0199966430664,55.459999084472656,89.72274017333984,30.399999618530273,148.73500061035156,165.55882263183594,64.94999694824219,31.450000762939453,130.5149688720703,291.1600036621094,248.0580291748047,54.37574005126953,96.00960540771484,145.8800048828125,92.04600524902344
2024-05-13,71.66000366210938,147.0594940185547,62.67603302001953,86.58000183105469,79.79499816894531,180.99000549316406,161.72999572753906,62.5099983215332,111.28958892822266,167.65338134765625,12.890000343322754,31.922666549682617,347.1600036621094,95.58999633789062,54.720001220703125,90.24283599853516,30.690000534057617,151.125,166.5809783935547,65.55999755859375,30.959999084472656,130.63229370117188,283.82000732421875,245.046630859375,54.108699798583984,95.95130920410156,143.9499969482422,88.84381866455078
2024-05-14,71.31999969482422,148.15309143066406,63.60585403442383,91.54000091552734,82.38749694824219,178.39999389648438,161.5500030517578,63.56999969482422,112.08965301513672,168.84283447265625,13.739999771118164,31.969449996948242,352.3500061035156,95.83000183105469,54.47999954223633,91.19818115234375,36.29999923706055,150.77000427246094,165.6325225830078,65.80000305175781,31.65999984741211,129.9087371826172,284.7799987792969,240.52015686035156,53.53778076171875,96.23307800292969,144.9600067138672,90.12467193603516
2024-05-15,68.79000091552734,148.9259033203125,63.95454406738281,93.87000274658203,85.77999877929688,177.3000030517578,168.32000732421875,64.56999969482422,111.07228088378906,170.99375915527344,13.84000015258789,31.632633209228516,346.8500061035156,96.4800033569336,54.2400016784668,94.46652221679688,36.41999816894531,156.16000366210938,165.25498962402344,67.30000305175781,33.0099983215332,130.04562377929688,281.6000061035156,238.9102783203125,52.41434860229492,96.05264282226562,148.0800018310547,95.48468780517578
2024-05-16,66.62999725341797,146.66722106933594,64.3807144165039,92.56999969482422,84.76499938964844,176.0800018310547,162.25999450683594,64.08999633789062,112.06002807617188,172.6490478515625,14.039999961853027,31.941381454467773,338.2799987792969,96.37999725341797,54.09000015258789,94.19598388671875,36.63999938964844,158.38999938964844,168.61605834960938,65.4000015258789,32.7599983215332,131.3558349609375,282.2900085449219,241.8459014892578,52.90239334106445,96.48179626464844,146.0800018310547,91.77012634277344
2024-05-17,66.3499984741211,145.6203155517578,65.30084991455078,93.0199966430664,86.48249816894531,179.13999938964844,158.4499969482422,63.970001220703125,112.6131591796875,174.51255798339844,14.569999694824219,31.57649803161621,334.95001220703125,96.58999633789062,54.11000061035156,92.3192367553711,38.119998931884766,158.9250030517578,167.76885986328125,63.27000045776367,32.900001525878906,129.3905029296875,280.3299865722656,241.88375854492188,51.999977111816406,97.81803894042969,147.83999633789062,92.6963119506836
2024-05-20,66.79000091552734,147.98699951171875,64.25479888916016,96.08999633789062,87.1875,177.5500030517578,153.77000427246094,64.12999725341797,112.91937255859375,175.36500549316406,18.600000381469727,31.511005401611328,327.07000732421875,99.43000030517578,53.58000183105469,94.61626434326172,38.36000061035156,161.88499450683594,166.0376739501953,64.7699966430664,33.59000015258789,128.59849548339844,275.07000732421875,237.27203369140625,50.83971405029297,95.37965393066406,150.89999389648438,90.16410064697266
2024-05-21,65.36000061035156,150.0964813232422,64.1579360961914,95.95999908447266,87.33000183105469,180.88999938964844,158.97000122070312,64.18000030517578,110.34135437011719,176.2868194580078,17.559999465942383,31.77297592163086,322.9800109863281,101.9800033569336,53.380001068115234,95.22122192382812,37.310001373291016,155.8300018310547,166.74671936035156,65.44999694824219,32.54999923706055,129.36114501953125,271.5899963378906,237.6697540283203,50.79366683959961,95.2918701171875,151.4199981689453,92.85395050048828
2024-05-22,66.2699966430664,150.20489501953125,63.14094543457031,93.48999786376953,86.3550033569336,176.75999450683594,155.6300048828125,64.04000091552734,110.69692993164062,174.82972717285156,16.170000076293945,32.06301498413086,299.6300048828125,101.4000015258789,53.099998474121094,94.78598022460938,37.59000015258789,154.2899932861328,167.67674255371094,64.72000122070312,33.130001068115234,128.58872985839844,267.07000732421875,235.73797607421875,50.16749572753906,98.62757110595703,150.61000061035156,92.88350677490234
2024-05-23,64.25,147.36106872558594,62.5888671875,91.70999908447266,85.5875015258789,175.77999877929688,184.77000427246094,62.08000183105469,109.13628387451172,172.02462768554688,15.829999923706055,31.791685104370117,299.739990234375,93.4800033569336,52.63999938964844,103.61968994140625,38.40999984741211,155.72000122070312,165.07998657226562,63.38999938964844,31.969999313354492,128.9309539794922,267.2799987792969,232.1205291748047,49.46765899658203,97.69124603271484,152.3300018310547,94.71613311767578
2024-05-24,63.58000183105469,149.03665161132812,62.995662689208984,95.1500015258789,87.86750030517578,178.39999389648438,191.4199981689453,60.619998931884766,108.95849609375,173.45196533203125,16.8799991607666,31.9881649017334,303.010009765625,95.98999786376953,52.70000076293945,106.28507995605469,40.22999954223633,160.8000030517578,163.9013214111328,63.540000915527344,32.66999816894531,138.97279357910156,260.75,235.33078002929688,49.265071868896484,99.6224365234375,154.60000610351562,100.59835052490234
2024-05-28,62.869998931884766,148.83126831054688,61.51374816894531,82.91999816894531,86.70500183105469,194.16000366210938,193.24000549316406,61.06999969482422,108.76094818115234,174.84957885742188,19.100000381469727,31.539077758789062,295.25,94.88999938964844,51.650001525878906,113.70423889160156,41.81999969482422,154.0050048828125,159.6562042236328,61.529998779296875,32.959999084472656,134.5825653076172,259.510009765625,232.47096252441406,48.767818450927734,98.92017364501953,156.7899932861328,104.6380386352539
2024-05-29,65.06999969482422,146.638916015625,60.32241439819336,79.80999755859375,87.37999725341797,196.10000610351562,183.77000427246094,60.79999923706055,108.92886352539062,174.35394287109375,19.579999923706055,31.492298126220703,298.5400085449219,94.0,52.130001068115234,114.62663269042969,42.650001525878906,153.4499969482422,157.6027374267578,60.79999923706055,33.11000061035156,136.0101318359375,255.8699951171875,231.03155517578125,48.823062896728516,98.939697265625,159.67999267578125,102.09600067138672
2024-05-30,67.33999633789062,147.43727111816406,60.37084197998047,78.69999694824219,78.9800033569336,194.3800048828125,182.39999389648438,61.43000030517578,108.138671875,170.59727478027344,20.3700008392334,31.716840744018555,302.8999938964844,93.31999969482422,51.2400016784668,110.30911254882812,42.599998474121094,146.58999633789062,156.98574829101562,61.2400016784668,33.150001525878906,136.73367309570312,256.4100036621094,233.51258850097656,49.00723648071289,100.82211303710938,159.77999877929688,103.82025909423828
2024-05-31,68.88999938964844,148.29055786132812,61.087581634521484,79.9800033569336,78.4175033569336,191.39999389648438,186.91000366210938,63.470001220703125,111.47724914550781,170.9838409423828,19.420000076293945,32.0443000793457,311.989990234375,93.73999786376953,51.91999816894531,109.44361114501953,42.540000915527344,147.4550018310547,159.21421813964844,63.63999938964844,33.619998931884766,136.65542602539062,313.6700134277344,236.95957946777344,50.47137451171875,100.55876159667969,160.36000061035156,97.62276458740234
2024-06-03,68.51000213623047,147.7914581298828,60.6807861328125,75.0,77.17250061035156,200.5399932861328,196.4499969482422,65.19999694824219,112.66255187988281,171.64796447753906,20.489999771118164,32.15657043457031,306.6199951171875,94.3499984741211,51.88999938964844,114.80133819580078,41.2400016784668,147.24000549316406,157.67640686035156,63.810001373291016,34.47999954223633,138.08302307128906,302.760009765625,237.0447998046875,49.21902847290039,102.84111022949219,163.63999938964844,91.87850952148438
2024-06-04,70.0999984741211,149.2726593017578,60.177127838134766,71.41999816894531,76.3949966430664,192.6699981689453,189.74000549316406,64.91000366210938,113.08728790283203,172.2624969482422,20.829999923706055,32.57759475708008,306.7799987792969,93.5199966430664,52.189998626708984,116.23584747314453,40.81999969482422,145.0449981689453,160.12582397460938,63.25,35.0,137.8092498779297,298.4100036621094,237.063720703125,48.758609771728516,103.26050567626953,165.9600067138672,88.2329330444336
2024-06-05,71.26000213623047,150.43812561035156,60.119014739990234,74.37000274658203,85.54499816894531,195.9600067138672,184.72999572753906,64.86000061035156,113.94661712646484,173.8682861328125,21.75,32.540164947509766,308.2699890136719,93.5999984741211,52.0,122.22850036621094,42.0,147.7050018310547,159.75750732421875,65.63999938964844,35.599998474121094,141.13372802734375,301.9100036621094,236.77015686035156,48.344234466552734,105.1331787109375,167.42999267578125,90.64689636230469
2024-06-06,71.77999877929688,149.61427307128906,61.320037841796875,74.06999969482422,85.12249755859375,194.10000610351562,183.50999450683594,66.22000122070312,118.83596801757812,175.17666625976562,21.56999969482422,32.28755569458008,323.0299987792969,92.25,52.45000076293945,120.78898620605469,42.20000076293945,147.96499633789062,159.49044799804688,65.93000030517578,35.63999938964844,140.94793701171875,294.7799987792969,236.8459014892578,48.67573547363281,104.29436492919922,165.6699981689453,84.9913101196289
2024-06-07,69.41999816894531,150.0779266357422,60.26430130004883,73.19999694824219,87.27999877929688,188.97999572753906,177.6300048828125,65.27999877929688,121.55227661132812,172.92662048339844,20.790000915527344,32.39982986450195,317.8599853515625,90.52999877929688,52.689998626708984,120.6791763305664,42.349998474121094,150.9499969482422,158.7433319091797,68.06999969482422,35.630001068115234,141.07505798339844,291.5299987792969,237.62242126464844,48.23001480102539,104.79178619384766,164.77000427246094,83.81881713867188
2024-06-10,69.58999633789062,149.1187744140625,59.66378402709961,66.16999816894531,93.64250183105469,197.86000061035156,182.47999572753906,66.06999969482422,121.86835479736328,173.67088317871094,21.6200008392334,31.96009063720703,318.260009765625,89.75,51.0,121.57959747314453,42.72999954223633,154.52499389648438,153.97286987304688,71.2300033569336,34.9900016784668,141.54437255859375,291.79998779296875,238.3326416015625,48.19287109375,104.67474365234375,160.5399932861328,86.92249298095703
2024-06-11,68.51000213623047,149.1179962158203,59.14076232910156,65.81999969482422,96.15750122070312,193.85000610351562,189.5800018310547,65.45999908447266,121.28559112548828,175.26856994628906,22.040000915527344,31.651342391967773,318.0400085449219,89.77999877929688,51.15999984741211,120.7110595703125,43.790000915527344,156.47500610351562,153.2025604248047,71.4000015258789,35.4900016784668,141.72866821289062,285.7900085449219,237.71713256835938,47.32001876831055,104.44068145751953,158.50999450683594,89.87837219238281
2024-06-12,67.80999755859375,152.57012939453125,59.537872314453125,61.689998626708984,96.84249877929688,201.0399932861328,197.32000732421875,63.27000045776367,123.03390502929688,176.42959594726562,23.68000030517578,31.445518493652344,309.80999755859375,89.87999725341797,49.77000045776367,124.99398040771484,43.630001068115234,159.89500427246094,152.0517120361328,72.4800033569336,36.029998779296875,141.5424346923828,289.1400146484375,239.11863708496094,47.33858871459961,104.4504165649414,159.6699981689453,89.22807312011719
2024-06-13,66.33999633789062,151.77230834960938,58.54993438720703,62.04999923706055,95.70249938964844,197.9199981689453,200.44000244140625,60.13999938964844,121.90787506103516,173.81973266601562,24.3700008392334,31.866540908813477,307.489990234375,89.05999755859375,48.720001220703125,129.396728515625,42.900001525878906,159.8300018310547,151.58763122558594,72.5,35.52000045776367,142.77757263183594,286.30999755859375,241.11672973632812,46.7071533203125,105.59159088134766,157.72000122070312,87.09984588623047
2024-06-14,65.4000015258789,151.88882446289062,57.62010955810547,59.959999084472656,96.35874938964844,199.13999938964844,192.6300048828125,58.869998931884766,123.08329010009766,175.43724060058594,23.75,31.847827911376953,306.010009765625,88.75,48.029998779296875,131.6630096435547,42.0,158.65499877929688,152.03314208984375,71.1500015258789,35.099998474121094,143.05206298828125,284.8699951171875,240.05612182617188,45.992156982421875,105.82566833496094,158.9600067138672,86.30174255371094
2024-06-17,65.80000305175781,155.58734130859375,57.823509216308594,58.41999816894531,97.60749816894531,211.8699951171875,195.41000366210938,58.70000076293945,122.5499038696289,175.88381958007812,24.149999618530273,32.45596694946289,312.9100036621094,90.43000030517578,49.130001068115234,130.76446533203125,41.630001068115234,159.7949981689453,154.1956329345703,71.98999786376953,35.900001525878906,147.41432189941406,290.9200134277344,248.42735290527344,46.61430358886719,107.50328826904297,157.39999389648438,82.80396270751953
2024-06-18,68.29000091552734,156.37884521484375,57.28110885620117,63.279998779296875,97.37750244140625,211.8300018310547,213.72999572753906,57.66999816894531,123.01415252685547,173.75025939941406,24.790000915527344,32.26884460449219,313.2300109863281,91.94000244140625,48.41999816894531,135.35690307617188,42.22999954223633,158.50999450683594,154.5111541748047,72.55999755859375,35.900001525878906,145.7576446533203,295.55999755859375,249.66783142089844,46.67930603027344,107.54228210449219,155.3699951171875,86.51632690429688
2024-06-20,67.5999984741211,156.3355712890625,57.37797164916992,61.900001525878906,95.53500366210938,199.10000610351562,209.22999572753906,58.20000076293945,123.94264221191406,174.9510040283203,22.389999389648438,32.006874084472656,310.7699890136719,92.27999877929688,48.68000030517578,130.5648193359375,41.72999954223633,155.52000427246094,154.69677734375,73.0199966430664,35.86000061035156,144.46365356445312,295.0400085449219,248.89134216308594,47.013587951660156,107.65933227539062,154.97999572753906,87.11893463134766
2024-06-21,68.62000274658203,157.0054473876953,57.2036247253418,62.47999954223633,95.15750122070312,206.52000427246094,205.91000366210938,60.16999816894531,126.15519714355469,178.25555419921875,22.149999618530273,32.165931701660156,311.82000732421875,92.95999908447266,49.09000015258789,126.36172485351562,39.720001220703125,160.1649932861328,155.25364685058594,72.7300033569336,36.15999984741211,146.34579467773438,297.239990234375,249.52581787109375,47.31072998046875,108.2738037109375,158.22000122070312,85.80506896972656
2024-06-24,68.80000305175781,156.6945037841797,58.85987854003906,59.77000045776367,94.48249816894531,205.2899932861328,204.19000244140625,59.95000076293945,126.58979797363281,177.84864807128906,22.149999618530273,32.437252044677734,312.2799987792969,89.37999725341797,49.4900016784668,117.9156494140625,39.029998779296875,158.33999633789062,155.99615478515625,73.0199966430664,35.189998626708984,146.3065948486328,297.94000244140625,251.06936645507812,47.72858428955078,108.31282043457031,159.7100067138672,87.1584243774414
2024-06-25,67.47000122070312,158.00042724609375,58.269046783447266,55.86000061035156,96.69000244140625,205.0,208.75999450683594,59.4900016784668,128.17019653320312,182.62184143066406,23.15999984741211,32.194000244140625,309.07000732421875,89.83999633789062,50.13999938964844,125.88251495361328,38.7599983215332,161.33999633789062,155.31863403320312,73.36000061035156,35.43000030517578,145.53219604492188,301.0299987792969,247.80233764648438,47.42216110229492,107.94219207763672,159.0399932861328,88.32408905029297
2024-06-26,67.08000183105469,156.74095153808594,57.61042404174805,56.560001373291016,95.09249877929688,203.88999938964844,204.58999633789062,59.4900016784668,125.79959869384766,182.4730224609375,21.559999465942383,32.147220611572266,304.80999755859375,90.31999969482422,50.459999084472656,126.1920166015625,38.599998474121094,162.6300048828125,154.75250244140625,74.22000122070312,36.90999984741211,145.806640625,303.5,247.22470092773438,47.050724029541016,107.81539154052734,157.5399932861328,84.86660766601562
2024-06-27,68.04000091552734,157.80441284179688,57.2036247253418,57.540000915527344,96.82250213623047,208.64999389648438,218.0,58.720001220703125,123.13268280029297,183.9912872314453,20.020000457763672,31.922666549682617,308.29998779296875,90.80999755859375,50.56999969482422,123.78597259521484,39.029998779296875,170.41000366210938,154.30697631835938,73.91999816894531,37.220001220703125,143.1990966796875,302.3599853515625,242.3383331298828,47.013587951660156,107.82514190673828,156.97999572753906,86.16070556640625
2024-06-28,67.54000091552734,155.9191436767578,56.322227478027344,57.09000015258789,95.79750061035156,208.6699981689453,210.72000122070312,58.97999954223633,124.4463882446289,180.75624084472656,20.190000534057617,31.447195053100586,298.70001220703125,93.73999786376953,49.95000076293945,123.33672332763672,38.79999923706055,169.5050048828125,153.07260131835938,73.58999633789062,37.209999084472656,142.45408630371094,305.04998779296875,243.6356658935547,47.19929885864258,107.38622283935547,155.49000549316406,84.9357681274414
2024-07-01,67.01000213623047,152.90350341796875,56.51593780517578,57.84000015258789,98.0374984741211,195.22999572753906,204.16000366210938,57.0099983215332,120.9991455078125,181.58982849121094,21.420000076293945,30.91994285583496,302.3599853515625,94.7699966430664,49.900001525878906,124.0954818725586,38.029998779296875,170.4499969482422,151.17926025390625,72.1500015258789,37.060001373291016,142.37567138671875,301.8999938964844,242.6981964111328,46.9857292175293,107.8543930053711,154.2899932861328,86.27922821044922
2024-07-02,66.12000274658203,154.1365966796875,56.81619644165039,57.2400016784668,96.26249694824219,193.88999938964844,204.22999572753906,58.2599983215332,121.35475158691406,183.82261657714844,21.209999084472656,30.863449096679688,301.6700134277344,96.69999694824219,49.34000015258789,122.46814727783203,37.220001220703125,170.22000122070312,151.81964111328125,73.48999786376953,37.13999938964844,141.55221557617188,300.9200134277344,245.2076416015625,46.9485969543457,107.48377227783203,154.64999389648438,86.63487243652344
2024-07-03,66.73999786376953,154.16334533691406,58.17219161987305,57.52000045776367,96.79499816894531,193.82000732421875,202.02000427246094,58.22999954223633,122.72769927978516,184.3981475830078,20.489999771118164,30.80695915222168,300.32000732421875,94.79000091552734,49.15999984741211,128.06890869140625,36.650001525878906,170.60000610351562,150.9101104736328,73.94000244140625,37.77000045776367,141.16014099121094,296.44000244140625,237.0921173095703,47.013587951660156,107.6690902709961,153.5,90.60604858398438
2024-07-05,65.93000030517578,154.68524169921875,57.88161849975586,57.220001220703125,97.41999816894531,193.08999633789062,200.24000549316406,58.45000076293945,122.09554290771484,189.14158630371094,20.780000686645508,30.750463485717773,298.1400146484375,95.33999633789062,49.75,125.62295532226562,37.189998626708984,171.0449981689453,152.57142639160156,73.86000061035156,38.68000030517578,142.67955017089844,295.07000732421875,245.39706420898438,46.41001510620117,108.88827514648438,151.74000549316406,88.27471160888672
2024-07-08,65.63999938964844,156.82949829101562,57.47482681274414,56.060001373291016,97.67749786376953,196.7100067138672,203.0800018310547,55.369998931884766,123.96238708496094,187.58358764648438,20.510000228881836,30.402097702026367,294.0299987792969,94.47000122070312,50.18000030517578,127.9890365600586,37.93000030517578,168.82000732421875,150.464599609375,72.62999725341797,39.81999969482422,143.79708862304688,292.54998779296875,240.3780975341797,46.57715606689453,109.44422912597656,152.0,91.751953125
2024-07-09,65.43000030517578,156.54808044433594,57.15519714355469,55.54999923706055,96.47000122070312,186.77000427246094,206.4199981689453,57.0099983215332,126.98489379882812,187.53396606445312,20.690000534057617,30.081974029541016,289.8699951171875,95.12000274658203,49.79999923706055,131.16383361816406,37.20000076293945,168.08999633789062,150.26043701171875,72.06999969482422,39.38999938964844,143.93431091308594,289.5,238.72093200683594,46.37287521362305,109.38570404052734,149.36000061035156,90.28993225097656
2024-07-10,64.16000366210938,157.04286193847656,58.394962310791016,56.90999984741211,93.61250305175781,188.10000610351562,199.4600067138672,57.31999969482422,127.94300842285156,189.71714782714844,20.209999084472656,30.081974029541016,288.0799865722656,94.43000030517578,49.849998474121094,134.68801879882812,36.630001068115234,168.52999877929688,151.82896423339844,72.26000213623047,39.65999984741211,145.1106719970703,284.739990234375,239.6584014892578,46.8278694152832,110.18549346923828,148.8300018310547,91.18888092041016
2024-07-11,67.11000061035156,154.931640625,59.324790954589844,58.52000045776367,92.60749816894531,192.57000732421875,208.9199981689453,58.310001373291016,127.14293670654297,184.15008544921875,21.049999237060547,30.533912658691406,289.20001220703125,95.87999725341797,50.279998779296875,127.19037628173828,37.029998779296875,165.52000427246094,152.16307067871094,73.88999938964844,38.52000045776367,147.8260040283203,288.1300048828125,245.6148223876953,47.515018463134766,111.13158416748047,151.52000427246094,90.49738311767578
2024-07-12,67.19000244140625,158.47471618652344,59.56692886352539,58.900001525878906,92.83000183105469,190.3000030517578,210.89999389648438,60.5,130.07655334472656,183.65390014648438,21.719999313354492,30.712806701660156,291.05999755859375,97.94000244140625,50.83000183105469,129.02734375,37.5099983215332,168.25,154.4183807373047,75.37000274658203,40.529998779296875,148.73765563964844,288.2699890136719,246.0409698486328,47.58001708984375,111.48271942138672,153.35000610351562,90.22078704833984
2024-07-15,65.18000030517578,160.89801025390625,58.27873611450195,52.630001068115234,94.34249877929688,192.0500030517578,194.19000244140625,61.56999969482422,130.89637756347656,185.1027069091797,22.84000015258789,30.759878158569336,283.7200012207031,98.37999725341797,49.86000061035156,128.22865295410156,37.59000015258789,170.4550018310547,152.0795440673828,76.47000122070312,41.11000061035156,145.15965270996094,284.5799865722656,236.29669189453125,47.67287826538086,111.0047836303711,153.30999755859375,85.1432113647461
2024-07-16,68.4800033569336,162.1216583251953,58.30779266357422,52.790000915527344,92.26249694824219,187.3000030517578,189.02000427246094,65.47000122070312,137.98841857910156,182.51271057128906,23.110000610351562,30.750463485717773,291.760009765625,97.16999816894531,50.4900016784668,126.15206909179688,39.20000076293945,169.25,152.91482543945312,77.4000015258789,41.279998779296875,145.93406677246094,287.32000732421875,234.9330291748047,48.824302673339844,112.1849594116211,154.10000610351562,84.82708740234375
2024-07-17,67.2300033569336,157.02670288085938,59.73158264160156,50.75,88.73500061035156,180.9499969482422,170.6999969482422,64.94999694824219,133.87937927246094,179.63490295410156,21.989999771118164,31.14591407775879,292.67999267578125,96.72000122070312,50.720001220703125,117.79583740234375,40.36000061035156,166.07000732421875,157.676025390625,77.25,40.0,144.68911743164062,286.8500061035156,235.06561279296875,50.124298095703125,111.16083526611328,149.8699951171875,75.27452850341797
2024-07-18,66.44000244140625,154.7013702392578,58.65647888183594,50.97999954223633,85.76249694824219,178.57000732421875,170.94000244140625,63.65999984741211,131.88414001464844,176.33038330078125,20.3700008392334,31.2023983001709,285.1300048828125,94.7300033569336,51.0099983215332,120.89073944091797,40.119998931884766,161.94000244140625,158.12149047851562,76.75,39.790000915527344,141.6502227783203,280.75,235.09402465820312,49.27930450439453,110.24401092529297,150.3000030517578,75.62028503417969
2024-07-19,65.16000366210938,156.14544677734375,58.54993438720703,49.58000183105469,76.23999786376953,175.24000549316406,177.52000427246094,62.7599983215332,134.2152099609375,176.30062866210938,19.420000076293945,31.051753997802734,280.239990234375,95.0999984741211,50.88999938964844,117.73594665527344,40.060001373291016,165.44500732421875,157.1841278076172,76.5,40.52000045776367,140.6699676513672,279.2900085449219,232.4330291748047,48.65715789794922,108.99556732177734,150.32000732421875,75.54125213623047
2024-07-22,65.3499984741211,153.86859130859375,59.11170196533203,48.13999938964844,65.97750091552734,177.38999938964844,169.57000732421875,62.38999938964844,132.81263732910156,180.2799072265625,20.34000015258789,30.9105281829834,285.0,95.06999969482422,50.36000061035156,123.33672332763672,40.58000183105469,166.85000610351562,155.60635375976562,76.38999938964844,41.0,142.06199645996094,275.260009765625,230.31185913085938,48.759300231933594,110.41956329345703,150.4499969482422,78.2084732055664
2024-07-23,65.6500015258789,154.25428771972656,58.792076110839844,47.470001220703125,67.22000122070312,179.10000610351562,177.42999267578125,60.790000915527344,131.0445556640625,180.3989715576172,22.770000457763672,30.72222137451172,281.3699951171875,95.5999984741211,50.310001373291016,122.38826751708984,40.52000045776367,167.77999877929688,154.3255615234375,76.58000183105469,41.08000183105469,140.94447326660156,273.4700012207031,232.93492126464844,49.112159729003906,110.6244125366211,151.7100067138672,79.09754180908203
2024-07-24,66.27999877929688,149.79025268554688,58.64678955078125,45.63999938964844,64.53500366210938,163.8000030517578,174.50999450683594,60.2599983215332,126.91576385498047,171.30911254882812,22.510000228881836,30.85403060913086,272.05999755859375,92.66999816894531,49.59000015258789,114.06199645996094,38.5,162.1199951171875,156.0796661376953,75.4000015258789,39.959999084472656,139.2877960205078,271.8500061035156,233.78721618652344,49.5578727722168,108.50789642333984,152.88999938964844,71.6985092163086
2024-07-25,65.05999755859375,144.04779052734375,58.792076110839844,46.400001525878906,63.537498474121094,168.30999755859375,170.35000610351562,60.43000030517578,123.3697509765625,166.00003051757812,23.25,31.268308639526367,247.32000732421875,92.22000122070312,50.099998474121094,112.0952377319336,38.20000076293945,160.06500244140625,158.7247772216797,74.69999694824219,40.540000915527344,138.32711791992188,270.5199890136719,236.15463256835938,50.152156829833984,108.52738952636719,150.3000030517578,69.52522277832031
2024-07-26,66.58999633789062,145.66583251953125,59.450706481933594,48.02000045776367,64.04000091552734,173.27999877929688,182.82000732421875,62.27000045776367,124.3278579711914,165.72216796875,21.770000457763672,31.76732063293457,253.5,93.63999938964844,51.0,112.87396240234375,40.220001220703125,163.40499877929688,160.3303985595703,74.98999786376953,40.5099983215332,138.13108825683594,290.9100036621094,240.03720092773438,50.449302673339844,109.0735855102539,150.75,70.2562255859375
2024-07-29,65.52999877929688,147.79672241210938,58.162506103515625,46.880001068115234,64.70249938964844,169.9199981689453,172.57000732421875,63.869998931884766,126.70832061767578,168.2327880859375,21.709999084472656,32.162757873535156,259.0299987792969,95.47000122070312,51.27000045776367,111.4063720703125,39.83000183105469,161.02999877929688,160.75733947753906,74.2300033569336,40.56999969482422,139.11134338378906,283.7099914550781,233.1148681640625,49.32573318481445,109.78559112548828,150.6999969482422,70.37477111816406
2024-07-30,67.37999725341797,146.45298767089844,57.70728302001953,46.310001373291016,58.412498474121094,168.19000244140625,170.2899932861328,64.5199966430664,126.95527648925781,168.98699951171875,21.200000762939453,32.12509536743164,256.0,94.62000274658203,51.56999969482422,103.55931091308594,38.81999969482422,158.7550048828125,160.72947692871094,73.86000061035156,41.029998779296875,139.93479919433594,279.19000244140625,230.39706420898438,49.45573043823242,110.4488296508789,150.0,68.1619873046875
2024-07-31,64.8499984741211,146.21762084960938,57.62979507446289,46.83000183105469,57.9900016784668,171.94000244140625,172.5800018310547,65.13999938964844,126.1058120727539,170.22740173339844,21.239999771118164,32.2757453918457,258.6600036621094,96.19000244140625,51.45000076293945,116.82743072509766,41.41999816894531,162.36500549316406,160.25616455078125,73.69999694824219,41.52000045776367,140.40528869628906,280.2099914550781,232.15843200683594,49.075016021728516,110.23426055908203,150.52999877929688,78.25785827636719
2024-08-01,74.08999633789062,144.21702575683594,59.33447265625,44.79999923706055,56.05500030517578,164.5,167.6199951171875,60.15999984741211,119.99165344238281,169.45339965820312,18.510000228881836,32.53937911987305,249.0500030517578,92.9800033569336,51.380001068115234,109.0302963256836,40.25,157.80999755859375,162.38153076171875,72.66999816894531,38.849998474121094,140.1602325439453,277.0899963378906,232.3572998046875,49.010009765625,110.85848999023438,145.9600067138672,75.11648559570312
2024-08-02,72.37000274658203,130.99058532714844,61.38783645629883,42.709999084472656,54.47249984741211,162.00999450683594,165.9499969482422,59.349998474121094,114.07503509521484,165.384765625,17.579999923706055,33.019554138183594,236.0,91.20999908447266,51.61000061035156,107.09347534179688,38.66999816894531,152.8000030517578,165.2400665283203,72.4000015258789,39.040000915527344,137.4742889404297,279.1700134277344,233.84405517578125,49.112159729003906,110.35130310058594,143.67999267578125,71.55033111572266
2024-08-05,71.0199966430664,133.1671142578125,58.927677154541016,41.349998474121094,55.51250076293945,158.85000610351562,175.64999389648438,55.45000076293945,110.7463150024414,158.03146362304688,17.84000015258789,32.294578552246094,233.39999389648438,88.05999755859375,50.470001220703125,100.28471374511719,37.2400016784668,147.08999633789062,161.5276641845703,72.01000213623047,36.529998779296875,133.37669372558594,267.9700012207031,223.8819580078125,47.477874755859375,106.20604705810547,139.49000549316406,69.34740447998047
2024-08-06,70.94000244140625,134.49151611328125,58.59836196899414,40.380001068115234,57.92250061035156,165.05999755859375,183.74000549316406,53.97999954223633,116.09004211425781,157.07882690429688,16.8799991607666,32.464054107666016,236.89999389648438,90.0,50.79999923706055,104.07846069335938,37.83000183105469,150.96499633789062,160.08908081054688,76.4000015258789,37.66999816894531,134.278564453125,266.0899963378906,225.87057495117188,50.05001449584961,106.71324157714844,140.11000061035156,73.48651885986328
2024-08-07,70.73999786376953,130.10458374023438,58.59836196899414,39.400001525878906,57.66749954223633,161.39999389648438,181.75,53.36000061035156,111.85260009765625,157.7238311767578,16.040000915527344,32.55820846557617,233.44000244140625,90.08999633789062,50.529998779296875,98.74723815917969,36.95000076293945,152.10499572753906,159.4394073486328,75.73999786376953,36.18000030517578,133.64137268066406,265.0899963378906,225.19822692871094,48.37858963012695,105.26972198486328,135.6699981689453,73.05184936523438
2024-08-08,71.69999694824219,133.6165771484375,59.01484680175781,39.59000015258789,60.130001068115234,178.99000549316406,187.9499969482422,54.22999954223633,116.52465057373047,160.7902069091797,15.850000381469727,32.51112747192383,241.75,91.72000122070312,45.0099983215332,104.79727172851562,39.040000915527344,158.68499755859375,159.97772216796875,78.23999786376953,37.16999816894531,136.474365234375,269.5899963378906,227.1489715576172,49.08430480957031,107.2106704711914,138.77999877929688,78.11955261230469
2024-08-09,71.58000183105469,135.51365661621094,58.76301956176758,38.08000183105469,60.224998474121094,187.3800048828125,160.8300018310547,54.970001220703125,128.41712951660156,162.41763305664062,15.960000038146973,32.53937911987305,238.72000122070312,92.18000030517578,46.060001373291016,104.57763671875,40.22999954223633,165.74000549316406,159.99627685546875,79.04000091552734,37.02000045776367,136.88613891601562,271.239990234375,228.60733032226562,49.19572830200195,107.97142791748047,144.82000732421875,77.68490600585938
2024-08-12,70.9800033569336,135.36135864257812,58.23030471801758,38.029998779296875,59.834999084472656,181.75,143.6300048828125,53.189998626708984,125.33535766601562,161.0482177734375,15.970000267028809,32.765342712402344,239.6999969482422,91.5999984741211,45.88999938964844,108.8405990600586,39.54999923706055,165.5500030517578,159.0960235595703,78.66000366210938,37.31999969482422,137.8957977294922,266.2699890136719,226.13572692871094,48.295013427734375,108.64442443847656,147.2899932861328,77.0131607055664
2024-08-13,73.02999877929688,140.4220733642578,58.53056335449219,39.47999954223633,62.02750015258789,191.5399932861328,148.63999938964844,54.064998626708984,128.9801483154297,162.90391540527344,15.979999542236328,33.094886779785156,241.9499969482422,91.87000274658203,46.5,115.94888305664062,41.27000045776367,166.61500549316406,159.97772216796875,79.91000366210938,38.75,138.85646057128906,273.3599853515625,227.36679077148438,49.205020904541016,108.30305480957031,144.8800048828125,79.47291564941406
2024-08-14,72.66999816894531,140.61180114746094,58.48213577270508,39.22999954223633,64.05500030517578,197.07000732421875,145.42999267578125,51.5,127.44915771484375,159.14291381835938,15.430000305175781,33.24552917480469,240.49000549316406,93.48999786376953,46.2400016784668,117.88569641113281,40.560001373291016,169.9550018310547,161.22140502929688,79.76000213623047,39.09000015258789,138.5525665283203,272.5799865722656,229.2592010498047,48.68501663208008,106.3913803100586,144.91000366210938,78.2874984741211
2024-08-15,74.12999725341797,143.0555419921875,58.7145881652832,41.59000015258789,65.12249755859375,202.33999633789062,155.5399932861328,53.72999954223633,130.6000518798828,160.06578063964844,15.710000038146973,33.264366149902344,256.54998779296875,94.43000030517578,46.9900016784668,122.6578369140625,42.72999954223633,171.63499450683594,160.116943359375,79.80000305175781,40.5,144.88519287109375,280.6400146484375,233.21524047851562,49.743587493896484,109.1073226928711,146.3800048828125,80.46077728271484
2024-08-16,74.47000122070312,142.4333038330078,58.743648529052734,40.16999816894531,65.63500213623047,203.16000366210938,159.1999969482422,53.90999984741211,129.4344940185547,161.71310424804688,15.579999923706055,33.32085037231445,258.1000061035156,95.18000030517578,46.7400016784668,124.37501525878906,42.540000915527344,167.05499267578125,160.20974731445312,79.27999877929688,40.59000015258789,144.49305725097656,282.2900085449219,233.65267944335938,49.7993049621582,109.07794189453125,149.94000244140625,78.38628387451172
2024-08-19,75.19000244140625,145.70599365234375,58.9664192199707,41.560001373291016,66.69499969482422,207.17999267578125,160.08999633789062,54.880001068115234,133.80035400390625,165.39468383789062,16.559999465942383,33.53739929199219,259.1199951171875,96.52999877929688,46.599998474121094,129.7860870361328,42.45000076293945,171.67999267578125,161.32350158691406,79.19000244140625,40.86000061035156,144.49305725097656,280.6400146484375,231.0470428466797,50.180015563964844,110.09581756591797,150.5,79.75938415527344
2024-08-20,74.94999694824219,145.72528076171875,58.64678955078125,40.349998474121094,66.63249969482422,203.8300018310547,161.3300018310547,54.2599983215332,131.88414001464844,165.90078735351562,16.530000686645508,33.640968322753906,260.6000061035156,96.83999633789062,46.709999084472656,127.04061889648438,41.72999954223633,184.0050048828125,163.20753479003906,79.08999633789062,40.540000915527344,144.78713989257812,279.5799865722656,231.1326141357422,49.89215850830078,110.89836120605469,154.80999755859375,78.67276000976562
2024-08-21,76.7300033569336,147.12249755859375,59.01484680175781,41.279998779296875,68.30249786376953,210.00999450683594,170.11000061035156,54.63999938964844,131.5581817626953,164.5809783935547,16.56999969482422,33.40558624267578,265.6300048828125,96.47000122070312,47.0099983215332,128.28855895996094,43.459999084472656,179.875,162.61355590820312,80.51000213623047,43.349998474121094,150.91390991210938,282.3500061035156,232.73976135253906,49.46501541137695,117.67108154296875,160.07000732421875,81.28070068359375
2024-08-22,76.22000122070312,148.3068084716797,59.0535888671875,39.33000183105469,66.91000366210938,208.6699981689453,170.44000244140625,53.790000915527344,131.48904418945312,162.54666137695312,16.459999084472656,33.58447265625,263.45001220703125,95.95999908447266,46.47999954223633,123.53639221191406,43.189998626708984,174.74000549316406,163.10545349121094,79.88999938964844,43.36000061035156,149.51210021972656,274.8800048828125,231.75074768066406,49.706443786621094,116.4672622680664,158.6999969482422,82.28831481933594
2024-08-23,79.91000366210938,150.76632690429688,59.75095748901367,39.540000915527344,67.88500213623047,212.57000732421875,170.9499969482422,55.400001525878906,136.4376678466797,164.3527374267578,16.729999542236328,33.640968322753906,268.54998779296875,96.77999877929688,46.650001525878906,129.15711975097656,44.56999969482422,175.375,163.22608947753906,81.06999969482422,44.15999984741211,152.14906311035156,281.8599853515625,233.15818786621094,49.985015869140625,116.92724609375,159.38999938964844,84.72830200195312
2024-08-26,78.3499984741211,149.4796600341797,59.37321472167969,40.130001068115234,66.46749877929688,209.99000549316406,156.08999633789062,55.15999984741211,135.44000244140625,164.8886260986328,16.049999237060547,34.0175895690918,271.6600036621094,96.13999938964844,47.279998779296875,126.25189971923828,45.900001525878906,173.55999755859375,163.3189239501953,81.91000366210938,43.939998626708984,151.1687774658203,280.4800109863281,231.18968200683594,50.03144454956055,117.57319641113281,160.3800048828125,83.84911346435547
2024-08-27,78.13999938964844,152.76846313476562,59.92530059814453,39.79999923706055,67.4574966430664,207.3699951171875,151.27999877929688,55.38999938964844,139.07493591308594,163.41993713378906,14.84000015258789,34.24354934692383,271.17999267578125,96.58999633789062,47.59000015258789,128.08889770507812,47.91999816894531,175.09500122070312,162.6970672607422,81.73999786376953,44.15999984741211,150.3061065673828,279.6300048828125,228.21311950683594,49.72501754760742,117.50469207763672,160.77999877929688,83.56263732910156
2024-08-28,79.05999755859375,153.42930603027344,59.51850509643555,38.09000015258789,66.05000305175781,202.82000732421875,153.32000732421875,55.22999954223633,138.0081787109375,161.60394287109375,14.640000343322754,34.10232162475586,258.8299865722656,96.94999694824219,47.04999923706055,125.40330505371094,46.369998931884766,175.22000122070312,161.41629028320312,81.55999755859375,44.130001068115234,146.94374084472656,273.5299987792969,228.5840301513672,49.641441345214844,116.74129486083984,159.0,81.4980239868164
2024-08-29,80.8499984741211,153.13687133789062,59.5863037109375,37.630001068115234,67.9175033569336,207.5500030517578,150.07000732421875,55.5,139.18359375,160.5421142578125,14.729999542236328,34.05524826049805,259.010009765625,96.7300033569336,47.0,117.39649963378906,46.91999816894531,179.10499572753906,159.7178497314453,81.05999755859375,43.56999969482422,148.80628967285156,270.20001220703125,226.30169677734375,49.8178825378418,114.8719482421875,160.5,83.64167022705078
2024-08-30,81.93000030517578,153.86187744140625,59.50881576538086,38.029998779296875,69.31999969482422,212.57000732421875,149.7899932861328,55.09000015258789,137.38587951660156,162.1298828125,14.729999542236328,34.46952438354492,259.4700012207031,97.66999816894531,47.130001068115234,119.17359161376953,46.97999954223633,181.36000061035156,160.4510498046875,81.20999908447266,43.9900016784668,147.63975524902344,271.7200012207031,228.90736389160156,50.529422760009766,114.77407836914062,161.7100067138672,84.39244079589844
2024-09-03,78.20999908447266,150.10507202148438,59.54756164550781,36.63999938964844,66.6500015258789,206.36000061035156,140.22999572753906,54.7599983215332,135.06468200683594,156.1559295654297,14.5,34.97794723510742,258.0799865722656,95.33999633789062,48.29999923706055,107.8222885131836,46.06999969482422,177.53500366210938,164.7760467529297,79.7300033569336,42.91999816894531,148.6886444091797,280.07000732421875,234.67971801757812,53.272640228271484,115.03832244873047,155.89999389648438,74.82012176513672
2024-09-04,79.16000366210938,149.53160095214844,60.6226692199707,32.38999938964844,64.83000183105469,206.8000030517578,137.32000732421875,55.56999969482422,133.26698303222656,155.25289916992188,14.609999656677246,35.05326843261719,255.50999450683594,95.26000213623047,48.380001068115234,106.03522491455078,45.70000076293945,173.0749969482422,165.6855926513672,78.9800033569336,43.2599983215332,148.76707458496094,280.80999755859375,234.51806640625,52.195953369140625,115.01876068115234,158.0399932861328,75.74871063232422
2024-09-05,78.13999938964844,148.84954833984375,61.44594955444336,32.029998779296875,64.10749816894531,210.25999450683594,135.69000244140625,55.56999969482422,133.53366088867188,156.03684997558594,14.430000305175781,34.8084716796875,253.6999969482422,94.19999694824219,48.220001220703125,107.03358459472656,44.779998779296875,171.8699951171875,166.4095001220703,81.7300033569336,43.709999084472656,150.11988830566406,281.5299987792969,236.11566162109375,52.25212860107422,115.49832916259766,157.05999755859375,74.9090347290039
2024-09-06,76.45999908447266,147.2013397216797,60.864810943603516,31.959999084472656,61.59749984741211,208.25999450683594,122.5999984741211,53.189998626708984,130.6395721435547,149.7652130126953,13.649999618530273,34.704898834228516,253.83999633789062,92.77999877929688,48.650001525878906,102.66079711914062,44.439998626708984,167.91000366210938,165.84371948242188,81.55999755859375,43.63999938964844,147.56134033203125,284.3500061035156,236.8003692626953,52.21467208862305,113.15918731689453,156.61000061035156,72.80490112304688
2024-09-09,76.31999969482422,150.02357482910156,61.65903854370117,33.38999938964844,61.64500045776367,217.10000610351562,113.9800033569336,52.349998474121094,131.2322235107422,147.76792907714844,13.970000267028809,35.09092712402344,248.58999633789062,94.80000305175781,50.7400016784668,106.29480743408203,44.36000061035156,172.02499389648438,166.63861083984375,80.8499984741211,43.619998931884766,147.8162078857422,274.4200134277344,238.5882110595703,52.373836517333984,114.57833862304688,156.32000732421875,74.03972625732422
2024-09-10,76.33000183105469,151.283203125,62.15300369262695,32.5,61.935001373291016,217.11000061035156,110.45999908447266,52.58000183105469,129.49378967285156,147.71824645996094,14.529999732971191,35.025020599365234,247.17999267578125,96.05999755859375,50.33000183105469,107.92211151123047,45.2599983215332,173.7899932861328,166.2832489013672,80.97000122070312,44.900001525878906,148.17782592773438,270.2200012207031,237.25685119628906,51.25969696044922,115.32215881347656,154.85000610351562,75.156005859375
2024-09-11,77.11000061035156,150.99325561523438,62.32734680175781,33.08000183105469,63.38249969482422,223.17999267578125,114.08000183105469,51.91999816894531,128.2393341064453,150.20240783691406,15.270000457763672,34.8743782043457,255.1999969482422,97.33000183105469,49.650001525878906,116.71762084960938,46.41999816894531,170.88499450683594,164.38482666015625,81.29000091552734,44.9900016784668,148.511962890625,266.4599914550781,236.59115600585938,50.40770721435547,115.34173583984375,152.33999633789062,79.08765411376953
2024-09-12,77.37000274658203,152.6986846923828,62.81163024902344,32.939998626708984,64.2750015258789,228.9600067138672,114.66999816894531,51.7400016784668,130.6000518798828,153.71006774902344,15.819999694824219,34.883792877197266,260.1400146484375,97.2699966430664,49.90999984741211,118.95413208007812,49.04999923706055,172.5800018310547,165.75955200195312,82.30999755859375,45.40999984741211,150.03509521484375,269.7900085449219,239.3679962158203,50.847755432128906,115.70386505126953,153.61000061035156,79.49266052246094
2024-09-13,78.2300033569336,155.14022827148438,62.86006546020508,33.689998626708984,64.78250122070312,228.72999572753906,116.62999725341797,55.650001525878906,134.1065673828125,156.46250915527344,16.56999969482422,35.41105270385742,266.760009765625,98.8499984741211,50.83000183105469,118.91419219970703,48.630001068115234,173.4499969482422,165.86239624023438,82.38999938964844,45.869998931884766,152.56056213378906,269.3399963378906,240.1858367919922,51.43758010864258,117.260009765625,152.17999267578125,84.510986328125
2024-09-16,79.33999633789062,156.97108459472656,62.71477508544922,33.18000030517578,66.95249938964844,234.0,113.19000244140625,53.880001068115234,134.12631225585938,157.05870056152344,16.280000686645508,35.16625213623047,265.29998779296875,101.5199966430664,50.75,116.59780883789062,49.880001068115234,173.05499267578125,165.72213745117188,82.77999877929688,46.2400016784668,150.5166015625,271.8699951171875,241.2128448486328,51.96188735961914,117.06428527832031,152.4499969482422,88.3142318725586
2024-09-17,77.7699966430664,159.47341918945312,62.230491638183594,34.79999923706055,67.18000030517578,242.47999572753906,112.43000030517578,54.09000015258789,136.71421813964844,158.31072998046875,16.100000381469727,35.30747985839844,268.4100036621094,102.91999816894531,51.06999969482422,115.40966796875,49.25,168.96499633789062,165.40419006347656,81.62000274658203,45.7400016784668,147.7159881591797,276.3699951171875,240.46160888671875,52.50490951538086,115.33194732666016,152.7100067138672,90.04296112060547
2024-09-18,77.94000244140625,158.91598510742188,61.416893005371094,34.279998779296875,66.77999877929688,250.22999572753906,114.6500015258789,54.0,137.94891357421875,158.79762268066406,16.309999465942383,35.30747985839844,270.20001220703125,102.80000305175781,52.349998474121094,113.19313049316406,50.939998626708984,164.875,163.85182189941406,83.16999816894531,45.279998779296875,148.11888122558594,274.6199951171875,238.69281005859375,51.81208801269531,114.7544937133789,153.3300018310547,90.08248138427734
2024-09-19,77.44000244140625,158.49032592773438,61.79463577270508,34.06999969482422,69.34500122070312,264.0,114.58999633789062,54.06999969482422,140.7936248779297,161.1128692626953,16.920000076293945,35.30747985839844,270.760009765625,104.31999969482422,51.83000183105469,117.68611145019531,49.72999954223633,166.8000030517578,163.33746337890625,84.06999969482422,46.29999923706055,151.7646026611328,275.489990234375,236.26783752441406,51.79336166381836,115.7723617553711,153.66000366210938,91.61366271972656
2024-09-20,76.4000015258789,160.32470703125,61.14569854736328,33.16999816894531,74.9625015258789,268.3399963378906,112.91000366210938,53.90999984741211,142.27523803710938,162.55368041992188,16.299999237060547,35.26982116699219,262.6099853515625,103.63999938964844,51.18000030517578,115.81903076171875,49.95000076293945,170.05999755859375,160.0830535888672,84.33999633789062,46.029998779296875,151.63685607910156,269.6000061035156,235.92547607421875,51.016273498535156,115.42002868652344,148.77999877929688,106.82318878173828
2024-09-23,76.18000030517578,161.6293182373047,61.039154052734375,32.79999923706055,73.28500366210938,270.2699890136719,111.83000183105469,54.83000183105469,142.27523803710938,160.82469177246094,16.440000534057617,35.78766632080078,259.79998779296875,104.66000366210938,52.33000183105469,116.07862854003906,50.40999984741211,172.0850067138672,160.9527587890625,82.02999877929688,45.529998779296875,147.3818817138672,274.5799865722656,242.3255157470703,51.5499382019043,114.63704681396484,149.72999572753906,110.53644561767578
2024-09-24,76.61000061035156,164.80426025390625,62.15300369262695,31.6299991607666,72.13500213623047,269.7900085449219,111.41999816894531,55.02000045776367,146.10769653320312,161.2619171142578,17.270000457763672,35.61819076538086,263.54998779296875,107.43000030517578,52.45000076293945,120.68143463134766,50.56999969482422,171.75999450683594,158.9047088623047,83.5199966430664,47.11000061035156,149.6322021484375,276.3800048828125,240.0907440185547,51.128623962402344,115.14599609375,150.89999389648438,111.29891204833984
2024-09-25,75.69999694824219,164.73089599609375,61.165069580078125,31.020000457763672,71.61750030517578,287.5400085449219,109.58999633789062,54.619998931884766,143.70748901367188,160.46701049804688,17.260000228881836,35.382808685302734,259.739990234375,106.94999694824219,51.66999816894531,123.31731414794922,50.20000076293945,170.2550048828125,158.41842651367188,82.25,47.63999938964844,150.42816162109375,270.7900085449219,239.54867553710938,51.119258880615234,115.61576080322266,150.77000427246094,117.91345977783203
2024-09-26,75.66000366210938,168.40919494628906,63.4605712890625,31.31999969482422,70.37000274658203,277.9599914550781,111.37000274658203,55.75,146.6608428955078,161.69911193847656,17.709999084472656,35.33572769165039,268.82000732421875,108.1500015258789,52.0099983215332,123.84648132324219,51.56999969482422,169.36500549316406,158.68963623046875,82.7300033569336,44.869998931884766,150.17266845703125,276.8999938964844,242.54421997070312,51.81208801269531,115.56683349609375,151.69000244140625,113.04167175292969
2024-09-27,63.279998779296875,167.58706665039062,63.91579818725586,32.529998779296875,71.46499633789062,278.0299987792969,112.55999755859375,57.13999938964844,147.2633514404297,162.91139221191406,17.770000457763672,35.44940948486328,280.010009765625,108.73999786376953,52.459999084472656,121.21060180664062,51.130001068115234,167.875,158.9795379638672,80.4800033569336,44.18000030517578,148.9344940185547,283.5,245.72998046875,53.20710372924805,114.99917602539062,153.0500030517578,116.56678771972656
2024-09-30,63.40999984741211,166.16766357421875,64.20637512207031,31.360000610351562,70.11750030517578,282.0199890136719,109.02999877929688,55.529998779296875,146.2064971923828,164.7993621826172,18.420000076293945,35.506256103515625,271.3500061035156,109.48999786376953,52.16999816894531,121.25054168701172,50.150001525878906,170.89999389648438,159.0262908935547,81.22000122070312,44.2599983215332,147.90267944335938,289.1400146484375,245.05477905273438,53.85310745239258,115.03832244873047,153.7100067138672,117.37875366210938
2024-10-01,62.40999984741211,161.78359985351562,64.45820617675781,31.200000762939453,68.7874984741211,280.6600036621094,105.97000122070312,52.29999923706055,144.6754608154297,165.93212890625,19.309999465942383,35.23152542114258,266.45001220703125,110.61000061035156,51.59000015258789,116.81745910644531,49.349998474121094,164.64500427246094,160.27008056640625,81.8499984741211,43.529998779296875,145.6228790283203,288.1000061035156,245.0452423095703,53.69395065307617,114.1574935913086,150.47999572753906,121.34947967529297
2024-10-02,58.79999923706055,162.73117065429688,64.19668579101562,30.450000762939453,70.05999755859375,285.4200134277344,105.62000274658203,51.84000015258789,145.9496612548828,164.80929565429688,18.950000762939453,35.07048034667969,260.5299987792969,111.52999877929688,50.939998626708984,118.66458129882812,49.209999084472656,166.06500244140625,158.5587158203125,82.54000091552734,43.38999938964844,145.17083740234375,285.32000732421875,243.13380432128906,52.738975524902344,113.97154235839844,151.3699951171875,124.1418685913086
2024-10-03,56.709999084472656,161.9070587158203,64.18699645996094,29.739999771118164,70.9375,283.6600036621094,105.18000030517578,51.099998474121094,145.0409393310547,164.80929565429688,17.1299991607666,34.71048355102539,262.55999755859375,109.05999755859375,50.310001373291016,122.65834045410156,49.66999816894531,167.97000122070312,157.60482788085938,82.77999877929688,42.18000030517578,144.23728942871094,281.67999267578125,231.7031707763672,51.98997497558594,112.61111450195312,147.66000366210938,131.15249633789062
2024-10-04,55.79999923706055,165.2042999267578,64.31291961669922,30.25,73.05999755859375,283.489990234375,105.88999938964844,52.79999923706055,148.87338256835938,166.00167846679688,17.65999984741211,34.47365188598633,270.3800048828125,110.87000274658203,50.95000076293945,124.72510528564453,51.709999084472656,171.17999267578125,157.08114624023438,83.37000274658203,41.9900016784668,143.05809020996094,280.4200134277344,234.57510375976562,52.49554443359375,112.24898529052734,151.69000244140625,137.05410766601562
2024-10-07,54.959999084472656,164.49891662597656,62.97628402709961,28.81999969482422,71.74250030517578,279.75,101.51000213623047,51.189998626708984,149.14996337890625,161.94752502441406,19.440000534057617,34.24629211425781,272.4800109863281,110.81999969482422,49.2400016784668,127.52074432373047,50.400001525878906,168.97000122070312,156.37042236328125,81.19999694824219,41.38999938964844,137.6926727294922,271.3299865722656,231.1516571044922,51.531211853027344,109.74346923828125,152.2100067138672,129.98403930664062
2024-10-08,55.2599983215332,166.99847412109375,62.211124420166016,28.739999771118164,73.25250244140625,284.95001220703125,104.01000213623047,50.83000183105469,150.0883331298828,163.3386993408203,18.75,34.29365921020508,276.5899963378906,111.58999633789062,49.4900016784668,132.6826629638672,51.75,177.56500244140625,159.37229919433594,80.55999755859375,40.5099983215332,139.3632354736328,271.70001220703125,229.3067626953125,50.529422760009766,111.0353775024414,152.94000244140625,126.70647430419922
2024-10-09,54.349998474121094,169.3188934326172,62.24985885620117,30.510000228881836,74.58499908447266,291.9700012207031,105.41000366210938,50.7599983215332,150.9180450439453,160.8346405029297,18.729999542236328,34.31260299682617,274.1199951171875,112.55999755859375,49.77000045776367,132.4430389404297,50.95000076293945,181.43499755859375,161.3548583984375,80.44999694824219,41.7400016784668,139.92335510253906,270.19000244140625,228.6315460205078,50.847755432128906,111.5541000366211,153.86000061035156,122.96350860595703
2024-10-10,55.470001220703125,169.16978454589844,62.056148529052734,34.90999984741211,78.7300033569336,290.2799987792969,107.45999908447266,49.650001525878906,149.01168823242188,161.05323791503906,17.850000381469727,34.58732986450195,273.5799865722656,112.69000244140625,50.77000045776367,134.5996856689453,49.95000076293945,184.6999969482422,161.77572631835938,80.44000244140625,41.400001525878906,138.58689880371094,277.9599914550781,227.85179138183594,50.922645568847656,110.19367980957031,153.49000549316406,122.89419555664062
2024-10-11,54.81999969482422,169.03213500976562,62.81163024902344,32.79999923706055,80.05249786376953,289.75,109.72000122070312,49.689998626708984,148.65609741210938,162.20590209960938,18.690000534057617,34.46417236328125,278.25,114.80999755859375,51.310001373291016,134.58970642089844,50.0,186.60000610351562,163.4777374267578,80.91000366210938,41.599998474121094,140.87655639648438,273.739990234375,229.2401885986328,50.97882843017578,111.30941772460938,155.08999633789062,124.06263732910156
2024-10-14,56.93000030517578,169.54457092285156,63.363712310791016,34.81999969482422,77.62999725341797,288.260009765625,115.43000030517578,49.61000061035156,148.5672149658203,163.9149932861328,20.5,34.7199592590332,286.760009765625,115.83999633789062,51.68000030517578,137.8546142578125,49.61000061035156,186.9550018310547,164.6841278076172,82.33000183105469,40.790000915527344,140.83724975585938,275.42999267578125,233.66220092773438,51.35332107543945,112.78728485107422,155.42999267578125,130.96437072753906
2024-10-15,56.959999084472656,169.94105529785156,63.37340545654297,34.15999984741211,75.57749938964844,290.5899963378906,109.94000244140625,51.310001373291016,149.34750366210938,164.411865234375,22.799999237060547,34.975738525390625,287.4800109863281,115.3499984741211,52.619998931884766,131.3946990966797,49.38999938964844,187.22000122070312,164.49703979492188,82.7699966430664,40.7599983215332,143.7164764404297,277.239990234375,232.1026153564453,51.016273498535156,114.27494049072266,156.0500030517578,127.03324127197266
2024-10-16,57.38999938964844,171.10479736328125,63.24748992919922,33.779998779296875,76.55999755859375,286.5,107.08000183105469,52.529998779296875,148.99192810058594,164.11373901367188,22.360000610351562,34.71048355102539,294.2099914550781,114.41000366210938,53.58000183105469,135.5082550048828,49.130001068115234,186.61500549316406,163.1691131591797,80.05999755859375,41.38999938964844,145.219970703125,287.5199890136719,231.64613342285156,52.52363586425781,114.90130615234375,154.91000366210938,134.36074829101562
2024-10-17,59.31999969482422,172.42636108398438,63.41214370727539,32.18000030517578,77.58499908447266,287.6499938964844,107.94000244140625,50.75,156.07408142089844,161.89784240722656,21.559999465942383,34.57786178588867,283.7099914550781,115.20999908447266,53.439998626708984,136.71636962890625,48.15999984741211,188.0749969482422,163.34678649902344,78.75,39.86000061035156,146.60556030273438,293.8999938964844,228.2701873779297,52.47682189941406,114.9796142578125,154.7899932861328,126.02323913574219
2024-10-18,52.029998779296875,171.6393585205078,63.96422576904297,33.849998474121094,77.5374984741211,286.1199951171875,108.19999694824219,51.560001373291016,157.65447998046875,162.384765625,22.149999618530273,34.994686126708984,291.6300048828125,114.94000244140625,54.04999923706055,137.78469848632812,48.33000183105469,187.4149932861328,163.71151733398438,80.48999786376953,39.93000030517578,147.30325317382812,298.80999755859375,229.67764282226562,52.43001174926758,115.20469665527344,155.27000427246094,129.8751220703125
2024-10-21,53.15999984741211,172.1482391357422,63.01503372192383,32.459999084472656,77.38749694824219,288.05999755859375,112.51000213623047,51.77000045776367,161.1708526611328,163.0306396484375,23.049999237060547,34.9852180480957,297.739990234375,114.95999908447266,53.77000045776367,143.48580932617188,48.310001373291016,189.2050018310547,163.66476440429688,79.16000366210938,40.310001373291016,144.7384796142578,294.7799987792969,227.4808807373047,52.16786193847656,113.19834899902344,156.8800048828125,129.102783203125
2024-10-22,51.65999984741211,172.70294189453125,62.617919921875,32.02000045776367,77.12750244140625,281.29998779296875,106.62999725341797,49.33000183105469,159.21511840820312,164.09385681152344,23.59000015258789,34.975738525390625,298.8800048828125,115.68000030517578,53.599998474121094,143.36598205566406,48.65999984741211,188.0500030517578,163.06625366210938,80.05999755859375,41.290000915527344,143.22515869140625,295.6099853515625,229.76324462890625,52.30830001831055,112.73835754394531,160.02000427246094,123.8150863647461
2024-10-23,50.7599983215332,170.14773559570312,62.540435791015625,30.459999084472656,74.82499694824219,279.92999267578125,105.56999969482422,49.63999938964844,156.41978454589844,161.74879455566406,21.3799991607666,34.767330169677734,293.1400146484375,114.7300033569336,53.560001373291016,139.34226989746094,47.380001068115234,179.09500122070312,161.73831176757812,79.80999755859375,41.15999984741211,142.72398376464844,301.510009765625,229.58255004882812,52.46746063232422,111.78899383544922,161.00999450683594,124.87460327148438
2024-10-24,51.220001220703125,171.1623992919922,62.57917785644531,31.700000762939453,76.11750030517578,281.3999938964844,107.19999694824219,48.630001068115234,158.4841766357422,161.68919372558594,21.520000457763672,33.10000228881836,298.989990234375,116.44999694824219,53.439998626708984,140.19094848632812,47.59000015258789,182.2899932861328,160.99952697753906,79.01000213623047,41.779998779296875,141.87889099121094,301.8800048828125,228.90736389160156,52.52363586425781,111.7694320678711,161.25999450683594,124.34978485107422
2024-10-25,50.88999938964844,171.52099609375,61.89149475097656,31.65999984741211,75.15499877929688,291.6099853515625,110.37999725341797,48.63999938964844,156.4494171142578,164.22305297851562,21.729999542236328,32.75897216796875,304.1499938964844,116.31999969482422,53.369998931884766,141.31918334960938,50.650001525878906,183.22000122070312,160.6535186767578,81.7300033569336,42.13999938964844,141.72164916992188,295.9599914550781,227.642578125,52.21467208862305,111.39751434326172,161.7899932861328,122.8149642944336
2024-10-28,51.4900016784668,171.51190185546875,62.366092681884766,31.399999618530273,75.33000183105469,290.239990234375,110.05999755859375,48.77000045776367,156.064208984375,165.6638641357422,23.079999923706055,32.07688522338867,307.5400085449219,118.43000030517578,53.099998474121094,140.30078125,50.61000061035156,181.1750030517578,158.8299102783203,81.25,42.29999923706055,140.6800079345703,304.3299865722656,225.86424255371094,52.43937301635742,111.74005126953125,160.75,126.52823638916016
2024-10-29,51.599998474121094,174.66595458984375,61.949607849121094,31.030000686645508,77.73500061035156,294.80999755859375,113.2699966430664,47.47999954223633,156.91366577148438,168.6051025390625,22.239999771118164,31.14849281311035,304.82000732421875,118.80999755859375,52.47999954223633,141.02963256835938,49.90999984741211,182.69500732421875,156.64161682128906,80.13999938964844,42.61000061035156,136.6018829345703,298.7799987792969,224.49485778808594,52.22404098510742,111.68132781982422,162.27999877929688,125.41921997070312
2024-10-30,52.08000183105469,176.10154724121094,60.93260955810547,30.690000534057617,76.86250305175781,299.9700012207031,109.22000122070312,47.9900016784668,159.1756134033203,173.35482788085938,19.040000915527344,31.252704620361328,303.8500061035156,117.19999694824219,52.599998474121094,139.12261962890625,48.810001373291016,179.7550048828125,155.43524169921875,78.5,43.13999938964844,137.17185974121094,299.4700012207031,223.92428588867188,51.94315719604492,110.54602813720703,162.88999938964844,122.89419555664062
2024-10-31,42.689998626708984,184.47752380371094,57.50387954711914,30.079999923706055,74.21749877929688,292.9700012207031,105.25,51.439998626708984,154.39491271972656,170.02603149414062,18.829999923706055,31.214807510375977,297.8999938964844,117.13999938964844,52.68000030517578,132.5529022216797,47.41999816894531,180.1649932861328,155.31365966796875,78.5199966430664,51.720001220703125,137.2996063232422,291.07000732421875,220.94775390625,50.99755096435547,110.62432861328125,161.72000122070312,123.7358627319336
2024-11-01,42.02000045776367,187.3518524169922,57.43608093261719,31.479999542236328,75.78250122070312,293.67999267578125,103.12000274658203,52.77000045776367,157.44703674316406,170.2048797607422,20.360000610351562,31.091651916503906,321.1700134277344,117.1500015258789,52.29999923706055,135.18875122070312,46.5,181.32000732421875,154.85543823242188,78.97000122070312,51.439998626708984,137.63369750976562,294.94000244140625,221.356689453125,51.4937629699707,109.99794006347656,163.77999877929688,118.3392562866211
2024-11-04,42.33000183105469,188.43077087402344,56.70965576171875,31.06999969482422,74.72000122070312,290.6499938964844,103.88999938964844,52.27000045776367,159.13609313964844,168.1678924560547,20.760000228881836,30.959022521972656,318.1300048828125,117.20999908447266,54.060001373291016,135.83775329589844,46.29999923706055,180.55999755859375,155.55679321289062,78.91000366210938,50.0,138.22332763671875,296.6499938964844,227.98492431640625,52.15850067138672,110.29156494140625,162.92999267578125,114.6061782836914
2024-11-05,42.5099983215332,193.89540100097656,56.980857849121094,31.729999542236328,76.8949966430664,303.0,107.12999725341797,52.72999954223633,162.85000610351562,168.6647186279297,20.639999389648438,30.892709732055664,319.2300109863281,117.62000274658203,54.11000061035156,139.69174194335938,47.880001068115234,183.14500427246094,156.9689178466797,79.7699966430664,51.18000030517578,139.8545684814453,300.07000732421875,226.4760284423828,52.411285400390625,111.32898712158203,164.02999877929688,120.70584106445312
2024-11-06,42.4900016784668,197.29637145996094,55.46989059448242,30.040000915527344,80.0,318.8500061035156,104.16000366210938,53.08000183105469,169.7445068359375,175.39181518554688,23.420000076293945,31.243223190307617,313.1400146484375,125.98999786376953,54.439998626708984,145.38284301757812,47.56999969482422,192.58999633789062,154.032470703125,84.6500015258789,52.900001525878906,136.18917846679688,300.0799865722656,219.2467498779297,52.91686248779297,113.16897583007812,166.6199951171875,124.85479736328125
2024-11-07,42.08000183105469,194.12774658203125,56.00259780883789,30.010000228881836,82.69499969482422,315.82000732421875,116.06999969482422,53.40999984741211,171.99659729003906,179.60496520996094,23.6200008392334,31.186384201049805,315.29998779296875,124.5999984741211,54.72999954223633,148.6477508544922,50.380001068115234,193.5,153.36851501464844,94.16999816894531,53.11000061035156,139.5793914794922,307.2200012207031,222.7802276611328,53.11347198486328,114.3630142211914,179.1699981689453,134.40036010742188
2024-11-08,40.81999969482422,195.0114288330078,55.47957229614258,28.899999618530273,82.50749969482422,326.8900146484375,120.19999694824219,53.310001373291016,178.54534912109375,177.22019958496094,23.40999984741211,31.14849281311035,308.5299987792969,123.0,54.13999938964844,147.39967346191406,51.4900016784668,195.6999969482422,154.40655517578125,95.30999755859375,52.400001525878906,140.9158477783203,308.3500061035156,223.83070373535156,55.763065338134766,115.32215881347656,177.89999389648438,140.50990295410156
2024-11-11,41.439998626708984,199.82945251464844,55.27617645263672,27.389999389648438,85.6050033569336,318.2300109863281,134.14999389648438,54.0,182.06175231933594,179.20748901367188,27.8799991607666,31.451641082763672,318.4599914550781,123.80000305175781,55.7400016784668,145.0333709716797,52.709999084472656,199.0500030517578,153.6116485595703,95.19999694824219,54.560001373291016,139.89389038085938,313.2699890136719,225.5688018798828,56.64313507080078,115.5472640991211,179.38999938964844,144.37171936035156
2024-11-12,40.11000061035156,198.15362548828125,54.23980712890625,26.959999084472656,85.875,314.3299865722656,131.3300018310547,54.0,179.77015686035156,180.46945190429688,26.690000534057617,31.58426856994629,320.8999938964844,129.6699981689453,56.02000045776367,148.05862426757812,52.619998931884766,199.00999450683594,153.68646240234375,94.69000244140625,54.380001068115234,137.87936401367188,317.3900146484375,227.56471252441406,57.94452667236328,117.29916381835938,180.5500030517578,140.7673797607422
2024-11-13,39.83000183105469,196.75393676757812,54.04609298706055,27.040000915527344,86.97000122070312,323.42999267578125,122.95999908447266,53.43000030517578,178.12062072753906,177.746826171875,27.600000381469727,31.79268455505371,328.29998779296875,127.0199966430664,56.380001068115234,146.04180908203125,52.709999084472656,201.17999267578125,154.060546875,96.83000183105469,53.13999938964844,138.02679443359375,323.55999755859375,229.8758087158203,59.80766296386719,118.55191802978516,181.8699951171875,140.72775268554688
2024-11-14,39.36000061035156,196.1046142578125,54.57880401611328,26.93000030517578,86.08999633789062,322.57000732421875,123.11000061035156,51.040000915527344,180.02696228027344,174.4677276611328,20.850000381469727,31.622163772583008,330.260009765625,129.19000244140625,55.959999084472656,146.53103637695312,53.349998474121094,197.19500732421875,154.44395446777344,96.20999908447266,52.72999954223633,139.8643798828125,320.82000732421875,231.10775756835938,58.73097610473633,117.72235107421875,181.47999572753906,137.10362243652344
2024-11-15,37.81999969482422,196.2706756591797,54.48194885253906,25.65999984741211,84.1875,307.32000732421875,121.33000183105469,49.630001068115234,179.12815856933594,171.39730834960938,19.31999969482422,29.992738723754883,320.010009765625,129.0,52.0,141.75848388671875,51.91999816894531,193.5,148.33726501464844,95.2699966430664,50.72999954223633,138.25279235839844,318.1700134277344,226.81982421875,58.44073486328125,117.78125,177.6199951171875,140.75746154785156
2024-11-18,37.130001068115234,197.95083618164062,54.724090576171875,25.790000915527344,85.74250030517578,306.9200134277344,122.66000366210938,50.560001373291016,178.1897430419922,174.1894989013672,20.989999771118164,29.59485626220703,309.5299987792969,132.60000610351562,53.27000045776367,139.93133544921875,51.4900016784668,193.4149932861328,148.06607055664062,97.02999877929688,51.029998779296875,138.85223388671875,310.69000244140625,227.34507751464844,57.92579650878906,117.4867172241211,182.92999267578125,145.19361877441406
2024-11-19,37.09000015258789,196.34169006347656,54.29792404174805,27.290000915527344,88.32250213623047,322.07000732421875,121.70999908447266,50.40999984741211,174.89068603515625,176.9916229248047,23.530000686645508,29.8601131439209,301.8500061035156,134.44000244140625,53.72999954223633,146.7806396484375,53.400001525878906,194.02999877929688,146.56044006347656,97.87000274658203,52.2400016784668,136.8475799560547,311.79998779296875,229.61795043945312,56.92401885986328,117.37872314453125,186.00999450683594,153.34295654296875
2024-11-20,39.099998474121094,197.8975830078125,53.4649543762207,27.709999084472656,87.5374984741211,331.1400146484375,119.0,50.86000061035156,176.90570068359375,174.86520385742188,21.790000915527344,30.35272979736328,308.30999755859375,136.50999450683594,53.70000076293945,145.66238403320312,53.7400016784668,196.44500732421875,148.4495086669922,98.27999877929688,51.52000045776367,136.9065399169922,309.07000732421875,228.95899963378906,56.53078842163086,117.5554428100586,185.5,153.115234375
2024-11-21,38.59000015258789,205.57020568847656,52.97098159790039,29.049999237060547,89.38749694824219,341.6000061035156,122.47000122070312,51.9900016784668,181.26165771484375,166.568115234375,24.149999618530273,30.542200088500977,315.1400146484375,138.57000732421875,53.97999954223633,146.44119262695312,56.189998626708984,198.85000610351562,149.94573974609375,100.0199966430664,49.349998474121094,140.4834747314453,307.17999267578125,229.92355346679688,56.61505126953125,117.58489227294922,186.5800018310547,164.9778594970703
2024-11-22,38.22999954223633,204.2379608154297,53.00972366333008,29.309999465942383,93.06500244140625,351.9700012207031,126.41999816894531,52.29999923706055,182.65438842773438,163.7162628173828,25.329999923706055,30.94007682800293,317.1099853515625,140.2899932861328,54.060001373291016,141.72854614257812,58.130001068115234,191.67999267578125,151.49813842773438,101.52999877929688,49.380001068115234,143.55926513671875,312.79998779296875,228.87306213378906,56.512062072753906,119.25387573242188,188.14999389648438,160.3338165283203
2024-11-25,39.9900016784668,201.5427703857422,53.30998229980469,29.75,90.91999816894531,348.0,129.92999267578125,55.68000030517578,181.82467651367188,166.5879364013672,31.350000381469727,31.120071411132812,326.7200012207031,140.5399932861328,54.97999954223633,135.8077850341797,58.470001220703125,193.19000244140625,152.48008728027344,100.94999694824219,49.15999984741211,150.63453674316406,315.30999755859375,230.79258728027344,56.80229568481445,122.5133056640625,187.6199951171875,152.63002014160156
2024-11-26,41.029998779296875,205.72010803222656,52.23487091064453,27.600000381469727,91.07499694824219,353.5299987792969,124.29000091552734,54.779998779296875,183.9977264404297,168.0486297607422,30.68000030517578,30.930604934692383,318.8399963378906,138.8699951171875,54.83000183105469,136.70639038085938,57.97999954223633,198.1999969482422,151.64779663085938,101.56999969482422,49.060001373291016,151.7056427001953,312.30999755859375,223.0858154296875,57.49512481689453,123.8975830078125,187.85000610351562,161.06655883789062
2024-11-27,41.279998779296875,206.0526580810547,52.38016128540039,28.3700008392334,86.89749908447266,347.6400146484375,127.1500015258789,54.310001373291016,182.65438842773438,168.15794372558594,30.34000015258789,30.864295959472656,319.5199890136719,139.72999572753906,55.13999938964844,135.12884521484375,57.900001525878906,192.18499755859375,152.17147827148438,101.0199966430664,49.369998931884766,152.20680236816406,313.67999267578125,225.34912109375,57.34532928466797,124.0546646118164,185.55999755859375,153.00628662109375
2024-11-29,40.630001068115234,205.21751403808594,52.10895538330078,28.450000762939453,86.49250030517578,348.2699890136719,129.52000427246094,54.86000061035156,182.35806274414062,167.8797149658203,32.220001220703125,30.930604934692383,320.6600036621094,138.25,55.130001068115234,138.03431701660156,58.33000183105469,193.91000366210938,152.85415649414062,99.55000305175781,50.130001068115234,152.18716430664062,316.239990234375,230.10498046875,58.10369110107422,123.39689636230469,188.3800048828125,158.27418518066406
2024-12-02,42.52000045776367,206.09727478027344,52.43826675415039,28.639999389648438,86.69999694824219,346.5199890136719,130.7100067138672,55.459999084472656,182.74327087402344,170.40362548828125,30.850000381469727,30.826400756835938,334.3999938964844,137.75999450683594,54.97999954223633,138.41372680664062,58.529998779296875,195.0850067138672,152.48008728027344,99.58000183105469,52.15999984741211,153.65133666992188,314.9200134277344,227.05856323242188,57.869625091552734,123.88777160644531,187.9499969482422,152.60031127929688
2024-12-03,42.25,205.70668029785156,52.176753997802734,29.06999969482422,87.48750305175781,360.9800109863281,127.41000366210938,57.22999954223633,181.439453125,170.2545623779297,32.209999084472656,30.674823760986328,340.6600036621094,137.35000610351562,54.189998626708984,140.0411834716797,59.540000915527344,196.2949981689453,151.21759033203125,99.38999938964844,53.529998779296875,151.0570831298828,313.0199890136719,226.3900909423828,57.560665130615234,122.47403717041016,188.05999755859375,152.6498260498047
2024-12-04,42.15999984741211,206.84205627441406,51.498756408691406,28.969999313354492,91.04000091552734,364.6499938964844,136.39999389648438,59.060001373291016,185.9929656982422,173.265380859375,33.91999816894531,30.902185440063477,342.2699890136719,136.72999572753906,53.75,144.91357421875,59.0,202.2899932861328,149.79612731933594,99.45999908447266,54.540000915527344,151.8039093017578,315.1499938964844,227.5742645263672,57.822818756103516,123.21035766601562,188.1999969482422,159.72975158691406
2024-12-05,41.5,208.60862731933594,51.460018157958984,27.889999389648438,91.20999908447266,373.0299987792969,131.22999572753906,57.209999084472656,188.66976928710938,171.54632568359375,31.600000381469727,31.243223190307617,344.80999755859375,134.6699981689453,53.099998474121094,144.8436737060547,59.369998931884766,201.51499938964844,150.08604431152344,100.37000274658203,58.939998626708984,153.89700317382812,316.0899963378906,228.7202606201172,57.48576354980469,123.62268829345703,190.02999877929688,159.3040008544922
2024-12-06,41.119998931884766,209.44436645507812,51.24693298339844,28.170000076293945,91.4124984741211,368.5,139.60000610351562,57.29999923706055,188.38331604003906,173.60324096679688,34.22999954223633,30.996919631958008,399.6000061035156,136.75999450683594,52.27000045776367,142.22760009765625,57.63999938964844,202.9499969482422,148.8175048828125,99.87000274658203,59.310001373291016,153.76925659179688,314.80999755859375,228.24276733398438,57.646080017089844,123.78958892822266,189.7100067138672,158.4127960205078
2024-12-09,40.79999923706055,203.48782348632812,51.39221954345703,30.559999465942383,88.4000015258789,360.6099853515625,140.4600067138672,58.75,187.19802856445312,174.45877075195312,32.630001068115234,31.830575942993164,404.7900085449219,133.99000549316406,53.209999084472656,138.6029815673828,55.02000045776367,194.47000122070312,150.40199279785156,98.66999816894531,56.93000030517578,153.533447265625,322.4700012207031,233.31375122070312,58.06100082397461,123.60305786132812,187.89999389648438,146.8571319580078
2024-12-10,39.869998931884766,204.8997039794922,51.29536056518555,30.610000610351562,86.6937484741211,361.82501220703125,137.60000610351562,58.7599983215332,186.1016082763672,184.2078399658203,30.8700008392334,31.754791259765625,397.1000061035156,134.36000061035156,53.0099983215332,134.8685760498047,55.18000030517578,194.8800048828125,150.7509307861328,100.16999816894531,56.2599983215332,153.43296813964844,316.5,231.68072509765625,58.07986068725586,124.87934112548828,185.36000061035156,140.13363647460938
2024-12-11,39.84000015258789,209.15432739257812,50.73359298706055,29.760000228881836,90.74250030517578,344.3500061035156,138.47000122070312,58.9900016784668,187.9585723876953,194.3846893310547,30.190000534057617,31.508480072021484,399.75,134.67999267578125,52.099998474121094,139.1022491455078,58.20000076293945,199.2100067138672,147.85552978515625,102.01000213623047,59.88999938964844,151.5319061279297,315.07000732421875,229.09271240234375,57.891258239746094,124.4964599609375,190.4600067138672,144.56976318359375
2024-12-12,40.34000015258789,208.2032012939453,51.81838607788086,31.989999771118164,91.375,339.5199890136719,131.50999450683594,58.58000183105469,182.2987823486328,190.96255493164062,30.09000015258789,32.02952194213867,389.3299865722656,135.83999633789062,52.91999816894531,137.13519287109375,57.599998474121094,200.10499572753906,149.8643798828125,100.26000213623047,59.61000061035156,151.57131958007812,319.1000061035156,228.67250061035156,57.46690368652344,124.11357116699219,189.63999938964844,143.6587677001953
2024-12-13,40.65999984741211,206.5704345703125,51.750587463378906,31.790000915527344,92.00499725341797,338.07000732421875,140.6300048828125,58.97999954223633,180.75790405273438,188.8336944580078,30.020000457763672,31.783206939697266,391.6300048828125,135.9499969482422,52.7599983215332,134.04978942871094,57.29999923706055,196.55999755859375,148.98727416992188,100.33999633789062,59.599998474121094,151.2265625,315.010009765625,228.87306213378906,57.58949279785156,122.57222747802734,185.47999572753906,143.47061157226562
2024-12-16,40.47999954223633,203.5878143310547,50.87887191772461,30.940000534057617,97.05000305175781,348.7200012207031,140.27000427246094,61.61000061035156,180.35293579101562,195.63815307617188,31.25,31.375850677490234,389.739990234375,137.8300018310547,52.25,131.80313110351562,57.880001068115234,202.5,147.14817810058594,99.0199966430664,61.45000076293945,147.6707305908203,307.5,222.4364013671875,56.20327377319336,121.46283721923828,187.17999267578125,143.90631103515625
2024-12-17,39.63999938964844,203.6996307373047,50.142765045166016,29.239999771118164,94.1050033569336,354.0400085449219,134.88999938964844,60.970001220703125,178.4268035888672,194.40457153320312,31.1200008392334,31.300071716308594,390.5899963378906,137.86000061035156,51.95000076293945,130.19554138183594,56.63999938964844,201.24000549316406,147.2613525390625,101.83000183105469,61.25,148.5867919921875,307.79998779296875,222.59877014160156,55.87322235107422,120.81487274169922,185.92999267578125,138.4007568359375
2024-12-18,39.04999923706055,195.33782958984375,48.534942626953125,27.09000015258789,87.29499816894531,332.80999755859375,127.19999694824219,56.63999938964844,174.07086181640625,187.42105102539062,28.549999237060547,30.816923141479492,372.07000732421875,132.58999633789062,51.540000915527344,128.71775817871094,54.7599983215332,188.75999450683594,145.64857482910156,97.44999694824219,58.79999923706055,146.3705291748047,302.989990234375,218.03392028808594,54.9962272644043,119.028076171875,181.89999389648438,131.58816528320312
2024-12-19,38.59000015258789,196.80184936523438,48.5252571105957,27.940000534057617,87.75749969482422,335.2200012207031,129.08999633789062,57.13999938964844,177.21189880371094,187.53050231933594,26.360000610351562,30.693767547607422,373.5400085449219,132.19000244140625,50.900001525878906,130.48509216308594,55.13999938964844,189.36000061035156,142.8568878173828,99.18000030517578,58.90999984741211,145.57266235351562,308.5899963378906,216.8306121826172,55.30741500854492,118.98881530761719,181.3800048828125,135.85597229003906
2024-12-20,37.900001525878906,199.4964141845703,48.631797790527344,27.010000228881836,90.57250213623047,342.1199951171875,128.66000366210938,56.810001373291016,182.48646545410156,190.41543579101562,26.200000762939453,30.665348052978516,379.4200134277344,133.27999877929688,51.720001220703125,134.49911499023438,57.13999938964844,186.77999877929688,144.10182189941406,99.26000213623047,60.11000061035156,146.91224670410156,302.7699890136719,217.384521484375,55.958091735839844,119.77420806884766,181.97000122070312,138.80361938476562
2024-12-23,37.5,200.070556640625,48.9514274597168,26.75,90.375,337.7300109863281,128.9499969482422,55.439998626708984,186.52635192871094,193.61868286132812,27.600000381469727,30.551668167114258,383.489990234375,132.5,51.86000061035156,139.46168518066406,56.650001525878906,188.22000122070312,142.6871337890625,100.19999694824219,59.27000045776367,146.44931030273438,295.3399963378906,216.1716766357422,55.231971740722656,119.54840850830078,183.22000122070312,139.63673400878906
2024-12-24,37.66999816894531,202.4343719482422,48.80613708496094,27.360000610351562,91.44750213623047,340.3900146484375,131.91000366210938,55.130001068115234,187.35606384277344,195.09100341796875,28.149999618530273,30.74114227294922,385.69000244140625,133.32000732421875,52.5099983215332,140.01087951660156,56.45000076293945,189.50999450683594,144.12069702148438,101.05999755859375,59.560001373291016,148.22230529785156,300.3299865722656,215.25489807128906,55.2602653503418,121.23702239990234,185.38999938964844,142.1856689453125
2024-12-26,38.06999969482422,201.37139892578125,48.78676986694336,27.68000030517578,91.2699966430664,341.8800048828125,130.89999389648438,53.84000015258789,187.7906494140625,194.5836639404297,28.489999771118164,30.608510971069336,385.82000732421875,133.35000610351562,52.66999816894531,139.72129821777344,56.38999938964844,188.5,143.77174377441406,100.48999786376953,59.93000030517578,151.5614776611328,302.2200012207031,214.17576599121094,54.9962272644043,122.72929382324219,187.16000366210938,142.92953491210938
2024-12-27,37.959999084472656,199.0538330078125,48.78676986694336,26.459999084472656,88.74749755859375,333.3399963378906,127.76000213623047,52.709999084472656,183.82981872558594,191.75839233398438,26.559999465942383,30.57061195373535,386.6700134277344,131.85000610351562,52.54999923706055,136.80567932128906,55.630001068115234,186.17999267578125,144.19615173339844,99.76000213623047,59.45000076293945,150.66513061523438,301.1099853515625,212.68597412109375,54.524715423583984,121.6788330078125,186.42999267578125,138.53582763671875
2024-12-30,38.58000183105469,197.215576171875,48.21531295776367,25.850000381469727,87.32749938964844,325.20001220703125,127.11000061035156,53.83000183105469,184.20516967773438,190.2462921142578,25.170000076293945,30.276941299438477,384.04998779296875,131.00999450683594,52.529998779296875,137.28494262695312,55.189998626708984,184.1999969482422,143.09268188476562,99.68000030517578,58.47999954223633,149.22702026367188,298.1499938964844,209.7732391357422,53.6382942199707,118.88081359863281,184.5399932861328,138.94247436523438
2024-12-31,39.650001525878906,196.3284454345703,48.49620056152344,26.34000015258789,85.54000091552734,324.2300109863281,125.55000305175781,52.88999938964844,184.047119140625,188.3163604736328,24.18000030517578,30.428516387939453,382.4100036621094,129.5,52.560001373291016,134.0897216796875,54.77000045776367,181.9600067138672,143.41334533691406,98.87000274658203,57.86000061035156,149.00047302246094,299.9800109863281,211.0529327392578,54.0532112121582,118.60591888427734,184.0800018310547,136.7406463623047
2025-01-02,40.77000045776367,194.62416076660156,48.360599517822266,27.200000762939453,86.83499908447266,325.8800048828125,122.98999786376953,53.11000061035156,183.0593719482422,188.44569396972656,25.200000762939453,30.087474822998047,372.30999755859375,129.22999572753906,52.310001373291016,138.10374450683594,55.369998931884766,180.74000549316406,141.66856384277344,99.58999633789062,58.84000015258789,150.31053161621094,301.260009765625,212.55227661132812,53.9400520324707,118.9397201538086,183.07000732421875,148.43408203125
2025-01-03,44.31999969482422,193.77699279785156,47.314544677734375,28.799999237060547,89.75499725341797,340.05999755859375,125.38999938964844,53.900001525878906,183.81005859375,190.79345703125,26.6299991607666,30.097017288208008,378.17999267578125,129.49000549316406,52.38999938964844,144.25454711914062,56.619998931884766,183.25,141.140380859375,100.23999786376953,60.470001220703125,151.93576049804688,289.7200012207031,211.93153381347656,52.120052337646484,118.52738189697266,188.75,161.03005981445312
2025-01-06,44.849998474121094,194.0116729736328,47.595428466796875,28.93000030517578,91.58999633789062,336.7200012207031,125.7300033569336,56.61000061035156,182.72354125976562,195.8470458984375,26.899999618530273,29.65806007385254,395.30999755859375,129.27000427246094,51.869998931884766,149.2071533203125,54.619998931884766,179.5,137.95260620117188,101.29000091552734,61.93000030517578,152.62525939941406,289.1600036621094,212.8960723876953,52.77072525024414,118.67464447021484,188.97999572753906,162.6070098876953
2025-01-07,45.130001068115234,189.51918029785156,47.672916412353516,29.200000762939453,89.98249816894531,320.3500061035156,127.73999786376953,53.97999954223633,180.09613037109375,194.47422790527344,27.670000076293945,29.276363372802734,393.4599914550781,129.63999938964844,51.54999923706055,139.93099975585938,55.279998779296875,175.50999450683594,137.13206481933594,98.44999694824219,61.29999923706055,149.28611755371094,281.1300048828125,208.67498779296875,52.04460906982422,117.9481430053711,181.75,162.03176879882812
2025-01-08,45.119998931884766,192.53500366210938,47.488887786865234,29.010000228881836,89.68000030517578,323.1400146484375,127.5999984741211,53.41999816894531,180.38255310058594,192.9422149658203,25.729999542236328,29.69623374938965,392.9200134277344,130.30999755859375,51.599998474121094,139.90106201171875,55.540000915527344,172.8300018310547,138.20721435546875,100.68000030517578,62.04999923706055,152.31007385253906,275.3900146484375,209.41033935546875,52.421810150146484,119.43059539794922,183.74000549316406,159.4927520751953
2025-01-10,44.91999816894531,187.28460693359375,44.69941329956055,26.760000228881836,87.20999908447266,318.6700134277344,124.88999938964844,52.56999969482422,177.99220275878906,191.04212951660156,25.40999984741211,28.990083694458008,395.4700012207031,128.50999450683594,49.7400016784668,135.70733642578125,56.630001068115234,173.4199981689453,134.52899169921875,101.43000030517578,61.81999969482422,149.46339416503906,256.04998779296875,173.62684631347656,49.451332092285156,117.86959838867188,178.61000061035156,165.36422729492188
2025-01-13,45.40999984741211,188.24679565429688,44.951236724853516,27.1299991607666,85.36499786376953,316.3800048828125,132.1199951171875,53.45000076293945,179.0787353515625,190.01748657226562,25.899999618530273,29.371788024902344,398.8599853515625,130.61000061035156,49.9900016784668,133.03131103515625,55.380001068115234,167.82000732421875,136.2832489013672,101.55000305175781,61.369998931884766,148.89212036132812,261.92999267578125,177.5423126220703,50.74325942993164,117.70269775390625,178.75999450683594,160.8019256591797
2025-01-14,44.369998931884766,188.8359832763672,45.02872848510742,26.8700008392334,87.01000213623047,312.5199890136719,131.47999572753906,53.40999984741211,180.94557189941406,188.6745147705078,26.209999084472656,29.715316772460938,388.739990234375,131.27999877929688,50.099998474121094,131.5634765625,54.5,170.5800018310547,136.70765686035156,104.6500015258789,62.2599983215332,146.8827362060547,258.9100036621094,173.99928283691406,51.10159683227539,117.06456756591797,180.02999877929688,169.11329650878906
2025-01-15,43.040000915527344,190.84454345703125,44.99966812133789,27.299999237060547,90.50499725341797,319.9800109863281,128.41000366210938,53.27000045776367,184.23480224609375,194.53392028808594,27.860000610351562,29.553091049194336,376.6600036621094,133.3699951171875,49.2599983215332,136.03683471679688,54.720001220703125,174.19000244140625,136.5473175048828,106.73999786376953,63.7400016784668,146.77438354492188,256.57000732421875,172.58592224121094,51.36564636230469,116.93693542480469,181.32000732421875,167.7842559814453
2025-01-16,41.95000076293945,192.24180603027344,45.63892364501953,27.59000015258789,90.84500122070312,341.79998779296875,133.91000366210938,52.720001220703125,186.35842895507812,191.90762329101562,27.940000534057617,29.84891128540039,370.989990234375,133.55999755859375,49.650001525878906,133.3708038330078,56.33000183105469,177.1699981689453,138.20721435546875,105.9800033569336,65.26000213623047,146.76451110839844,252.74000549316406,176.26260375976562,51.84657669067383,119.16551208496094,183.3699951171875,172.57470703125
2025-01-17,43.779998779296875,194.683837890625,46.49126434326172,27.229999542236328,89.25,351.1300048828125,126.94999694824219,53.119998931884766,184.9854736328125,194.9815673828125,27.850000381469727,30.173357009887695,373.70001220703125,135.61000061035156,49.41999816894531,137.504638671875,57.97999954223633,177.11000061035156,139.82000732421875,104.45999908447266,65.52999877929688,146.91224670410156,252.42999267578125,176.01431274414062,52.082332611083984,119.62694549560547,186.41000366210938,169.46041870117188
2025-01-21,44.369998931884766,185.1847686767578,46.801204681396484,26.809999465942383,91.60250091552734,337.2799987792969,118.48999786376953,52.04999923706055,179.17750549316406,197.0209197998047,29.809999465942383,30.25923728942871,372.80999755859375,138.91000366210938,49.220001220703125,140.61997985839844,59.95000076293945,183.50999450683594,140.10292053222656,108.05000305175781,66.0999984741211,146.70542907714844,253.4499969482422,174.83970642089844,52.56326675415039,121.05049896240234,185.13999938964844,183.8317413330078
2025-01-22,44.2599983215332,182.52935791015625,46.10383605957031,25.350000381469727,94.49500274658203,336.0400085449219,116.69000244140625,52.25,171.5224609375,197.33924865722656,29.719999313354492,30.058847427368164,382.82000732421875,138.5399932861328,49.209999084472656,146.85069274902344,58.560001373291016,187.6999969482422,139.66908264160156,106.45999908447266,66.0,147.5426483154297,250.19000244140625,170.9051513671875,51.75227737426758,120.33380889892578,187.99000549316406,185.329345703125
2025-01-23,44.5,190.39012145996094,46.69466018676758,25.040000915527344,94.42500305175781,335.989990234375,118.37999725341797,53.09000015258789,174.7227783203125,196.95127868652344,30.889999389648438,29.629432678222656,387.8500061035156,139.17999267578125,48.11000061035156,147.00045776367188,60.45000076293945,187.32000732421875,140.16896057128906,105.54000091552734,67.11000061035156,146.38038635253906,244.67999267578125,171.42083740234375,50.96015167236328,120.36326599121094,183.82000732421875,190.3181610107422
2025-01-24,44.18000030517578,188.28590393066406,47.33391571044922,25.770000457763672,93.7300033569336,328.6000061035156,110.55000305175781,52.22999954223633,169.13209533691406,199.16969299316406,30.8700008392334,29.724857330322266,400.0299987792969,140.74000549316406,48.279998779296875,142.40731811523438,60.150001525878906,187.6999969482422,140.64053344726562,104.88999938964844,67.06999969482422,147.0403289794922,248.4199981689453,174.85879516601562,52.01631546020508,120.49089813232422,185.49000549316406,189.54452514648438
2025-01-27,44.68000030517578,184.74810791015625,48.4187126159668,25.3799991607666,93.4375,326.82000732421875,104.41000366210938,53.45000076293945,167.0380859375,190.81332397460938,30.510000228881836,30.373748779296875,402.8999938964844,140.1300048828125,49.34000015258789,118.24340057373047,59.900001525878906,189.3000030517578,145.818359375,103.51000213623047,67.16999816894531,143.8193817138672,254.1300048828125,179.48094177246094,53.43082809448242,122.62129974365234,187.8699951171875,135.95713806152344
2025-01-28,43.540000915527344,185.11642456054688,47.663230895996094,24.8799991607666,102.16999816894531,350.7200012207031,106.16000366210938,55.790000915527344,169.66549682617188,194.2852020263672,31.540000915527344,29.906166076660156,409.4200134277344,142.42999267578125,48.650001525878906,128.79763793945312,62.15999984741211,192.94000244140625,141.70626831054688,106.79000091552734,68.43000030517578,145.7007293701172,252.22999572753906,174.84922790527344,51.77113723754883,122.0715103149414,187.13999938964844,148.4142303466797
2025-01-29,43.7400016784668,186.58558654785156,47.62448501586914,25.360000610351562,99.26750183105469,358.4800109863281,105.95999908447266,55.04999923706055,169.171630859375,194.3946533203125,31.860000610351562,30.402376174926758,411.1600036621094,142.47000122070312,49.099998474121094,123.51551818847656,63.040000915527344,185.4199981689453,141.81944274902344,107.51000213623047,70.08000183105469,147.89727783203125,250.1699981689453,174.0279541015625,51.81829071044922,121.94388580322266,190.08999633789062,153.93862915039062
2025-01-30,45.099998474121094,188.65895080566406,48.25405502319336,25.780000686645508,99.21749877929688,363.2799987792969,107.05000305175781,56.060001373291016,169.84329223632812,199.8262481689453,33.959999084472656,30.764989852905273,421.1600036621094,144.05999755859375,49.36000061035156,124.464111328125,63.619998931884766,187.4199981689453,143.26243591308594,109.06999969482422,71.37999725341797,150.62571716308594,254.6699981689453,176.02386474609375,52.082332611083984,123.78958892822266,191.22999572753906,174.85585021972656
2025-01-31,45.11000061035156,187.20596313476562,47.63417434692383,24.979999542236328,99.51750183105469,363.989990234375,99.91000366210938,54.90999984741211,168.85552978515625,202.9599151611328,37.279998779296875,30.631393432617188,414.20001220703125,144.67999267578125,48.709999084472656,119.89093780517578,59.880001068115234,184.4199981689453,142.12124633789062,108.16000366210938,71.06999969482422,148.3011016845703,250.6699981689453,172.66232299804688,51.62968444824219,122.5133056640625,185.50999450683594,166.6536102294922
2025-02-03,44.79999923706055,185.4412384033203,47.159576416015625,23.760000228881836,99.39250183105469,364.44000244140625,93.44000244140625,54.810001373291016,167.54183959960938,200.1843719482422,38.93000030517578,31.051267623901367,410.2900085449219,145.83999633789062,47.5,116.48603057861328,58.52000045776367,182.7899932861328,141.72515869140625,107.66999816894531,70.68000030517578,144.86351013183594,246.6300048828125,166.55992126464844,50.34719467163086,122.04206085205078,186.07000732421875,167.1494903564453
2025-02-04,45.060001373291016,184.88958740234375,47.16926193237305,22.920000076293945,101.87999725341797,386.1600036621094,88.44000244140625,53.959999084472656,166.40594482421875,205.30763244628906,41.849998474121094,29.84891128540039,415.8999938964844,148.05999755859375,46.61000061035156,118.47306060791016,58.34000015258789,183.39999389648438,135.33067321777344,107.2699966430664,73.79000091552734,144.74526977539062,243.5800018310547,164.82183837890625,49.93227005004883,122.85692596435547,183.5399932861328,166.95114135742188
2025-02-05,45.0,185.6976776123047,47.56637191772461,22.43000030517578,104.30500030517578,392.0,87.31999969482422,55.2599983215332,167.65049743652344,190.33584594726562,42.20000076293945,29.705772399902344,412.79998779296875,149.50999450683594,46.15999984741211,124.64384460449219,59.040000915527344,186.85000610351562,137.37725830078125,106.91000366210938,75.47000122070312,145.22793579101562,244.85000610351562,165.07968139648438,50.24346160888672,123.22017669677734,184.9199981689453,170.2042694091797
2025-02-06,42.720001220703125,188.8715362548828,48.85456848144531,21.959999084472656,105.12750244140625,389.3599853515625,88.48999786376953,55.459999084472656,170.45570373535156,190.6044464111328,40.470001220703125,29.581722259521484,411.8299865722656,149.99000549316406,46.29999923706055,128.48809814453125,59.720001220703125,187.3699951171875,137.08489990234375,108.54000091552734,67.12000274658203,142.84425354003906,241.75999450683594,163.27476501464844,51.252479553222656,123.85831451416016,183.0800018310547,168.4884490966797
2025-02-07,41.959999084472656,193.1296844482422,48.718971252441406,22.40999984741211,105.39749908447266,393.79998779296875,71.12999725341797,54.400001525878906,199.8905792236328,184.37696838378906,42.54999923706055,29.619892120361328,398.1000061035156,148.30999755859375,46.56999969482422,129.6463623046875,56.40999984741211,193.94000244140625,136.3586883544922,107.91000366210938,66.27999877929688,140.45071411132812,239.35000610351562,162.35250854492188,51.16761016845703,122.4151382446289,208.77000427246094,165.53285217285156
2025-02-10,42.849998474121094,194.15748596191406,48.74803161621094,21.68000030517578,107.2300033569336,401.45001220703125,73.86000061035156,54.18000030517578,200.5128631591797,185.5010986328125,44.77000045776367,29.486297607421875,399.7099914550781,147.3000030517578,47.810001373291016,133.3708038330078,55.709999084472656,196.39999389648438,136.1417694091797,106.38999938964844,65.05000305175781,139.9976043701172,235.0500030517578,158.50982666015625,50.59238052368164,122.69001770019531,212.50999450683594,167.0106658935547
2025-02-11,41.97999954223633,193.51893615722656,49.46476745605469,22.040000915527344,107.91000366210938,383.6600036621094,76.94000244140625,53.290000915527344,194.7740478515625,184.3570556640625,43.58000183105469,30.11610221862793,397.6300048828125,146.7899932861328,48.060001373291016,132.60195922851562,53.970001220703125,195.49000549316406,137.3583984375,103.58000183105469,66.05000305175781,139.1505126953125,233.17999267578125,158.2600860595703,50.922428131103516,122.40531158447266,209.94000244140625,166.23704528808594
2025-02-12,41.279998779296875,198.29197692871094,50.63673400878906,21.280000686645508,108.65750122070312,398.1099853515625,75.08000183105469,52.790000915527344,200.1276397705078,182.6559295654297,46.34000015258789,30.2210693359375,395.1600036621094,149.69000244140625,48.16999816894531,130.94444274902344,54.040000915527344,196.72999572753906,135.80224609375,102.05999755859375,64.19999694824219,137.45631408691406,227.6199951171875,154.7152099609375,50.403778076171875,122.14025115966797,209.17999267578125,165.24522399902344
2025-02-13,41.75,197.92013549804688,51.4503288269043,22.65999984741211,113.44249725341797,430.32000732421875,74.94999694824219,55.31999969482422,200.7104034423828,185.1728057861328,59.18000030517578,30.41191864013672,390.8500061035156,152.5800018310547,49.52000045776367,135.08822631835938,52.369998931884766,201.8800048828125,136.3586883544922,103.86000061035156,65.52999877929688,138.3329620361328,232.97999572753906,156.78067016601562,55.20368957519531,123.92750549316406,210.08999633789062,164.2930908203125
2025-02-14,41.060001373291016,199.33082580566406,51.4503288269043,22.34000015258789,112.93499755859375,432.69000244140625,73.0,57.20000076293945,199.90048217773438,184.26754760742188,60.470001220703125,30.201984405517578,366.67999267578125,153.75999450683594,49.25,138.64292907714844,52.029998779296875,200.02999877929688,135.23635864257812,100.98999786376953,66.75,136.6781463623047,232.11000061035156,156.5308837890625,56.919960021972656,122.44056701660156,208.75999450683594,166.28662109375
2025-02-18,41.09000015258789,203.1827850341797,51.334102630615234,22.739999771118164,113.83999633789062,441.3900146484375,72.2699966430664,57.290000915527344,201.7080535888672,182.81512451171875,58.5,30.965383529663086,372.44000244140625,154.66000366210938,51.04999923706055,139.19210815429688,53.36000061035156,208.27999877929688,135.9059600830078,100.12000274658203,66.0999984741211,137.00320434570312,226.8699951171875,162.71755981445312,57.17456817626953,121.93836975097656,216.3800048828125,167.8933563232422
2025-02-19,40.88999938964844,201.94676208496094,51.159759521484375,26.09000015258789,112.53500366210938,432.5199890136719,73.11000061035156,51.529998779296875,203.98974609375,184.30731201171875,68.73999786376953,31.280284881591797,367.2200012207031,153.6699981689453,51.689998626708984,139.02236938476562,52.06999969482422,205.19000244140625,137.51873779296875,100.12000274658203,63.63999938964844,137.6335906982422,226.02999877929688,165.63796997070312,56.71249771118164,121.53462982177734,215.17999267578125,167.96278381347656
2025-02-20,40.66999816894531,198.29673767089844,51.47938919067383,25.530000686645508,109.03500366210938,421.7799987792969,71.11000061035156,51.400001525878906,202.6266632080078,183.6009979248047,66.41000366210938,31.623815536499023,365.82000732421875,152.32000732421875,51.209999084472656,139.90106201171875,51.209999084472656,198.80999755859375,140.62167358398438,99.62999725341797,62.81999969482422,137.00320434570312,225.14999389648438,165.55152893066406,56.957679748535156,121.10135650634766,215.24000549316406,161.84332275390625
2025-02-21,39.650001525878906,197.20648193359375,52.312355041503906,32.619998931884766,101.66999816894531,385.3500061035156,74.91999816894531,51.2599983215332,194.39871215820312,178.72647094726562,49.279998779296875,32.482635498046875,358.9700012207031,149.39999389648438,53.0,134.22952270507812,48.439998626708984,191.02999877929688,144.77146911621094,96.88999938964844,62.5099983215332,134.56040954589844,227.32000732421875,169.04835510253906,56.89167022705078,119.25991821289062,211.64999389648438,149.20770263671875
2025-02-24,40.66999816894531,199.5157470703125,52.79663848876953,31.3700008392334,97.93000030517578,389.8999938964844,75.3499984741211,53.2400016784668,197.51998901367188,178.31861877441406,51.310001373291016,32.55897903442383,368.2200012207031,154.6199951171875,52.560001373291016,130.08572387695312,48.75,190.38999938964844,145.1015625,99.23999786376953,61.06999969482422,133.8905792236328,233.8300018310547,171.93035888671875,57.71208953857422,119.61442565917969,212.02000427246094,141.59059143066406
2025-02-25,42.349998474121094,198.9131622314453,53.04846954345703,26.8799991607666,94.9375,385.80999755859375,72.80000305175781,53.130001068115234,197.31256103515625,174.50851440429688,39.86000061035156,33.34145736694336,366.7200012207031,144.4600067138672,52.130001068115234,126.44115447998047,48.400001525878906,188.00999450683594,147.52540588378906,90.12000274658203,59.400001525878906,134.40281677246094,234.2899932861328,171.01771545410156,57.35374069213867,120.82563018798828,207.91000366210938,136.7902374267578
2025-02-26,41.0,198.94161987304688,56.87431335449219,27.209999084472656,98.63999938964844,386.55999755859375,71.76000213623047,51.70000076293945,197.0952606201172,171.8324737548828,41.88999938964844,32.19636535644531,366.0299987792969,142.16000366210938,51.650001525878906,131.084228515625,49.88999938964844,189.5500030517578,142.8946075439453,90.62000274658203,59.779998779296875,136.69784545898438,241.36000061035156,171.33474731445312,58.523075103759766,122.98218536376953,209.11000061035156,146.9761199951172
2025-02-27,40.2599983215332,194.34124755859375,57.63948059082031,25.989999771118164,95.05999755859375,375.7799987792969,69.9000015258789,51.189998626708984,191.17864990234375,167.6244659423828,41.34000015258789,32.07230758666992,362.1600036621094,140.9600067138672,51.91999816894531,119.9708251953125,46.689998626708984,187.5,143.37562561035156,91.37999725341797,60.43000030517578,135.94924926757812,244.0399932861328,166.4257354736328,58.47556686401367,121.60356903076172,208.2100067138672,128.9450225830078
2025-02-28,29.979999542236328,198.208984375,57.959110260009766,25.690000534057617,97.41500091552734,312.07000732421875,70.25,51.189998626708984,195.5346221923828,169.39520263671875,45.09000015258789,31.986431121826172,365.6099853515625,143.36000061035156,54.650001525878906,124.73369598388672,48.47999954223633,190.42999267578125,144.74317932128906,92.55000305175781,63.63999938964844,138.21475219726562,243.77000427246094,168.5968475341797,58.23801040649414,122.85417175292969,211.97999572753906,132.56515502929688
2025-03-03,29.260000228881836,195.4484405517578,58.8308219909668,25.649999618530273,95.68250274658203,295.2300109863281,63.810001373291016,49.04999923706055,191.12925720214844,166.14219665527344,40.68000030517578,32.568519592285156,347.80999755859375,142.25999450683594,55.16999816894531,113.88990020751953,47.849998474121094,183.67999267578125,147.119873046875,93.05999755859375,62.18000030517578,134.75741577148438,248.08999633789062,168.385498046875,58.23801040649414,121.65280151367188,208.0500030517578,122.93467712402344
2025-03-04,30.459999084472656,193.5615997314453,59.160133361816406,25.899999618530273,97.54000091552734,294.1499938964844,63.93000030517578,49.459999084472656,186.38807678222656,170.03189086914062,40.4900016784668,32.06276321411133,345.2900085449219,138.14999389648438,54.81999969482422,115.8170166015625,50.630001068115234,184.3800048828125,145.4222412109375,95.2699966430664,62.65999984741211,133.9300079345703,238.99000549316406,165.77247619628906,56.6131591796875,119.88029479980469,208.5500030517578,125.90018463134766
2025-03-05,29.68000030517578,194.31475830078125,60.273983001708984,25.770000457763672,91.36000061035156,292.739990234375,64.66999816894531,50.0,188.6500244140625,172.1209716796875,40.88999938964844,31.776493072509766,349.5299987792969,136.83999633789062,55.349998474121094,117.12506866455078,52.47999954223633,184.27999877929688,145.12986755371094,96.54000091552734,63.310001373291016,136.55996704101562,237.66000366210938,167.32875061035156,56.34709930419922,121.16044616699219,214.80999755859375,125.83076477050781
2025-03-06,29.90999984741211,185.56253051757812,60.47738265991211,25.420000076293945,86.93250274658203,272.7699890136719,64.41999816894531,46.95000076293945,182.1964111328125,171.4544677734375,34.38999938964844,31.995969772338867,347.94000244140625,131.11000061035156,55.689998626708984,110.40510559082031,49.529998779296875,179.3300018310547,145.818359375,94.33000183105469,58.56999969482422,135.82119750976562,233.2100067138672,171.91114807128906,56.4421272277832,118.80695343017578,207.8699951171875,113.47283172607422
2025-03-07,30.56999969482422,185.0481719970703,61.07789993286133,27.389999389648438,83.375,295.55999755859375,70.68000030517578,46.79999923706055,182.45372009277344,172.9566192626953,35.95000076293945,31.81467056274414,344.3599853515625,127.51000213623047,55.06999969482422,112.5219497680664,46.65999984741211,180.92999267578125,146.9458465576172,97.30999755859375,57.16999816894531,133.92018127441406,239.13999938964844,178.9239959716797,58.77962875366211,117.44802856445312,204.3300018310547,113.3835678100586
2025-03-10,29.8700008392334,176.2439422607422,60.49675369262695,27.229999542236328,77.21499633789062,277.17999267578125,74.04000091552734,48.650001525878906,174.8024139404297,165.1981658935547,34.470001220703125,31.051267623901367,333.7699890136719,122.79000091552734,55.77000045776367,106.8204574584961,44.22999954223633,173.8300018310547,148.6680145263672,93.7300033569336,53.77000045776367,130.1377716064453,233.27000427246094,182.01731872558594,59.77734375,115.81339263916016,201.92999267578125,107.60130310058594
2025-03-11,29.1200008392334,172.37857055664062,60.54518127441406,27.829999923706055,82.4375,274.9100036621094,69.5199966430664,46.869998931884766,162.0832061767578,163.37557983398438,34.709999084472656,31.719240188598633,319.4200134277344,121.63999938964844,55.22999954223633,108.5978012084961,45.16999816894531,178.92999267578125,144.938232421875,93.08000183105469,54.75,126.71984100341797,231.11000061035156,177.97293090820312,57.392330169677734,114.34616088867188,203.8000030517578,113.42322540283203
2025-03-12,28.81999969482422,174.2439422607422,60.56455612182617,27.489999771118164,86.69000244140625,291.0199890136719,68.20999908447266,44.93000030517578,160.86573791503906,166.4331512451172,33.93000030517578,31.308914184570312,316.489990234375,122.91999816894531,54.400001525878906,115.5780258178711,46.72999954223633,179.47999572753906,140.98008728027344,93.5,56.86000061035156,124.62179565429688,233.4499969482422,176.618408203125,56.423126220703125,113.57806396484375,205.3300018310547,120.92131042480469
2025-03-13,28.170000076293945,170.0815887451172,59.46038818359375,26.6299991607666,83.13249969482422,272.489990234375,62.970001220703125,44.400001525878906,155.51080322265625,162.1007537841797,31.540000915527344,31.59518814086914,309.67999267578125,115.79000091552734,54.34000015258789,115.41825103759766,46.369998931884766,176.32000732421875,141.14183044433594,93.25,55.72999954223633,121.45011138916016,226.6999969482422,174.44728088378906,55.83399200439453,111.08670806884766,203.6300048828125,117.03341674804688
2025-03-14,28.540000915527344,176.8161163330078,60.38052749633789,27.079999923706055,88.43374633789062,283.5400085449219,68.18000030517578,45.650001525878906,160.4599151611328,164.8197021484375,33.13999938964844,32.053226470947266,311.0299987792969,119.26000213623047,55.09000015258789,121.49972534179688,46.439998626708984,182.33999633789062,141.3797149658203,95.51000213623047,56.5099983215332,122.34645080566406,228.85000610351562,174.197509765625,56.65116882324219,111.52984619140625,204.57000732421875,123.44049072265625
2025-03-17,29.43000030517578,180.69297790527344,61.339412689208984,29.93000030517578,91.2074966430664,294.17999267578125,66.13999938964844,46.290000915527344,164.66664123535156,163.6245574951172,34.689998626708984,32.291786193847656,327.0899963378906,121.91000366210938,56.209999084472656,119.36272430419922,48.060001373291016,185.0,143.99627685546875,98.33000183105469,56.970001220703125,123.65650939941406,228.19000244140625,176.38784790039062,56.41361618041992,112.77058410644531,206.5,125.2555160522461
2025-03-18,29.139999389648438,177.0548858642578,61.53312301635742,30.3700008392334,90.7874984741211,288.80999755859375,63.619998931884766,44.65999984741211,163.47886657714844,160.01922607421875,31.489999771118164,32.053226470947266,323.07000732421875,119.20999908447266,56.79999923706055,115.2684555053711,46.279998779296875,183.10000610351562,141.76031494140625,98.72000122070312,55.97999954223633,122.24833679199219,221.67999267578125,172.29542541503906,56.005027770996094,113.49928283691406,204.32000732421875,123.44049072265625
2025-03-19,29.260000228881836,181.82147216796875,61.09727096557617,31.899999618530273,93.76249694824219,301.1199951171875,63.630001068115234,44.720001220703125,170.72433471679688,163.22618103027344,33.880001068115234,31.9387149810791,329.57000732421875,122.6500015258789,56.81999969482422,117.35552215576172,47.06999969482422,187.5399932861328,140.92300415039062,100.68000030517578,58.099998474121094,124.46186828613281,219.16000366210938,171.95916748046875,55.38739776611328,116.0595703125,208.86000061035156,128.78634643554688
2025-03-20,29.010000228881836,181.708251953125,61.05852508544922,31.25,92.25749969482422,306.1700134277344,62.40999984741211,44.93000030517578,171.32814025878906,162.14059448242188,32.869998931884766,31.900548934936523,324.45001220703125,122.13999938964844,56.869998931884766,118.3641128540039,45.560001373291016,184.00999450683594,140.00958251953125,100.33000183105469,57.91999816894531,123.12781524658203,227.50999450683594,171.84390258789062,56.05254364013672,114.47416687011719,209.6300048828125,131.0456085205078
2025-03-21,28.690000534057617,182.82601928710938,60.806697845458984,32.93000030517578,90.55999755859375,309.29998779296875,62.849998474121094,45.11000061035156,172.04080200195312,163.32579040527344,34.75,32.015052795410156,322.6199951171875,123.05999755859375,57.310001373291016,117.5352783203125,46.25,182.32000732421875,138.39207458496094,100.0199966430664,61.15999984741211,122.0803451538086,227.9600067138672,170.44131469726562,55.95751953125,114.34616088867188,213.47000122070312,129.73416137695312
2025-03-24,28.940000534057617,186.48709106445312,59.595985412597656,34.880001068115234,93.16000366210938,330.0,64.87000274658203,45.86000061035156,176.4752197265625,167.00083923339844,37.40999984741211,32.301326751708984,334.9599914550781,127.0199966430664,57.83000183105469,121.24009704589844,48.31999969482422,184.7899932861328,139.3435516357422,102.16000366210938,61.18000030517578,127.65370178222656,237.0500030517578,173.18882751464844,56.318599700927734,117.77297973632812,213.50999450683594,134.06593322753906
2025-03-25,28.809999465942383,189.18716430664062,59.760643005371094,35.2599983215332,96.23750305175781,340.5,65.0999984741211,47.81999969482422,175.0597686767578,169.86917114257812,37.040000915527344,32.28224182128906,337.3500061035156,127.0199966430664,57.84000015258789,120.52110290527344,47.970001220703125,189.9499969482422,138.4777069091797,99.80000305175781,62.0099983215332,126.6161117553711,233.94000244140625,171.34434509277344,55.83399200439453,118.0487060546875,217.9499969482422,130.95620727539062
2025-03-26,29.65999984741211,188.6427459716797,59.92530059814453,34.900001525878906,92.85250091552734,331.2200012207031,64.44000244140625,46.689998626708984,171.6646728515625,164.3914337158203,33.36000061035156,32.50172805786133,337.7900085449219,126.75,57.7599983215332,113.60079956054688,46.04999923706055,184.9600067138672,141.42727661132812,100.5999984741211,60.36000061035156,126.19117736816406,237.91000366210938,176.8681640625,57.54436492919922,117.8714599609375,215.88999938964844,123.20671844482422
2025-03-27,30.1200008392334,188.19290161132812,60.18681335449219,35.150001525878906,91.63999938964844,332.94000244140625,65.16000366210938,46.91999816894531,167.34906005859375,161.58287048339844,31.920000076293945,32.692569732666016,341.5299987792969,128.0800018310547,58.58000183105469,111.27406311035156,46.0,174.44000244140625,142.4073028564453,99.19000244140625,59.5,127.56475830078125,240.38999938964844,177.06028747558594,57.92444610595703,118.72817993164062,214.2899932861328,118.53717041015625
2025-03-28,30.1200008392334,183.4983673095703,60.08995819091797,33.650001525878906,89.27749633789062,315.0,64.83000183105469,46.689998626708984,166.38893127441406,153.7049102783203,29.139999389648438,32.413970947265625,293.05999755859375,125.02999877929688,57.86000061035156,109.51652526855469,44.150001525878906,172.75999450683594,142.02671813964844,96.22000122070312,59.06999969482422,123.93812561035156,239.3699951171875,176.5127410888672,57.51585388183594,116.40422058105469,210.47000122070312,118.27886199951172
2025-03-31,30.31999969482422,182.4162139892578,59.62504577636719,35.619998931884766,88.1449966430664,310.5400085449219,62.790000915527344,47.18000030517578,166.38893127441406,154.01365661621094,29.549999237060547,32.87510681152344,283.05999755859375,130.5800018310547,58.52000045776367,108.22832489013672,43.91999816894531,170.63999938964844,142.66419982910156,96.61000061035156,58.290000915527344,126.28013610839844,238.83999633789062,176.30137634277344,57.83892059326172,119.93937683105469,207.25,116.67928314208984
2025-04-01,29.93000030517578,185.53797912597656,59.66378402709961,35.72999954223633,90.59500122070312,327.3800048828125,64.25,48.529998779296875,165.9929962158203,156.43382263183594,31.049999237060547,33.59563446044922,279.6300048828125,132.00999450683594,59.040000915527344,109.99585723876953,42.70000076293945,171.30999755859375,142.4073028564453,95.68000030517578,60.9900016784668,127.58451843261719,243.47000122070312,177.54063415527344,58.19049835205078,120.84532928466797,210.1300048828125,121.44819641113281
2025-04-02,29.209999084472656,185.67855834960938,60.148067474365234,36.75,92.87249755859375,337.55999755859375,67.88999938964844,50.41999816894531,166.1414794921875,156.40390014648438,31.219999313354492,33.75894546508789,282.75,134.64999389648438,59.36000061035156,110.26547241210938,44.91999816894531,173.17999267578125,141.88400268554688,98.7699966430664,61.61000061035156,130.80599975585938,246.36000061035156,175.54246520996094,58.86514663696289,123.02156829833984,211.10000610351562,126.36613464355469
2025-04-03,28.3799991607666,176.22415161132812,60.92292785644531,36.0,86.84750366210938,313.8999938964844,55.02000045776367,48.40999984741211,150.81906127929688,150.10952758789062,27.989999771118164,34.22969055175781,255.64999389648438,126.05999755859375,59.650001525878906,101.65754699707031,37.650001525878906,165.1699981689453,144.02481079101562,97.41999816894531,58.220001220703125,129.6597137451172,243.2899932861328,174.35122680664062,59.34975051879883,123.5139389038086,208.92999267578125,107.50907135009766
2025-04-04,27.3700008392334,169.6309814453125,59.00516128540039,35.540000915527344,80.40750122070312,292.8800048828125,54.93000030517578,44.41999816894531,140.41603088378906,145.01028442382812,25.989999771118164,32.481224060058594,263.70001220703125,120.83999633789062,57.08000183105469,94.17801666259766,39.61000061035156,153.57000732421875,139.49578857421875,92.62999725341797,52.959999084472656,128.7703399658203,244.86000061035156,167.0213623046875,58.10498046875,120.29389190673828,194.5800018310547,97.43475341796875
2025-04-07,26.420000076293945,168.07325744628906,57.40702438354492,35.459999084472656,81.08999633789062,296.510009765625,53.880001068115234,43.63999938964844,138.3968048095703,146.15560913085938,27.770000457763672,32.27946853637695,265.0,119.2300033569336,57.11000061035156,97.50334930419922,40.970001220703125,152.44000244140625,136.2417449951172,92.30000305175781,52.529998779296875,126.36905670166016,236.1300048828125,165.80130004882812,57.35432052612305,117.31016540527344,197.52999877929688,102.02484130859375
2025-04-08,27.1200008392334,164.8845977783203,56.680599212646484,33.88999938964844,81.26000213623047,293.2699890136719,51.0,40.79999923706055,135.23928833007812,144.11390686035156,26.100000381469727,32.25065612792969,247.61000061035156,118.80999755859375,55.0099983215332,96.16523742675781,38.90999984741211,152.52999877929688,133.4919891357422,90.58000183105469,51.220001220703125,125.40065002441406,228.10000610351562,164.23541259765625,55.596439361572266,118.19641876220703,196.25,101.52806091308594
2025-04-09,29.100000381469727,182.788818359375,59.26667404174805,37.25,94.50250244140625,337.3999938964844,55.7400016784668,44.040000915527344,160.03428649902344,158.0671844482422,29.489999771118164,33.32663345336914,273.8399963378906,131.75,58.25,114.16999816894531,45.0099983215332,173.02000427246094,138.5252685546875,94.58000183105469,57.310001373291016,135.38131713867188,240.50999450683594,176.18609619140625,57.56336975097656,124.12445831298828,208.1300048828125,117.25552368164062
2025-04-10,27.079999923706055,177.97076416015625,58.801761627197266,36.529998779296875,92.15249633789062,316.94000244140625,53.790000915527344,43.58000183105469,147.99807739257812,152.20103454589844,26.809999465942383,33.38426971435547,256.6199951171875,129.22999572753906,57.77000045776367,107.4194564819336,43.02000045776367,168.27000427246094,137.14564514160156,94.05999755859375,56.119998931884766,137.2489776611328,242.97000122070312,177.48300170898438,56.96473693847656,125.52276611328125,204.41000366210938,108.55227661132812
2025-04-11,26.149999618530273,181.60922241210938,60.55487060546875,37.290000915527344,94.4749984741211,329.3500061035156,53.61000061035156,43.599998474121094,148.99777221679688,156.50352478027344,27.229999542236328,33.778160095214844,261.0299987792969,129.60000610351562,58.150001525878906,110.7747573852539,43.5099983215332,168.33999633789062,137.4215545654297,97.54000091552734,57.2599983215332,139.8380126953125,245.5800018310547,178.32838439941406,57.66788864135742,126.19236755371094,212.07000732421875,110.98640441894531
2025-04-14,26.389999389648438,180.4336395263672,61.378150939941406,37.34000015258789,94.66500091552734,326.6700134277344,53.459999084472656,43.650001525878906,147.7110137939453,158.42572021484375,28.309999465942383,34.30655288696289,259.760009765625,128.39999389648438,58.58000183105469,110.55506134033203,43.16999816894531,169.97999572753906,139.62901306152344,97.58999633789062,56.90999984741211,141.96261596679688,244.44000244140625,179.9038848876953,57.639381408691406,128.60496520996094,212.9499969482422,111.9600601196289
2025-04-15,24.729999542236328,182.6351776123047,61.290977478027344,37.08000183105469,98.19999694824219,325.1700134277344,52.16999816894531,43.5,150.04698181152344,155.67689514160156,29.459999084472656,33.999122619628906,255.63999938964844,128.97999572753906,58.63999938964844,112.04297637939453,42.66999816894531,173.5500030517578,135.9087371826172,96.16000366210938,58.880001068115234,139.3636932373047,242.97000122070312,176.62799072265625,56.54664611816406,126.53702545166016,214.60000610351562,115.00023651123047
2025-04-16,23.84000015258789,179.80010986328125,62.60823440551758,36.65999984741211,94.95999908447266,326.3999938964844,49.95000076293945,42.52000045776367,151.0170440673828,152.7089385986328,26.950000762939453,33.730133056640625,249.3699951171875,125.45999908447266,57.95000076293945,104.3437728881836,41.75,169.75999450683594,133.29217529296875,94.47000122070312,59.09000015258789,137.0414581298828,238.4199981689453,175.83065795898438,55.78647994995117,124.3804931640625,211.39999389648438,115.11945343017578
2025-04-17,23.90999984741211,181.08578491210938,63.567115783691406,37.2400016784668,93.90499877929688,326.5,52.650001525878906,44.150001525878906,149.61146545410156,150.54774475097656,27.229999542236328,34.00872802734375,251.0800018310547,127.22000122070312,58.40999984741211,101.34796142578125,42.5,167.69000244140625,135.9087371826172,93.80999755859375,59.709999084472656,137.980224609375,239.36000061035156,179.28903198242188,55.824493408203125,125.67047119140625,212.77000427246094,114.67236328125
2025-04-21,21.489999771118164,175.71337890625,63.54774856567383,36.09000015258789,90.67250061035156,316.07000732421875,53.470001220703125,44.540000915527344,145.1770782470703,147.0718994140625,25.84000015258789,33.922271728515625,253.91000366210938,123.4800033569336,58.0099983215332,96.77438354492188,41.310001373291016,160.0500030517578,134.8525848388672,93.05000305175781,59.90999984741211,133.88917541503906,238.82000732421875,179.894287109375,55.04532241821289,122.08609008789062,205.16000366210938,105.83001708984375
2025-04-22,20.600000381469727,182.0665740966797,64.79719543457031,37.84000015258789,92.11250305175781,336.3399963378906,55.33000183105469,45.93000030517578,151.3733367919922,150.8564910888672,25.350000381469727,34.08558654785156,261.7099914550781,128.5,59.279998779296875,98.75160217285156,42.630001068115234,163.6300048828125,136.4986572265625,95.5199966430664,62.150001525878906,136.2607879638672,242.19000244140625,179.6444854736328,56.06204605102539,123.7896499633789,209.97000122070312,111.90043640136719
2025-04-23,21.200000762939453,187.33090209960938,64.1385726928711,37.27000045776367,96.4375,370.0,56.84000015258789,45.790000915527344,154.67935180664062,154.7207794189453,26.709999084472656,33.806983947753906,265.8500061035156,131.27999877929688,59.09000015258789,102.5662612915039,43.93000030517578,168.32000732421875,135.3568572998047,96.9800033569336,63.47999954223633,136.58689880371094,245.4199981689453,179.91348266601562,55.77698516845703,123.5828628540039,213.3000030517578,119.22271728515625
2025-04-24,22.18000030517578,191.1693572998047,63.760833740234375,37.20000076293945,103.51249694824219,375.0199890136719,60.65999984741211,45.54999923706055,157.92596435546875,158.6348419189453,28.139999389648438,33.105674743652344,270.6400146484375,132.72000122070312,58.59000015258789,106.28105163574219,44.7599983215332,176.0399932861328,128.74411010742188,96.33000183105469,65.69000244140625,138.27667236328125,242.39999389648438,180.12484741210938,55.44441223144531,124.56758117675781,222.69000244140625,123.42530059814453
2025-04-25,22.149999618530273,191.58392333984375,62.96660614013672,36.7400016784668,106.22000122070312,381.8299865722656,61.150001525878906,45.86000061035156,158.48025512695312,161.3040008544922,28.09000015258789,33.048030853271484,267.8999938964844,132.75999450683594,58.66999816894531,110.85466003417969,45.029998779296875,178.97999572753906,126.90776824951172,95.80000305175781,66.58000183105469,138.0592803955078,247.88999938964844,178.05941772460938,53.971595764160156,124.62666320800781,225.3800048828125,125.81969451904297
2025-04-28,22.18000030517578,193.62353515625,63.073150634765625,35.93000030517578,105.7699966430664,384.3399963378906,61.97999954223633,45.880001068115234,159.59877014160156,159.95945739746094,28.479999542236328,32.702178955078125,268.5199890136719,133.27000427246094,58.4900016784668,108.57784271240234,46.59000015258789,181.5399932861328,127.2693099975586,96.1500015258789,66.43000030517578,137.7233123779297,238.00999450683594,178.44369506835938,53.8765754699707,125.18795013427734,225.5500030517578,128.78038024902344
2025-04-29,22.350000381469727,194.386962890625,62.918174743652344,35.459999084472656,107.74749755859375,385.1300048828125,62.16999816894531,46.130001068115234,158.51983642578125,159.5113067626953,35.040000915527344,32.88471984863281,271.2699890136719,132.3000030517578,59.25,108.86742401123047,47.900001525878906,186.64999389648438,127.79264831542969,95.58000183105469,66.4000015258789,139.11663818359375,246.52000427246094,179.94091796875,54.21864700317383,126.07421875,230.7100067138672,128.49227905273438
2025-04-30,23.399999618530273,201.91221618652344,63.741458892822266,34.959999084472656,107.21749877929688,389.4800109863281,61.869998931884766,43.47999954223633,155.33261108398438,158.15679931640625,33.099998474121094,33.23056411743164,270.7699890136719,132.4499969482422,60.119998931884766,108.76756286621094,48.11000061035156,186.92999267578125,129.0010223388672,94.58999633789062,67.05000305175781,137.35768127441406,245.8000030517578,181.1580352783203,54.665245056152344,126.71427154541016,233.32000732421875,128.7903289794922
2025-05-01,22.780000686645508,201.99734497070312,62.97628402709961,34.869998931884766,107.97000122070312,400.0,62.25,42.5099983215332,156.35215759277344,160.6466827392578,36.15999984741211,32.702178955078125,268.6000061035156,131.33999633789062,59.52000045776367,111.45380401611328,47.720001220703125,186.27000427246094,127.06952667236328,94.7699966430664,69.0,137.2884979248047,244.85000610351562,179.12950134277344,54.39918899536133,125.6803207397461,235.1699981689453,136.41064453125
2025-05-02,23.309999465942383,206.01119995117188,63.935176849365234,34.459999084472656,110.1449966430664,486.4200134277344,68.05000305175781,44.29999923706055,160.14315795898438,163.36561584472656,40.81999969482422,33.057640075683594,277.3599853515625,133.77000427246094,60.04999923706055,114.33976745605469,48.90999984741211,187.6999969482422,127.25983428955078,99.08000183105469,74.08999633789062,138.830078125,239.55999755859375,180.60745239257812,54.69375228881836,127.23619079589844,219.5,138.3778076171875
2025-05-05,22.809999465942383,205.54872131347656,63.90612030029297,33.88999938964844,110.86750030517578,494.1300048828125,67.79000091552734,45.08000183105469,163.93417358398438,163.54489135742188,41.880001068115234,33.0960693359375,278.54998779296875,136.1199951171875,60.90999984741211,113.66071319580078,48.88999938964844,188.1300048828125,125.58521270751953,98.41000366210938,71.81999969482422,139.79849243164062,242.3300018310547,181.06143188476562,54.5797233581543,126.9703140258789,225.32000732421875,139.09315490722656
2025-05-06,23.799999237060547,204.4103240966797,64.0707778930664,35.52000045776367,110.80249786376953,490.54998779296875,67.69000244140625,45.11000061035156,163.05322265625,162.56884765625,49.470001220703125,32.77903366088867,270.79998779296875,134.14999389648438,60.02000045776367,113.38111877441406,48.20000076293945,188.69000244140625,124.39588165283203,99.87000274658203,70.7699966430664,139.9368438720703,241.8300018310547,180.70404052734375,54.06661605834961,126.4976577758789,231.83999633789062,143.862060546875
2025-05-07,24.15999984741211,205.75144958496094,64.54177856445312,35.790000915527344,105.62999725341797,495.55999755859375,66.55999755859375,45.91999816894531,164.8646240234375,150.76686096191406,52.349998474121094,32.702178955078125,275.69000244140625,134.1300048828125,60.560001373291016,116.89618682861328,48.529998779296875,188.13999938964844,125.51862335205078,101.7300033569336,70.44000244140625,141.34007263183594,241.02999877929688,183.3314666748047,54.009605407714844,126.68473815917969,226.33999633789062,138.5963897705078
2025-05-08,24.219999313354492,204.52516174316406,66.01983642578125,35.2400016784668,107.15750122070312,503.57000732421875,67.9000015258789,47.86000061035156,167.26988220214844,153.6551055908203,51.400001525878906,32.798248291015625,282.42999267578125,134.69000244140625,60.13999938964844,117.20575714111328,49.720001220703125,188.52999877929688,125.05238342285156,97.08000183105469,70.05000305175781,141.67604064941406,244.86000061035156,184.8770294189453,51.558074951171875,126.13329315185547,225.4499969482422,139.99725341796875
2025-05-09,23.84000015258789,200.8533935546875,66.28588104248047,36.77000045776367,102.64250183105469,512.75,66.83999633789062,46.939998626708984,155.06539916992188,152.1313018798828,51.959999084472656,32.221832275390625,279.7699890136719,136.52000427246094,61.0,116.48675537109375,49.41999816894531,186.92999267578125,124.11043548583984,92.80999755859375,71.87999725341797,140.5989227294922,242.55999755859375,183.60194396972656,51.90965270996094,126.14314270019531,226.5500030517578,134.87069702148438
2025-05-12,25.84000015258789,205.70196533203125,64.93592834472656,37.31999969482422,107.36000061035156,517.8300170898438,74.06999969482422,47.59000015258789,165.54757690429688,157.8181915283203,55.209999084472656,32.19300842285156,304.20001220703125,140.8300018310547,61.36000061035156,122.82786560058594,51.310001373291016,193.5,125.2902603149414,94.2300033569336,73.48999786376953,147.49644470214844,243.30999755859375,183.43772888183594,52.213722229003906,129.48135375976562,226.25,145.14370727539062
2025-05-13,26.940000534057617,208.37193298339844,64.94578552246094,37.93000030517578,110.05000305175781,531.4600219726562,78.20999908447266,46.77000045776367,167.64601135253906,158.88385009765625,64.0,31.7799129486084,310.6099853515625,143.0,60.22999954223633,129.7481689453125,57.380001068115234,192.0,123.98674011230469,93.83000183105469,77.0199966430664,147.56561279296875,240.25999450683594,181.2836151123047,52.43226623535156,128.82159423828125,226.16000366210938,153.9959716796875
2025-05-14,25.719999313354492,206.55564880371094,65.29066467285156,38.939998626708984,108.98500061035156,540.6799926757812,77.1500015258789,46.959999084472656,167.49752807617188,164.7001953125,61.119998931884766,31.43406105041504,315.8399963378906,142.22000122070312,61.0,135.1505889892578,57.59000015258789,190.89999389648438,122.21699523925781,97.97000122070312,79.44999694824219,148.87989807128906,238.0,180.4045867919922,52.72682571411133,129.24501037597656,229.5,153.7178192138672
2025-05-15,25.639999389648438,207.3946990966797,66.5322265625,39.04999923706055,107.95999908447266,530.52001953125,78.18000030517578,47.0,164.5181884765625,163.2958984375,58.58000183105469,32.221832275390625,318.9599914550781,145.4199981689453,62.33000183105469,134.64129638671875,60.25,192.89999389648438,125.1189956665039,97.9800033569336,80.7699966430664,150.09536743164062,245.52000427246094,184.16220092773438,53.467987060546875,131.43328857421875,232.33999633789062,151.07501220703125
2025-05-16,26.149999618530273,210.53587341308594,66.6110610961914,39.38999938964844,109.81500244140625,529.0499877929688,79.30000305175781,47.02000045776367,164.96360778808594,165.51686096191406,64.6500015258789,32.49082565307617,321.44000244140625,147.67999267578125,62.86000061035156,135.21051025390625,59.900001525878906,192.97999572753906,125.57569885253906,98.86000061035156,81.2699966430664,151.11322021484375,249.72999572753906,188.96307373046875,54.01910400390625,131.7296600341797,226.74000549316406,155.60548400878906
2025-05-19,25.079999923706055,212.94845581054688,67.64569854736328,37.5,111.0875015258789,520.22998046875,79.56999969482422,47.029998779296875,163.8054962158203,165.8654327392578,62.34000015258789,32.50043487548828,323.70001220703125,148.3000030517578,62.900001525878906,135.38027954101562,59.9900016784668,194.3000030517578,125.39491271972656,102.45999908447266,81.20999908447266,152.4373779296875,246.6300048828125,186.34530639648438,53.79106140136719,133.39923095703125,234.66000366210938,156.3009796142578
2025-05-20,25.200000762939453,210.2828369140625,67.55701446533203,38.08000183105469,110.5625,525.72998046875,81.51000213623047,47.15999984741211,160.86573791503906,163.31581115722656,61.209999084472656,32.53886032104492,327.1700134277344,146.2899932861328,62.9900016784668,134.19195556640625,59.66999816894531,194.47999572753906,125.40445709228516,103.41000366210938,81.70999908447266,152.41763305664062,243.25,182.92575073242188,54.11412811279297,133.30044555664062,237.5,156.01284790039062
2025-05-21,23.510000228881836,209.59507751464844,67.79351043701172,36.58000183105469,108.68499755859375,514.2999877929688,79.05999755859375,46.4900016784668,157.71810913085938,167.8772735595703,58.0,32.269866943359375,317.55999755859375,144.1699981689453,63.099998474121094,131.61553955078125,59.13999938964844,181.25999450683594,123.83450317382812,104.05999755859375,81.16000366210938,150.8760223388672,238.75,179.3806610107422,52.86935806274414,129.44754028320312,226.75999450683594,151.08497619628906
2025-05-22,22.959999084472656,211.5194549560547,67.35008239746094,35.650001525878906,111.01750183105469,517.7999877929688,82.77999877929688,47.959999084472656,159.0840606689453,170.1779022216797,53.52000045776367,31.712657928466797,320.4599914550781,144.42999267578125,62.869998931884766,132.6441192626953,58.81999969482422,186.13999938964844,123.80596160888672,104.80000305175781,81.80999755859375,150.4511260986328,233.97000122070312,178.47264099121094,51.6055908203125,128.01504516601562,226.00999450683594,153.7178192138672
2025-05-23,22.530000686645508,211.15870666503906,68.2664794921875,36.099998474121094,113.89749908447266,520.2100219726562,83.93000030517578,47.599998474121094,157.36175537109375,167.78762817382812,54.83000183105469,31.626197814941406,310.760009765625,145.00999450683594,63.36000061035156,131.10626220703125,58.439998626708984,186.75,123.06381225585938,105.4000015258789,82.26000213623047,135.63824462890625,232.05999755859375,178.1442108154297,51.32052230834961,124.18191528320312,224.99000549316406,157.13551330566406
2025-05-27,23.520000457763672,215.8682861328125,69.14346313476562,37.040000915527344,118.05500030517578,525.0,91.72000122070312,50.47999954223633,163.31060791015625,172.19967651367188,53.36000061035156,31.578163146972656,321.20001220703125,143.02000427246094,64.23999786376953,135.31036376953125,60.68000030517578,187.4600067138672,124.99530029296875,102.5199966430664,85.43000030517578,139.62060546875,235.6300048828125,179.58351135253906,51.49155807495117,126.41462707519531,226.27000427246094,162.79859924316406
2025-05-28,22.75,216.7996063232422,68.74931335449219,34.93000030517578,117.2074966430664,524.4000244140625,90.5,51.45000076293945,165.9831085205078,171.66188049316406,53.34000015258789,31.443666458129883,315.75,140.22000122070312,63.77000045776367,134.621337890625,59.779998779296875,187.8000030517578,124.32926177978516,103.31999969482422,84.63999938964844,138.0493927001953,228.5500030517578,172.64784240722656,50.322811126708984,124.69564056396484,228.3300018310547,161.30831909179688
2025-05-29,22.850000381469727,217.8583984375,69.4981918334961,36.34000015258789,114.70249938964844,513.3900146484375,111.83999633789062,52.9900016784668,164.35592651367188,171.16390991210938,52.400001525878906,32.13536834716797,317.0899963378906,136.14999389648438,63.63999938964844,138.99522399902344,58.84000015258789,185.82000732421875,125.51862335205078,103.02999877929688,84.79000091552734,137.2884979248047,231.24000549316406,173.59449768066406,51.025962829589844,125.53536987304688,225.38999938964844,158.6953582763672
2025-05-30,22.639999389648438,218.52877807617188,69.45877838134766,37.880001068115234,117.84249877929688,519.6099853515625,112.48999786376953,55.349998474121094,165.44732666015625,171.04440307617188,56.560001373291016,32.34672164916992,316.6700134277344,137.19000244140625,63.95000076293945,134.94088745117188,59.38999938964844,192.4199981689453,125.0714340209961,102.83000183105469,86.9800033569336,138.43479919433594,229.85000610351562,172.22280883789062,50.921443939208984,125.367431640625,226.27999877929688,159.52992248535156
2025-06-02,21.6299991607666,219.3199005126953,70.22736358642578,38.099998474121094,119.7925033569336,526.8499755859375,113.7699966430664,58.7400016784668,165.86404418945312,168.3453826904297,56.77000045776367,31.943225860595703,322.95001220703125,138.5500030517578,63.83000183105469,137.187744140625,59.13999938964844,194.86000061035156,124.55763244628906,105.25,89.94999694824219,140.73727416992188,220.88999938964844,168.24301147460938,50.23728942871094,126.87893676757812,227.60000610351562,166.3852081298828
2025-06-03,22.440000534057617,216.79208374023438,69.62629699707031,39.18000030517578,122.19000244140625,513.3699951171875,114.77999877929688,60.20000076293945,167.30271911621094,165.50689697265625,54.72999954223633,31.53013038635254,334.9100036621094,136.63999938964844,63.9900016784668,141.02236938476562,58.529998779296875,197.1199951171875,125.4520263671875,105.2300033569336,89.94999694824219,142.32826232910156,224.3699951171875,170.657958984375,50.142269134521484,126.57268524169922,229.64999389648438,174.85997009277344
2025-06-04,22.600000381469727,220.0361785888672,70.48356628417969,40.09000015258789,115.13999938964844,518.7899780273438,117.23999786376953,61.54999923706055,168.4933624267578,167.3693389892578,53.61000061035156,31.51091194152832,335.19000244140625,140.1699981689453,63.15999984741211,141.72137451171875,58.029998779296875,194.07000732421875,125.34734344482422,105.31999969482422,91.06999969482422,140.82618713378906,226.80999755859375,170.94775390625,50.142269134521484,126.52330017089844,229.17999267578125,171.5714111328125
2025-06-05,22.6299991607666,220.571533203125,69.9021987915039,40.08000183105469,115.73500061035156,522.989990234375,115.80000305175781,62.720001220703125,172.02554321289062,167.52870178222656,52.77000045776367,31.280345916748047,330.7799987792969,144.02999877929688,63.0,139.79409790039062,56.95000076293945,197.11000061035156,124.74790954589844,105.16000366210938,94.19999694824219,140.5594024658203,221.1300048828125,164.7945098876953,49.277587890625,125.83175659179688,231.02999877929688,169.76319885253906
2025-06-06,22.739999771118164,222.70111083984375,69.97117614746094,40.599998474121094,117.10250091552734,512.9500122070312,117.66000366210938,63.810001373291016,175.17076110839844,172.97653198242188,56.33000183105469,31.48209571838379,265.2699890136719,144.14999389648438,63.40999984741211,141.52166748046875,56.560001373291016,199.60000610351562,125.07785034179688,105.58000183105469,95.80000305175781,142.10096740722656,221.5,166.07925415039062,49.862510681152344,126.8987045288086,232.72000122070312,172.49537658691406
2025-06-09,21.989999771118164,219.71835327148438,69.97117614746094,42.279998779296875,116.09750366210938,497.92999267578125,116.51000213623047,63.880001068115234,175.240234375,175.58908081054688,56.86000061035156,31.67423439025879,259.0400085449219,143.47999572753906,63.0,142.43040466308594,56.459999084472656,196.3300018310547,125.01052856445312,102.5999984741211,93.41999816894531,140.4803466796875,218.7100067138672,165.30648803710938,49.95840072631836,124.8240737915039,233.5,168.2729034423828
2025-06-10,22.610000610351562,217.6783905029297,69.29126739501953,42.54999923706055,116.9124984741211,486.0199890136719,117.95999908447266,61.83000183105469,172.70022583007812,178.0919647216797,55.25,31.655017852783203,258.5,143.7100067138672,63.040000915527344,143.758544921875,56.93000030517578,195.9499969482422,126.8093032836914,102.30999755859375,93.72000122070312,138.82041931152344,220.02999877929688,165.71218872070312,50.063880920410156,124.51781463623047,234.91000366210938,163.58348083496094
2025-06-11,22.770000457763672,216.8176727294922,70.11898040771484,42.06999969482422,119.24500274658203,473.7799987792969,124.5199966430664,60.20000076293945,171.9660186767578,176.8455047607422,57.560001373291016,31.568559646606445,252.27999877929688,143.58999633789062,62.59000015258789,142.6400146484375,56.790000915527344,194.38999938964844,124.95280456542969,102.1500015258789,96.16999816894531,135.16358947753906,213.80999755859375,163.28756713867188,49.63237762451172,123.02603912353516,234.74000549316406,165.70960998535156
2025-06-12,22.1299991607666,216.6459197998047,70.65107727050781,41.97999954223633,120.43250274658203,481.4800109863281,128.5399932861328,59.290000915527344,170.35865783691406,175.20018005371094,57.150001525878906,31.837553024291992,247.02999877929688,141.30999755859375,63.689998626708984,144.80712890625,55.72999954223633,197.6699981689453,127.26140594482422,104.08000183105469,95.11000061035156,132.26983642578125,214.39999389648438,164.03140258789062,49.402244567871094,122.9568862915039,234.4600067138672,172.74375915527344
2025-06-13,21.229999542236328,210.15798950195312,70.1781005859375,41.15999984741211,120.15499877929688,478.4800109863281,125.26000213623047,55.9900016784668,164.33609008789062,174.17312622070312,55.47999954223633,31.72226905822754,239.11000061035156,138.1699981689453,63.060001373291016,141.78115844726562,52.2599983215332,196.27000427246094,125.86664581298828,102.62000274658203,97.16999816894531,130.66441345214844,208.50999450683594,159.2691650390625,48.510475158691406,122.41352844238281,230.22999572753906,172.62454223632812
2025-06-16,21.1200008392334,212.96067810058594,70.19780731201172,43.4900016784668,119.84750366210938,474.8999938964844,126.20999908447266,53.88999938964844,163.3240509033203,176.26715087890625,59.779998779296875,31.799123764038086,241.2899932861328,142.32000732421875,63.880001068115234,144.49752807617188,53.0099983215332,198.11000061035156,126.40531158447266,105.0,100.44000244140625,129.970703125,207.52999877929688,157.26959228515625,47.58034133911133,122.76918029785156,238.60000610351562,176.0522003173828
2025-06-17,20.850000381469727,210.26388549804688,69.45877838134766,44.15999984741211,123.00749969482422,476.29998779296875,125.56999969482422,54.529998779296875,160.72451782226562,175.44947814941406,59.2400016784668,31.578163146972656,235.1999969482422,145.58999633789062,62.779998779296875,143.92828369140625,52.08000183105469,202.0500030517578,124.36603546142578,102.66999816894531,101.12000274658203,127.88961029052734,205.44000244140625,155.09616088867188,47.311859130859375,121.52440643310547,237.52000427246094,176.5986328125
2025-06-18,21.520000457763672,209.67723083496094,69.91204833984375,44.06999969482422,121.29000091552734,478.7300109863281,122.23999786376953,55.29999923706055,161.19085693359375,172.8269805908203,61.06999969482422,31.904802322387695,228.64999389648438,148.25999450683594,63.189998626708984,145.28648376464844,51.869998931884766,199.77999877929688,124.15443420410156,107.69000244140625,102.6500015258789,126.89859008789062,201.5500030517578,154.55520629882812,46.80364227294922,121.0600814819336,238.5,180.18482971191406
2025-06-20,21.559999465942383,210.38209533691406,70.14854431152344,43.369998931884766,119.07499694824219,471.57000732421875,119.8499984741211,56.15999984741211,163.59194946289062,166.16598510742188,64.22000122070312,32.2602653503418,227.47000122070312,148.8699951171875,63.09000015258789,143.6586456298828,52.66999816894531,199.24000549316406,124.15443420410156,107.23999786376953,102.08999633789062,126.52198791503906,198.1699981689453,156.87355041503906,46.07487487792969,122.00849151611328,238.3699951171875,184.1341094970703
2025-06-23,20.850000381469727,211.5478515625,70.4343032836914,42.83000183105469,122.95249938964844,448.5400085449219,123.11000061035156,53.91999816894531,164.52459716796875,164.72007751464844,41.97999954223633,31.952835083007812,225.55999755859375,150.69000244140625,63.209999084472656,143.9782257080078,53.06999969482422,203.32000732421875,124.17366027832031,108.81999969482422,103.48999786376953,126.72019958496094,197.67999267578125,157.74293518066406,46.07487487792969,123.2532730102539,241.58999633789062,185.57655334472656
2025-06-24,21.520000457763672,217.45030212402344,69.18287658691406,45.40999984741211,121.34500122070312,422.7900085449219,121.87000274658203,53.369998931884766,167.89804077148438,166.2956085205078,42.95000076293945,32.2314338684082,232.92999267578125,147.77999877929688,63.56999969482422,147.70326232910156,52.459999084472656,201.69000244140625,126.05901336669922,108.04000091552734,104.77999877929688,127.17607116699219,196.7899932861328,158.89244079589844,46.237892150878906,123.09519958496094,243.0500030517578,185.19850158691406
2025-06-25,20.940000534057617,217.57408142089844,67.5668716430664,45.470001220703125,123.52249908447266,397.67999267578125,125.41000366210938,53.04999923706055,164.4551544189453,170.19447326660156,41.40999984741211,31.683837890625,231.52000427246094,146.19000244140625,62.20000076293945,154.10475158691406,51.47999954223633,204.3000030517578,123.1444091796875,105.4800033569336,102.83999633789062,126.13550567626953,188.2100067138672,156.0331573486328,45.298179626464844,121.00081634521484,241.63999938964844,185.34774780273438
2025-06-26,22.059999465942383,221.9629669189453,68.1186752319336,45.41999816894531,126.30500030517578,398.6600036621094,124.88999938964844,50.630001068115234,165.49693298339844,173.0463409423828,46.279998779296875,31.74148178100586,231.5800018310547,147.1999969482422,62.189998626708984,154.8137969970703,51.59000015258789,202.33999633789062,123.33679962158203,107.9000015258789,105.0,125.4814453125,187.05999755859375,155.83029174804688,45.298179626464844,120.66490173339844,239.3300018310547,189.4064483642578
2025-06-27,21.899999618530273,225.81558227539062,67.49789428710938,45.88999938964844,124.8324966430664,411.260009765625,126.33000183105469,50.63999938964844,169.42601013183594,178.0221405029297,49.40999984741211,31.78017807006836,235.02000427246094,149.99000549316406,61.709999084472656,157.5401611328125,52.4900016784668,200.57000732421875,126.04937744140625,108.69999694824219,105.58999633789062,126.74993133544922,190.1699981689453,155.8399658203125,45.489952087402344,121.88993072509766,241.44000244140625,194.022216796875
2025-06-30,22.690000534057617,229.6277313232422,67.71467590332031,46.38999938964844,127.32749938964844,410.0199890136719,124.44000244140625,50.15999984741211,167.36224365234375,175.72866821289062,49.849998474121094,31.98334503173828,237.5800018310547,151.27999877929688,62.63999938964844,157.7798614501953,52.04999923706055,204.63999938964844,127.01130676269531,109.05000305175781,105.19999694824219,126.43280792236328,190.80999755859375,157.14401245117188,46.11323165893555,121.99860382080078,242.85000610351562,192.7986602783203
2025-07-01,23.489999771118164,227.3069610595703,68.23692321777344,46.0,123.01750183105469,403.05999755859375,126.66999816894531,51.36000061035156,172.6803741455078,175.33978271484375,47.959999084472656,32.47673416137695,245.1199951171875,149.8800048828125,63.540000915527344,153.0961151123047,52.209999084472656,197.5800018310547,130.1086883544922,106.54000091552734,100.6500015258789,128.8013153076172,199.63999938964844,160.75674438476562,47.05295181274414,123.64844512939453,240.10000610351562,184.1341094970703
2025-07-02,23.190000534057617,226.1578826904297,68.32559967041016,46.369998931884766,124.0250015258789,397.0,129.47999572753906,52.959999084472656,169.67404174804688,178.13182067871094,47.459999084472656,32.737937927246094,246.3000030517578,149.11000061035156,63.040000915527344,157.04083251953125,53.70000076293945,196.97000122070312,131.28219604492188,106.83000183105469,102.4000015258789,130.33737182617188,205.27999877929688,167.95323181152344,47.50363540649414,123.79662322998047,239.50999450683594,186.04408264160156
2025-07-03,23.360000610351562,226.7544403076172,67.90190124511719,46.560001373291016,128.52499389648438,391.8599853515625,130.97999572753906,54.369998931884766,175.10130310058594,179.019287109375,47.97999954223633,32.68956756591797,247.67999267578125,149.27000427246094,63.08000183105469,159.12806701660156,54.310001373291016,201.82000732421875,130.22410583496094,107.75,103.58999633789062,130.3671112060547,201.0800018310547,166.4559783935547,47.407745361328125,124.33998107910156,240.11000061035156,191.19703674316406
2025-07-07,23.31999969482422,230.6859893798828,67.5668716430664,45.689998626708984,126.36499786376953,396.45001220703125,122.38999938964844,53.66999816894531,176.41099548339844,176.28707885742188,48.41999816894531,32.679893493652344,237.57000732421875,147.38999938964844,62.849998474121094,158.02952575683594,54.36000061035156,201.4199981689453,129.3295135498047,106.9000015258789,107.76000213623047,129.59413146972656,198.6300048828125,164.54335021972656,46.9858283996582,123.65830993652344,242.52999877929688,192.68923950195312
2025-07-08,24.1200008392334,226.61679077148438,66.57164001464844,45.59000015258789,126.92749786376953,389.45001220703125,116.98999786376953,53.459999084472656,176.16294860839844,173.86399841308594,48.959999084472656,32.921749114990234,238.5399932861328,144.42999267578125,61.59000015258789,159.78717041015625,52.599998474121094,203.99000549316406,129.8970489501953,106.33000183105469,104.94000244140625,130.3770294189453,198.33999633789062,164.74620056152344,47.35021209716797,123.74723052978516,240.55999755859375,189.18759155273438
2025-07-09,24.420000076293945,224.8203887939453,66.52237701416016,46.099998474121094,128.37750244140625,390.75,117.66000366210938,54.130001068115234,174.71435546875,176.11756896972656,51.2400016784668,32.55412673950195,235.88999938964844,143.55999755859375,59.56999969482422,162.66336059570312,54.119998931884766,206.05999755859375,129.35838317871094,105.56999969482422,106.68000030517578,130.0301513671875,193.88999938964844,163.28756713867188,47.513221740722656,123.93492889404297,242.22999572753906,195.98193359375
2025-07-10,24.690000534057617,226.82225036621094,66.64061737060547,45.18000030517578,121.77749633789062,380.44000244140625,115.37000274658203,58.15999984741211,181.5406036376953,177.11473083496094,50.27000045776367,32.55412673950195,238.52000427246094,144.4600067138672,59.16999816894531,163.88174438476562,53.310001373291016,192.07000732421875,130.89744567871094,108.27999877929688,105.02999877929688,129.6833038330078,197.6699981689453,166.2627716064453,47.762535095214844,122.6605224609375,235.3300018310547,194.7583770751953
2025-07-11,24.360000610351562,226.766357421875,66.51251983642578,45.09000015258789,119.61250305175781,370.82000732421875,109.9800033569336,57.869998931884766,182.2053680419922,179.6774444580078,47.88999938964844,32.39933776855469,236.50999450683594,143.94000244140625,58.83000183105469,164.7006378173828,52.439998626708984,187.38999938964844,130.1086883544922,110.43000030517578,105.69000244140625,129.9905242919922,194.97999572753906,166.3303985595703,47.944725036621094,122.21595001220703,233.9199981689453,195.55421447753906
2025-07-14,24.079999923706055,228.70753479003906,66.80813598632812,45.470001220703125,119.04499816894531,376.4200134277344,106.0199966430664,57.709999084472656,182.1260223388672,181.04351806640625,52.029998779296875,32.17682647705078,228.88999938964844,148.4600067138672,59.66999816894531,163.85177612304688,53.2599983215332,190.72000122070312,130.4068603515625,111.33000183105469,111.83000183105469,129.9905242919922,192.0,158.97935485839844,47.4365119934082,122.06775665283203,238.4600067138672,193.79342651367188
2025-07-15,23.270000457763672,225.1174774169922,65.97056579589844,45.5099983215332,118.31999969482422,378.30999755859375,106.86000061035156,55.689998626708984,177.59170532226562,181.48226928710938,50.459999084472656,31.673765182495117,222.19000244140625,146.07000732421875,58.939998626708984,170.47293090820312,53.459999084472656,192.25,128.71389770507812,109.55000305175781,112.4800033569336,126.44271087646484,191.3800048828125,160.34140014648438,47.03377151489258,120.26973724365234,237.6999969482422,190.37136840820312
2025-07-16,22.68000030517578,224.4273223876953,66.72930145263672,44.45000076293945,117.61250305175781,361.3500061035156,108.51000213623047,56.040000915527344,176.9071044921875,182.44952392578125,51.849998474121094,32.128456115722656,226.11000061035156,148.58999633789062,58.650001525878906,171.14205932617188,52.880001068115234,192.58999633789062,130.1952362060547,109.56999969482422,119.0199966430664,127.93914794921875,192.24000549316406,162.3988800048828,47.63787841796875,119.88445281982422,238.72999572753906,183.16917419433594
2025-07-17,22.770000457763672,225.45106506347656,66.8573989868164,44.45000076293945,117.4574966430664,361.95001220703125,110.9000015258789,57.970001220703125,180.65756225585938,183.05776977539062,49.9900016784668,32.78630828857422,233.30999755859375,150.72000122070312,59.09000015258789,172.7698974609375,54.2400016784668,196.27999877929688,139.90098571777344,110.13999938964844,122.16999816894531,129.30673217773438,194.60000610351562,165.68319702148438,48.270748138427734,120.69454193115234,233.9199981689453,181.05027770996094
2025-07-18,21.920000076293945,226.20309448242188,66.9165267944336,44.43000030517578,118.98999786376953,370.489990234375,117.62999725341797,59.63999938964844,183.48529052734375,184.53358459472656,50.380001068115234,32.44771194458008,229.77000427246094,150.49000549316406,59.0,172.18067932128906,53.119998931884766,195.77999877929688,137.78475952148438,112.4800033569336,124.5,128.77159118652344,192.24000549316406,164.76553344726562,48.00225830078125,120.69454193115234,231.17999267578125,192.0028076171875
2025-07-21,21.639999389648438,225.1817626953125,67.16287231445312,43.61000061035156,120.3949966430664,355.8500061035156,111.61000061035156,60.40999984741211,184.02108764648438,189.5592498779297,47.599998474121094,32.2348747253418,223.2100067138672,149.44000244140625,59.43000030517578,171.1520538330078,53.209999084472656,199.8800048828125,136.3034210205078,110.0199966430664,124.5,132.81491088867188,194.22999572753906,162.23468017578125,47.906368255615234,123.43109893798828,231.6300048828125,187.2477569580078
2025-07-22,22.040000915527344,229.0839385986328,68.32559967041016,44.34000015258789,117.80750274658203,356.2300109863281,116.05000305175781,63.689998626708984,187.96006774902344,190.7957000732422,50.0099983215332,32.679893493652344,223.92999267578125,150.97000122070312,59.59000015258789,166.80783081054688,50.36000061035156,196.72999572753906,140.47811889648438,113.55000305175781,120.19999694824219,134.53924560546875,204.13999938964844,169.39254760742188,49.51731491088867,124.0831298828125,231.07000732421875,188.10328674316406
2025-07-23,22.969999313354492,227.5286865234375,69.48833465576172,45.15999984741211,115.37999725341797,359.7900085449219,117.66000366210938,62.86000061035156,190.6885986328125,189.68887329101562,58.02000045776367,32.40901184082031,224.02999877929688,153.6699981689453,59.189998626708984,170.55284118652344,51.63999938964844,199.22000122070312,140.11260986328125,113.0,118.62999725341797,135.93658447265625,207.82000732421875,170.09767150878906,49.93922424316406,124.83394622802734,228.72999572753906,199.07571411132812
2025-07-24,21.739999771118164,224.10482788085938,69.06462860107422,46.310001373291016,115.50749969482422,360.95001220703125,119.22000122070312,63.97999954223633,188.991943359375,191.62332153320312,57.31999969482422,32.47673416137695,218.69000244140625,152.88999938964844,60.18000030517578,173.5089111328125,49.95000076293945,201.16000366210938,139.00637817382812,112.41000366210938,118.12000274658203,135.21315002441406,201.80999755859375,169.66299438476562,48.778961181640625,124.73516082763672,225.75,195.2159881591797
2025-07-25,22.260000228881836,223.40159606933594,69.17301940917969,46.63999938964844,116.9800033569336,364.0899963378906,120.86000061035156,62.459999084472656,185.87648010253906,192.63046264648438,57.650001525878906,32.186500549316406,219.42999267578125,153.05999755859375,60.65999984741211,173.26922607421875,50.7599983215332,203.27000427246094,137.98675537109375,112.75,118.81999969482422,137.08615112304688,215.0,169.5470733642578,49.08580780029297,124.91297912597656,224.75,191.19703674316406
2025-07-28,22.690000534057617,225.2451934814453,65.37934112548828,46.959999084472656,118.04499816894531,340.489990234375,120.94999694824219,62.75,185.69789123535156,192.03216552734375,58.68000030517578,31.89627456665039,216.58999633789062,153.0800018310547,60.209999084472656,176.51490783691406,50.95000076293945,204.5,136.17835998535156,111.2300033569336,120.95999908447266,139.55377197265625,208.1999969482422,166.72645568847656,47.868011474609375,123.87566375732422,226.10000610351562,194.85784912109375
2025-07-29,22.260000228881836,221.75550842285156,65.9015884399414,47.439998626708984,116.37750244140625,333.7099914550781,119.93000030517578,60.29999923706055,181.38185119628906,195.1931610107422,60.27000045776367,32.74760818481445,214.0399932861328,150.49000549316406,61.38999938964844,175.2765350341797,51.75,193.83999633789062,138.41000366210938,110.44999694824219,118.33000183105469,138.30508422851562,211.7899932861328,169.84652709960938,48.53923797607422,124.84382629394531,223.97999572753906,196.966796875
2025-07-30,22.450000762939453,222.63368225097656,65.56656646728516,46.540000915527344,115.7874984741211,341.3399963378906,123.27999877929688,61.97999954223633,178.38543701171875,195.970947265625,65.52999877929688,32.718589782714844,206.47000122070312,152.19000244140625,61.040000915527344,179.03155517578125,50.68000030517578,183.02999877929688,137.41921997070312,111.02999877929688,124.94000244140625,137.23480224609375,211.8000030517578,166.59165954589844,47.29267501831055,124.29058074951172,223.80999755859375,205.9695587158203
2025-07-31,21.770000457763672,218.31619262695312,56.826324462890625,45.34000015258789,113.64250183105469,346.54998779296875,121.19000244140625,58.27000045776367,178.81210327148438,191.35411071777344,66.18000030517578,31.586694717407227,200.52999877929688,147.6999969482422,58.75,177.63340759277344,48.56999969482422,173.60000610351562,132.66737365722656,109.19000244140625,137.7899932861328,135.31224060058594,207.0800018310547,162.2971649169922,46.71733856201172,123.02603912353516,222.72999572753906,207.4517822265625
2025-08-01,21.09000015258789,213.64491271972656,56.26466369628906,44.720001220703125,111.66500091552734,338.989990234375,116.41999816894531,58.77000045776367,176.66897583007812,188.5919952392578,62.54999923706055,32.2348747253418,193.3300018310547,146.13999938964844,59.02000045776367,173.4889373779297,47.029998779296875,172.8800048828125,133.97557067871094,107.61000061035156,125.02999877929688,135.77801513671875,209.50999450683594,161.4615478515625,46.228302001953125,124.47828674316406,220.5800018310547,206.96434020996094
2025-08-04,21.3700008392334,217.206787109375,57.33871841430664,45.18000030517578,113.71499633789062,352.3599853515625,116.27999877929688,57.310001373291016,183.5448455810547,194.48516845703125,63.349998474121094,32.19617462158203,196.4499969482422,151.2899932861328,60.349998474121094,179.7605743408203,47.599998474121094,171.0,134.24490356445312,110.27999877929688,130.6999969482422,140.6934051513672,218.42999267578125,165.4548797607422,46.61186599731445,127.6594009399414,225.99000549316406,212.9429931640625
2025-08-05,21.760000228881836,216.48370361328125,58.78721618652344,42.7400016784668,110.4375,340.30999755859375,109.83999633789062,55.97999954223633,180.41944885253906,194.1162109375,55.52000045776367,32.2348747253418,195.07000732421875,150.4199981689453,59.040000915527344,178.0229034423828,47.150001525878906,169.08999633789062,134.13909912109375,109.2699966430664,127.11000061035156,140.5150146484375,217.61000061035156,165.8046417236328,47.1967887878418,127.21483612060547,225.9199981689453,208.50625610351562
2025-08-06,18.0,219.59536743164062,59.43756103515625,42.7400016784668,112.92250061035156,343.6099853515625,110.38999938964844,56.20000076293945,183.69366455078125,195.53219604492188,51.130001068115234,32.32194137573242,196.50999450683594,149.2899932861328,59.5,179.18133544921875,46.810001373291016,172.88999938964844,135.4376983642578,106.12000274658203,134.13999938964844,145.2322235107422,218.3800048828125,164.3569793701172,48.14609146118164,130.50462341308594,227.2100067138672,199.8019256591797
2025-08-07,18.200000762939453,215.46192932128906,60.452491760253906,50.119998931884766,106.25,390.8399963378906,99.91999816894531,60.4900016784668,186.1443634033203,195.96096801757812,51.04999923706055,32.79598617553711,191.13999938964844,148.27000427246094,60.79999923706055,180.52955627441406,45.15999984741211,168.10000610351562,138.43887329101562,105.37999725341797,129.6300048828125,143.8448028564453,221.3800048828125,168.30169677734375,47.46527862548828,130.38607788085938,226.49000549316406,204.51718139648438
2025-08-08,19.239999771118164,214.42312622070312,61.0831298828125,51.95000076293945,106.12249755859375,370.3399963378906,101.7699966430664,60.90999984741211,193.73460388183594,200.84703063964844,51.939998626708984,33.299049377441406,189.42999267578125,153.1300048828125,64.69000244140625,182.4569854736328,45.65999984741211,167.05999755859375,139.67974853515625,106.62999725341797,128.7100067138672,143.91419982910156,217.47999572753906,165.75607299804688,48.606361389160156,129.783447265625,217.3699951171875,201.06527709960938
2025-08-11,19.06999969482422,212.77069091796875,60.472198486328125,54.0,106.60749816894531,340.5899963378906,111.66999816894531,61.77000045776367,191.12515258789062,200.42822265625,49.97999954223633,33.49253463745117,186.44000244140625,154.47000122070312,63.65999984741211,181.81784057617188,45.720001220703125,168.1699981689453,139.35267639160156,105.87000274658203,130.74000549316406,145.1727752685547,213.8699951171875,163.929443359375,48.24198532104492,130.80099487304688,222.6699981689453,199.03594970703125
2025-08-12,20.329999923706055,216.62966918945312,60.491905212402344,54.720001220703125,108.94999694824219,322.92999267578125,116.75,66.48999786376953,201.6026611328125,202.76156616210938,47.959999084472656,33.67634963989258,192.92999267578125,158.42999267578125,64.02999877929688,182.9163818359375,49.810001373291016,175.39999389648438,141.27651977539062,106.2300033569336,129.52999877929688,146.669189453125,220.75,165.15367126464844,48.94197082519531,131.77903747558594,232.55999755859375,208.46646118164062
2025-08-13,20.770000457763672,216.0894317626953,60.24556350708008,56.06999969482422,108.02999877929688,327.92999267578125,122.91999816894531,70.08999633789062,208.04196166992188,201.385498046875,48.33000183105469,33.6860237121582,200.49000549316406,158.8699951171875,64.1500015258789,181.3484649658203,48.189998626708984,176.86000061035156,143.6620635986328,107.19000244140625,126.77999877929688,148.92868041992188,224.74000549316406,165.5325927734375,49.58443069458008,132.48046875,236.13999938964844,204.20880126953125
2025-08-14,20.65999984741211,217.5510711669922,59.792293548583984,56.66999816894531,106.21499633789062,329.8800048828125,119.5999984741211,68.20999908447266,205.58132934570312,202.3627166748047,47.130001068115234,33.50221252441406,195.19000244140625,161.60000610351562,64.19999694824219,181.77789306640625,44.209999084472656,173.5500030517578,142.95986938476562,104.83999633789062,125.27999877929688,146.0547637939453,219.75,164.69700622558594,49.124168395996094,131.761962890625,233.16000366210938,201.29408264160156
2025-08-15,20.979999542236328,216.3420867919922,60.4820556640625,57.29999923706055,106.9749984741211,326.92999267578125,116.37000274658203,66.43000030517578,205.81947326660156,203.31996154785156,46.02000045776367,33.64732360839844,198.4600067138672,160.92999267578125,64.63999938964844,180.20997619628906,45.34000015258789,177.08999633789062,144.67205810546875,107.5199966430664,117.33999633789062,145.61871337890625,220.30999755859375,163.453369140625,49.30635452270508,131.4348907470703,232.17999267578125,196.30029296875
2025-08-18,21.1299991607666,219.42442321777344,60.649566650390625,61.20000076293945,106.58499908447266,369.19000244140625,123.73999786376953,64.95999908447266,205.0554656982422,202.92111206054688,45.099998474121094,33.52156066894531,203.6199951171875,162.1199951171875,64.12000274658203,181.76788330078125,45.220001220703125,176.1699981689453,143.8544464111328,106.87000274658203,119.94999694824219,144.74664306640625,215.9600067138672,161.5295867919922,49.01868438720703,131.87095642089844,232.5500030517578,197.92176818847656
2025-08-19,21.59000015258789,221.4901580810547,61.32947540283203,60.470001220703125,104.6500015258789,340.6600036621094,119.83000183105469,63.4900016784668,206.41476440429688,200.99661254882812,42.18000030517578,34.034297943115234,197.66000366210938,162.89999389648438,63.9900016784668,175.4063720703125,45.029998779296875,181.55999755859375,146.3650360107422,108.30000305175781,118.27999877929688,146.55027770996094,223.58999633789062,161.18951416015625,49.43101119995117,133.4170379638672,228.36000061035156,192.51016235351562
2025-08-20,21.299999237060547,223.69947814941406,62.16703796386719,61.95000076293945,104.7925033569336,338.8800048828125,120.44000244140625,64.95999908447266,204.0731964111328,198.7530059814453,43.380001068115234,34.034297943115234,198.1199951171875,161.89999389648438,64.38999938964844,175.1667022705078,45.2400016784668,184.42999267578125,144.989501953125,107.55999755859375,118.48999786376953,145.03404235839844,218.3300018310547,161.57815551757812,49.21046829223633,137.034423828125,228.6699981689453,191.90333557128906
2025-08-21,21.420000076293945,226.51406860351562,62.13747787475586,62.06999969482422,103.51499938964844,345.5199890136719,116.30999755859375,62.91999816894531,203.7458038330078,199.18177795410156,43.959999084472656,34.053646087646484,198.17999267578125,162.47000122070312,64.36000061035156,174.74725341796875,44.58000183105469,183.32000732421875,143.30615234375,106.94999694824219,114.8499984741211,144.3105926513672,218.2100067138672,160.24703979492188,49.61320495605469,136.28118896484375,227.8699951171875,189.28707885742188
2025-08-22,22.440000534057617,226.91586303710938,62.92577362060547,61.52000045776367,105.13749694824219,331.8699951171875,118.1500015258789,62.65999984741211,213.13186645507812,205.50375366210938,44.56999969482422,33.99559783935547,207.58999633789062,165.72000122070312,62.84000015258789,177.7532501220703,46.560001373291016,185.8800048828125,143.94100952148438,107.54000091552734,117.5199966430664,145.92593383789062,223.63999938964844,162.86070251464844,50.639217376708984,135.31985473632812,229.02999877929688,189.4661407470703
2025-08-25,22.170000076293945,226.23086547851562,62.11777114868164,60.189998626708984,104.7074966430664,321.44000244140625,113.94000244140625,57.38999938964844,211.68328857421875,207.89691162109375,42.9900016784668,30.087173461914062,202.44000244140625,165.83999633789062,62.29999923706055,179.57083129882812,45.59000015258789,184.5500030517578,142.55584716796875,104.87000274658203,124.80999755859375,146.12413024902344,217.3000030517578,159.03253173828125,49.48854446411133,134.28915405273438,231.8300018310547,189.08811950683594
2025-08-26,21.549999237060547,226.31338500976562,61.81230163574219,59.56999969482422,104.4000015258789,316.0199890136719,115.04000091552734,56.220001220703125,211.9611053466797,206.55075073242188,45.349998474121094,28.007190704345703,202.52999877929688,166.6199951171875,62.119998931884766,181.52822875976562,45.18000030517578,184.22999572753906,141.4015655517578,105.52999877929688,124.76000213623047,146.99623107910156,216.13999938964844,153.87330627441406,48.26116180419922,135.4586181640625,230.82000732421875,194.10182189941406
2025-08-27,22.190000534057617,222.74354553222656,61.87142562866211,59.7599983215332,105.65249633789062,317.92999267578125,124.9000015258789,54.43000030517578,210.5522003173828,206.88978576660156,44.0099983215332,28.752113342285156,205.57000732421875,165.57000732421875,61.72999954223633,181.35845947265625,45.18000030517578,187.61000061035156,142.01718139648438,105.68000030517578,122.69999694824219,148.9385986328125,221.97000122070312,155.94284057617188,49.02827453613281,136.0037078857422,232.02999877929688,193.58453369140625
2025-08-28,22.6200008392334,224.1837615966797,61.7236213684082,59.689998626708984,110.5,322.7799987792969,129.35000610351562,53.869998931884766,213.4349822998047,211.03794860839844,44.119998931884766,28.336116790771484,205.0800018310547,166.6199951171875,62.02000045776367,179.93035888671875,44.59000015258789,191.02000427246094,141.38230895996094,106.80000305175781,126.87999725341797,147.7097625732422,216.41000366210938,154.5728759765625,48.15568161010742,135.89468383789062,234.89999389648438,195.67356872558594
2025-08-29,22.959999084472656,222.08395385742188,61.75318145751953,62.880001068115234,105.92500305175781,297.8599853515625,125.0,53.0099983215332,213.52442932128906,212.30435180664062,42.349998474121094,28.142629623413086,202.1999969482422,166.49000549316406,62.40999984741211,173.9483184814453,45.08000183105469,190.52000427246094,142.98870849609375,104.80000305175781,124.58999633789062,145.8367462158203,221.08999633789062,157.34194946289062,48.414588928222656,135.38925170898438,233.27000427246094,188.12318420410156
2025-09-02,23.450000762939453,218.37530517578125,60.472198486328125,61.40999984741211,103.375,289.9800109863281,125.5999984741211,51.70000076293945,210.8603515625,210.74879455566406,41.529998779296875,27.96849250793457,200.2100067138672,165.47000122070312,62.66999816894531,170.55284118652344,44.790000915527344,190.52000427246094,144.556640625,101.72000122070312,128.47000122070312,149.8899688720703,215.72999572753906,146.96519470214844,48.184444427490234,137.3317413330078,240.9499969482422,184.84039306640625
2025-09-03,23.329999923706055,221.44532775878906,58.68867874145508,61.099998474121094,103.30000305175781,282.5150146484375,130.16000366210938,51.970001220703125,211.27786254882812,230.00387573242188,44.459999084472656,28.142629623413086,198.52999877929688,161.97000122070312,63.5099983215332,170.39306640625,44.79999923706055,191.52999877929688,142.97911071777344,101.8499984741211,133.4600067138672,149.3746337890625,218.97000122070312,142.3306427001953,47.762535095214844,138.2236785888672,238.86000061035156,187.13833618164062
2025-09-04,23.649999618530273,221.56076049804688,58.30438232421875,60.7599983215332,103.11499786376953,272.70001220703125,133.72000122070312,52.209999084472656,215.23422241210938,231.63919067382812,48.11000061035156,28.297420501708984,206.08999633789062,162.97999572753906,63.45000076293945,171.4316864013672,46.04999923706055,192.35000610351562,141.29574584960938,102.95999908447266,129.7899932861328,151.43592834472656,222.8699951171875,141.7379608154297,47.858421325683594,139.7598419189453,240.64999389648438,188.73992919921875
2025-09-05,23.719999313354492,218.76116943359375,59.348876953125,58.369998931884766,104.40750122070312,271.17999267578125,133.97000122070312,54.060001373291016,213.6735382080078,234.33151245117188,48.40999984741211,27.71695899963379,167.8000030517578,163.4199981689453,62.459999084472656,166.7978515625,45.52000045776367,194.4600067138672,142.19227600097656,104.51000213623047,127.69000244140625,149.59266662597656,226.97000122070312,144.21554565429688,48.77803039550781,138.01556396484375,239.67999267578125,187.0189666748047
2025-09-08,22.540000915527344,221.3000946044922,58.56058120727539,55.63999938964844,107.01499938964844,271.2799987792969,138.0,58.20000076293945,215.91018676757812,233.5829620361328,49.63999938964844,26.73017692565918,168.10000610351562,169.39999389648438,63.02000045776367,168.0861358642578,45.20000076293945,197.3800048828125,137.64649963378906,104.2300033569336,128.47000122070312,150.20709228515625,224.97999572753906,141.9517059326172,48.28434753417969,139.58145141601562,248.77999877929688,187.02891540527344
2025-09-09,23.299999237060547,221.38475036621094,58.44233703613281,56.040000915527344,105.87750244140625,273.489990234375,138.8300018310547,56.02000045776367,216.40719604492188,239.16204833984375,47.790000915527344,26.710830688476562,165.69000244140625,170.3000030517578,63.349998474121094,170.53286743164062,44.38999938964844,197.5500030517578,138.9966278076172,102.58000183105469,131.7899932861328,148.0955352783203,223.0,141.8351287841797,47.86810302734375,138.71922302246094,247.86000061035156,192.768798828125
2025-09-10,21.059999465942383,217.5298614501953,58.1073112487793,56.220001220703125,106.21749877929688,285.9100036621094,134.44000244140625,57.81999969482422,214.21035766601562,238.70294189453125,47.779998779296875,26.54636573791504,163.89999389648438,170.89999389648438,62.83000183105469,177.09413146972656,42.849998474121094,197.3300018310547,138.56924438476562,101.4800033569336,132.83999633789062,148.29429626464844,219.5800018310547,138.84255981445312,47.48089599609375,138.61021423339844,244.0399932861328,208.11830139160156
2025-09-11,22.309999465942383,218.45126342773438,58.146724700927734,57.91999816894531,108.34500122070312,309.3399963378906,138.07000732421875,59.59000015258789,220.0454864501953,239.90060424804688,51.7599983215332,26.691482543945312,165.77999877929688,174.05999755859375,63.79999923706055,176.94432067871094,43.29999923706055,198.3300018310547,140.09422302246094,103.43000030517578,132.9600067138672,150.1425018310547,219.97999572753906,138.92030334472656,47.5583381652832,139.57154846191406,246.5399932861328,202.9852294921875
2025-09-12,21.729999542236328,216.87466430664062,57.50623321533203,57.81999969482422,109.0250015258789,307.9100036621094,135.22000122070312,58.939998626708984,220.8705596923828,240.3297576904297,55.5,26.343204498291016,159.8699951171875,173.72999572753906,64.69000244140625,177.59349060058594,42.88999938964844,196.2899932861328,139.414306640625,101.7699966430664,133.30999755859375,146.96278381347656,216.69000244140625,135.52938842773438,46.87105178833008,138.23361206054688,246.25999450683594,208.60572814941406
2025-09-15,21.420000076293945,220.907958984375,57.69345474243164,56.06999969482422,111.19249725341797,285.1099853515625,144.3699951171875,57.79999923706055,226.88462829589844,251.11865234375,53.959999084472656,25.87883758544922,159.97999572753906,172.3800048828125,64.3499984741211,177.52357482910156,42.66999816894531,201.27999877929688,136.607177734375,100.55999755859375,137.25,146.1181640625,215.11000061035156,131.57493591308594,46.290245056152344,139.9084930419922,247.25,212.4058074951172
2025-09-16,21.709999084472656,217.5377960205078,57.082523345947266,55.27000045776367,111.24500274658203,280.739990234375,143.27999877929688,59.40999984741211,223.64398193359375,250.66954040527344,50.88999938964844,26.081998825073242,162.33999633789062,170.4199981689453,66.16000366210938,174.65724182128906,43.02000045776367,201.33999633789062,136.01466369628906,100.7699966430664,135.83999633789062,145.52195739746094,222.35000610351562,130.85595703125,45.9127197265625,138.302978515625,247.72999572753906,208.33714294433594
2025-09-17,21.920000076293945,220.66439819335938,57.959503173828125,56.34000015258789,111.375,279.1600036621094,146.11000061035156,60.619998931884766,223.8427734375,249.04270935058594,50.349998474121094,26.372228622436523,163.47999572753906,169.3699951171875,66.5199966430664,170.07308959960938,43.84000015258789,203.1199951171875,137.1802520751953,98.63999938964844,135.3800048828125,145.7306365966797,225.41000366210938,129.2625274658203,45.36095428466797,138.78858947753906,250.52000427246094,207.22299194335938
2025-09-18,22.06999969482422,216.2611846923828,57.723018646240234,55.189998626708984,125.65750122070312,289.6700134277344,146.6699981689453,64.8499984741211,220.60214233398438,251.537841796875,56.20000076293945,26.31418228149414,169.75999450683594,164.67999267578125,64.63999938964844,176.01551818847656,44.9900016784668,205.67999267578125,136.694580078125,100.27999877929688,135.5399932861328,145.16424560546875,223.52000427246094,129.24310302734375,45.39967727661133,138.67958068847656,249.74000549316406,209.06333923339844
2025-09-19,22.139999389648438,216.3231658935547,58.49160385131836,54.72999954223633,125.63749694824219,290.8999938964844,139.9600067138672,64.98999786376953,221.109130859375,254.22259521484375,57.81999969482422,26.22711181640625,169.6199951171875,163.72000122070312,64.12999725341797,176.4449462890625,45.22999954223633,208.19000244140625,137.69505310058594,101.0,135.17999267578125,145.253662109375,223.24000549316406,129.1459503173828,45.08023452758789,138.53091430664062,250.85000610351562,210.40374755859375
2025-09-22,23.020000457763672,216.827392578125,57.73286819458008,51.34000015258789,123.28500366210938,309.3399963378906,137.32000732421875,61.66999816894531,222.18270874023438,252.036865234375,57.70000076293945,25.104890823364258,173.41000366210938,165.14999389648438,63.97999954223633,183.37612915039062,45.59000015258789,208.17999267578125,136.98599243164062,101.79000091552734,136.83999633789062,143.7532501220703,215.74000549316406,129.69004821777344,43.647579193115234,138.1642303466797,251.63999938964844,217.01622009277344
2025-09-23,22.020000457763672,218.8891143798828,58.23540496826172,51.0099983215332,121.0250015258789,299.5,136.07000732421875,62.6349983215332,219.90631103515625,251.16856384277344,56.0,25.636980056762695,173.3300018310547,164.1300048828125,64.4800033569336,178.2027130126953,45.86000061035156,203.25,137.83103942871094,99.38999938964844,132.22000122070312,144.7568359375,215.99000549316406,128.03829956054688,42.679569244384766,138.47145080566406,251.27999877929688,203.39295959472656
2025-09-24,24.59000015258789,219.5478973388672,58.61970520019531,51.880001068115234,119.0824966430664,301.1700134277344,128.82000732421875,64.05000305175781,216.53643798828125,246.6573944091797,53.25,25.39512062072754,179.22000122070312,162.0800018310547,64.93000030517578,176.74456787109375,45.7599983215332,200.6999969482422,138.09329223632812,103.23999786376953,133.1300048828125,148.48306274414062,220.6699981689453,129.6025848388672,43.860538482666016,139.1850128173828,244.1199951171875,201.2220001220703
2025-09-25,23.770000457763672,221.5397186279297,58.84634017944336,51.810001373291016,118.27249908447266,313.489990234375,130.6999969482422,63.599998474121094,213.91212463378906,245.30999755859375,54.869998931884766,24.91140365600586,172.00999450683594,161.99000549316406,64.58999633789062,177.4636688232422,43.91999816894531,202.2100067138672,135.90780639648438,103.38999938964844,132.0399932861328,148.51290893554688,214.4600067138672,128.8835906982422,42.98933410644531,140.19590759277344,245.11000061035156,200.7838134765625
2025-09-26,24.530000686645508,220.4379119873047,58.27482223510742,54.38999938964844,120.3550033569336,326.3900146484375,129.77000427246094,64.18000030517578,221.54652404785156,246.0585479736328,58.400001525878906,24.89188003540039,176.3000030517578,161.7899932861328,65.33999633789062,177.96302795410156,42.470001220703125,202.3699951171875,136.41290283203125,103.66000366210938,135.05999755859375,150.55984497070312,215.02000427246094,128.72813415527344,43.395896911621094,141.8113555908203,256.1199951171875,206.36058044433594
2025-09-29,24.540000915527344,216.73521423339844,58.97443389892578,56.900001525878906,122.11250305175781,328.7799987792969,131.1999969482422,74.33999633789062,219.2005157470703,243.5734100341797,59.119998931884766,25.057828903198242,179.11000061035156,164.36000061035156,66.95999908447266,181.61837768554688,43.59000015258789,203.9600067138672,136.15065002441406,105.16999816894531,141.55999755859375,150.89767456054688,215.3800048828125,132.5951385498047,44.296146392822266,142.2375030517578,259.9599914550781,197.11907958984375
2025-09-30,24.760000228881836,214.5284423828125,58.73794937133789,57.4900016784668,122.59500122070312,321.8399963378906,132.47999572753906,66.38999938964844,212.48068237304688,242.6252899169922,56.720001220703125,24.901643753051758,177.92999267578125,163.39999389648438,67.30999755859375,186.3423309326172,42.349998474121094,203.6199951171875,136.41290283203125,103.80000305175781,138.52000427246094,151.42433166503906,211.4199981689453,130.84625244140625,43.802459716796875,143.2483673095703,258.3599853515625,195.1074676513672
2025-10-01,24.549999237060547,212.5930633544922,58.66897201538086,57.5,124.98999786376953,303.7200012207031,135.1999969482422,70.48999786376953,216.65573120117188,244.4217529296875,56.310001373291016,24.989498138427734,177.57000732421875,158.8800048828125,67.43000030517578,187.0015106201172,40.959999084472656,206.8000030517578,139.0354766845703,103.05999755859375,134.07000732421875,152.22918701171875,221.6999969482422,135.00473022460938,44.55751037597656,143.0303497314453,255.39999389648438,200.6742706298828
2025-10-02,26.6200008392334,215.5328826904297,59.181365966796875,58.900001525878906,124.19999694824219,313.0,135.91000366210938,72.54000091552734,216.39727783203125,245.21022033691406,57.869998931884766,25.126157760620117,178.1999969482422,156.6699981689453,67.58000183105469,188.64939880371094,42.36000061035156,209.3000030517578,138.22926330566406,102.69999694824219,133.5,155.18035888671875,223.22000122070312,136.52040100097656,44.70270919799805,141.2167205810547,256.94000244140625,201.80953979492188
2025-10-03,27.139999389648438,215.27464294433594,58.68867874145508,58.70000076293945,122.47000122070312,322.6300048828125,134.61000061035156,72.37999725341797,217.92811584472656,244.87088012695312,52.540000915527344,25.223773956298828,175.58999633789062,156.32000732421875,67.16999816894531,187.38099670410156,42.099998474121094,207.19000244140625,137.90875244140625,100.62999725341797,122.69000244140625,151.67274475097656,226.75999450683594,138.1624298095703,44.90599060058594,140.06707763671875,257.67999267578125,201.15228271484375
2025-10-06,26.459999084472656,215.34693908691406,57.65403747558594,59.11000061035156,123.98750305175781,320.30999755859375,138.32000732421875,70.0,222.50082397460938,249.94094848632812,54.7599983215332,24.696651458740234,174.1199951171875,155.94000244140625,67.08999633789062,185.30364990234375,42.56999969482422,212.5800018310547,135.69410705566406,97.95999908447266,126.2699966430664,151.29513549804688,217.30999755859375,134.77154541015625,44.18966293334961,141.83116149902344,256.9800109863281,199.57884216308594
2025-10-07,27.229999542236328,208.27964782714844,58.806922912597656,61.060001373291016,121.15499877929688,319.9800109863281,140.60000610351562,71.44000244140625,214.87637329101562,245.2800750732422,57.970001220703125,24.725934982299805,173.1699981689453,155.3300018310547,68.1500015258789,184.80429077148438,41.709999084472656,211.0399932861328,136.7528533935547,96.80000305175781,124.98999786376953,149.38731384277344,221.4499969482422,136.1609344482422,44.70270919799805,141.38519287109375,260.5,198.79209899902344
2025-10-08,25.600000381469727,203.87844848632812,58.659114837646484,62.90999984741211,127.48750305175781,347.2699890136719,145.07000732421875,70.13999938964844,211.1486358642578,244.14230346679688,58.16999816894531,24.969974517822266,174.82000732421875,149.9499969482422,68.7300033569336,188.86911010742188,43.619998931884766,217.7899932861328,134.85877990722656,95.91000366210938,125.97000122070312,151.05667114257812,220.13999938964844,138.70655822753906,44.14126205444336,139.45262145996094,258.07000732421875,205.69337463378906
2025-10-09,25.18000030517578,206.2902374267578,58.314239501953125,64.26000213623047,127.28250122070312,337.19000244140625,144.97000122070312,72.86000061035156,215.5225067138672,241.05833435058594,58.25,25.233535766601562,173.47999572753906,152.75,69.02999877929688,192.32470703125,43.29999923706055,215.1699981689453,140.5604705810547,94.2699966430664,126.43000030517578,149.0295867919922,226.5399932861328,138.91058349609375,44.538150787353516,137.32180786132812,256.69000244140625,209.12905883789062
2025-10-10,24.260000228881836,205.2174530029297,58.70838928222656,60.70000076293945,123.41500091552734,325.0,129.69000244140625,68.7300033569336,209.0809783935547,236.1080322265625,53.95000076293945,25.20425033569336,167.50999450683594,152.9600067138672,69.62000274658203,182.92669677734375,41.86000061035156,208.5500030517578,145.77647399902344,93.62000274658203,126.80000305175781,146.77398681640625,215.67999267578125,137.31715393066406,44.499427795410156,139.1255645751953,251.97000122070312,196.04356384277344
2025-10-13,24.290000915527344,208.75050354003906,58.49160385131836,61.13999938964844,127.15249633789062,330.0,132.69000244140625,70.41000366210938,214.3594512939453,243.67323303222656,54.72999954223633,25.789941787719727,169.85000610351562,153.86000061035156,67.1500015258789,188.0801239013672,42.970001220703125,213.27999877929688,144.62060546875,92.66999816894531,128.24000549316406,153.78924560546875,219.27999877929688,137.42404174804688,44.55751037597656,140.12652587890625,256.67999267578125,208.68092346191406
2025-10-14,24.93000030517578,209.79507446289062,59.33902359008789,61.86000061035156,122.23500061035156,332.6000061035156,132.49000549316406,71.91000366210938,221.79501342773438,244.97068786621094,54.02000045776367,26.053504943847656,169.1300048828125,152.8300018310547,68.61000061035156,179.80067443847656,42.18000030517578,207.55999755859375,147.19459533691406,94.7300033569336,133.27999877929688,154.27613830566406,222.6999969482422,137.22970581054688,45.23511505126953,142.81231689453125,257.7200012207031,204.65768432617188
2025-10-15,24.68000030517578,201.8771209716797,59.37843704223633,63.099998474121094,122.25499725341797,341.0799865722656,134.0800018310547,70.69999694824219,217.13287353515625,250.539794921875,62.7599983215332,26.28778076171875,167.10000610351562,155.22999572753906,68.6500015258789,179.60093688964844,41.439998626708984,206.6999969482422,146.8255157470703,94.26000213623047,138.55999755859375,155.9951629638672,223.60000610351562,134.94642639160156,44.88663101196289,143.86285400390625,261.5,209.9755401611328
2025-10-16,24.739999771118164,196.7694549560547,60.639713287353516,64.29000091552734,120.55750274658203,330.55999755859375,135.85000610351562,71.44999694824219,212.30174255371094,250.9689483642578,59.150001525878906,27.05893898010254,164.6199951171875,151.7100067138672,70.16000366210938,181.5784149169922,41.97999954223633,205.50999450683594,148.29220581054688,92.58000183105469,134.49000549316406,154.22645568847656,225.72000122070312,135.3642120361328,45.53519821166992,141.2761688232422,259.2300109863281,209.5273895263672
2025-10-17,24.170000076293945,201.44639587402344,61.230934143066406,64.86000061035156,121.1624984741211,324.0199890136719,136.9199981689453,70.45999908447266,213.48468017578125,252.80535888671875,49.779998779296875,27.361547470092773,167.41000366210938,155.19000244140625,70.22000122070312,182.9866180419922,41.81999969482422,207.88999938964844,149.30239868164062,94.2300033569336,132.9199981689453,155.31948852539062,223.8300018310547,136.42327880859375,45.81592559814453,142.5546417236328,261.3500061035156,200.5149383544922
2025-10-20,23.959999084472656,204.30160522460938,61.13240051269531,64.44999694824219,125.90249633789062,312.7300109863281,127.41999816894531,71.33999633789062,216.95394897460938,256.04901123046875,51.36000061035156,27.08822250366211,172.42999267578125,156.77000427246094,69.76000213623047,182.40736389160156,41.470001220703125,211.82000732421875,149.23440551757812,95.23999786376953,134.83999633789062,156.45225524902344,220.0500030517578,137.21998596191406,45.10927200317383,142.0491943359375,262.2900085449219,193.43441772460938
2025-10-21,23.510000228881836,210.0279083251953,60.935325622558594,63.400001525878906,125.98750305175781,317.6099853515625,127.12999725341797,71.94000244140625,224.79710388183594,249.9709014892578,49.36000061035156,27.0101318359375,181.38999938964844,157.24000549316406,68.9000015258789,180.9292449951172,42.90999984741211,214.39999389648438,148.78756713867188,96.52999877929688,133.16000366210938,155.41885375976562,219.00999450683594,137.55035400390625,45.05119323730469,142.6240234375,260.2799987792969,185.74644470214844
2025-10-22,23.459999084472656,207.82630920410156,60.89590835571289,61.599998474121094,125.02749633789062,307.57000732421875,123.66000366210938,73.25,225.0456085205078,251.19850158691406,47.459999084472656,26.73680877685547,178.2899932861328,156.14999389648438,69.72000122070312,180.05035400390625,42.27000045776367,212.4199981689453,148.6418914794922,96.69000244140625,128.0,155.06112670898438,218.6699981689453,136.21923828125,45.09959030151367,141.78160095214844,255.55999755859375,185.05931091308594
2025-10-23,23.5,202.37814331054688,60.68898010253906,61.95000076293945,130.4949951171875,313.45001220703125,125.0199966430664,73.87999725341797,214.36936950683594,252.58578491210938,48.4900016784668,26.892993927001953,179.05999755859375,153.3300018310547,69.88999938964844,181.92796325683594,43.22999954223633,215.02000427246094,147.16546630859375,95.95999908447266,129.24000549316406,155.66725158691406,219.6300048828125,135.75286865234375,44.16062545776367,141.12750244140625,254.52999877929688,190.57632446289062
2025-10-24,23.389999389648438,204.4716796875,60.39337158203125,63.349998474121094,131.8300018310547,312.0,122.80999755859375,73.9000015258789,217.55039978027344,259.4124755859375,48.779998779296875,26.51229476928711,178.1699981689453,152.86000061035156,69.69000244140625,186.02272033691406,41.70000076293945,217.11000061035156,147.20433044433594,98.4000015258789,127.70999908447266,155.75669860839844,231.60000610351562,135.65570068359375,43.98638153076172,140.64187622070312,255.1199951171875,200.6344451904297
2025-10-27,22.950000762939453,208.7723388671875,60.728397369384766,62.220001220703125,132.4250030517578,306.7300109863281,126.18000030517578,75.55999755859375,221.1787109375,268.744140625,48.22999954223633,28.532928466796875,181.38999938964844,153.1699981689453,69.68000030517578,191.24607849121094,42.209999084472656,220.2899932861328,148.2533721923828,96.27999877929688,128.49000549316406,159.71148681640625,227.52000427246094,134.0428466796875,43.82181930541992,141.98974609375,254.27000427246094,198.4734344482422
2025-10-28,23.170000076293945,203.45489501953125,60.905765533447266,61.900001525878906,136.73500061035156,293.8800048828125,131.6999969482422,74.77999877929688,223.9620819091797,266.94769287109375,47.119998931884766,28.161991119384766,179.97999572753906,151.07000732421875,69.31999969482422,200.77394104003906,41.16999816894531,221.3800048828125,145.81532287597656,93.6500015258789,131.72000122070312,159.68167114257812,222.72999572753906,130.37986755371094,43.78310012817383,142.74293518066406,251.57000732421875,189.79957580566406
2025-10-29,23.010000228881836,201.67843627929688,60.541175842285156,61.380001068115234,136.375,272.760009765625,126.98999786376953,65.20999908447266,218.45497131347656,274.0338439941406,46.630001068115234,26.502532958984375,170.3000030517578,149.19000244140625,66.55999755859375,206.77627563476562,39.290000915527344,217.16000366210938,141.9688720703125,91.5,133.74000549316406,157.3366241455078,212.97999572753906,127.26101684570312,42.11812210083008,140.42385864257812,251.72999572753906,198.54315185546875
2025-10-30,21.799999237060547,201.8512725830078,59.13209533691406,60.130001068115234,134.6699981689453,262.82000732421875,123.11000061035156,61.93000030517578,219.1607666015625,280.93035888671875,44.060001373291016,27.019895553588867,168.02000427246094,148.02000427246094,66.56999969482422,202.63156127929688,37.22999954223633,218.27000427246094,143.31903076171875,89.9800033569336,113.0,157.06832885742188,206.05999755859375,126.20345306396484,42.25364303588867,141.0184783935547,252.77999877929688,188.9232177734375
2025-10-31,21.5,201.75314331054688,60.00907516479492,60.22999954223633,135.75250244140625,270.6400146484375,122.13999938964844,62.0,218.69354248046875,280.6408996582031,45.459999084472656,26.51229476928711,170.5399932861328,149.52999877929688,66.83000183105469,202.23207092285156,37.150001525878906,220.24000549316406,141.90089416503906,90.69000244140625,113.72000122070312,157.91294860839844,206.99000549316406,128.6515350341797,42.32140350341797,138.8876953125,256.3699951171875,187.51905822753906
2025-11-03,21.309999465942383,199.8781280517578,60.25542068481445,59.25,137.97999572753906,264.92999267578125,120.94000244140625,61.08000183105469,214.3296356201172,283.16595458984375,44.38999938964844,26.004695892333984,165.47000122070312,149.83999633789062,66.51000213623047,206.61647033691406,36.459999084472656,219.22999572753906,139.4822998046875,91.91999816894531,107.66000366210938,160.17849731445312,205.00999450683594,128.10316467285156,41.837398529052734,139.15528869628906,255.64999389648438,192.23939514160156
2025-11-04,20.65999984741211,198.33689880371094,60.99444580078125,59.560001373291016,133.47999572753906,262.0400085449219,118.29000091552734,58.27000045776367,210.87030029296875,276.998046875,42.790000915527344,25.82898712158203,160.66000366210938,150.75,66.87000274658203,198.43690490722656,36.20000076293945,214.52000427246094,138.8023681640625,91.31999969482422,104.12999725341797,161.20196533203125,204.85000610351562,126.49722290039062,42.27300262451172,140.7806396484375,252.42999267578125,184.9696807861328
2025-11-05,20.68000030517578,195.134033203125,61.94040298461914,59.91999816894531,133.53500366210938,260.0199890136719,117.83000183105469,60.279998779296875,212.54029846191406,283.7547912597656,43.72999954223633,26.082788467407227,167.58999633789062,134.7899932861328,67.87000274658203,194.9613494873047,36.08000183105469,213.17999267578125,138.76351928710938,91.69999694824219,102.23999786376953,161.20196533203125,209.4600067138672,127.90730285644531,43.73469924926758,142.41587829589844,254.75999450683594,188.6045379638672
2025-11-06,20.260000228881836,194.6532745361328,61.96010971069336,45.060001373291016,133.1300048828125,193.74000549316406,76.54000091552734,56.79999923706055,218.3953399658203,284.1939697265625,41.52000045776367,25.731372833251953,163.5500030517578,137.77000427246094,66.30999755859375,187.84043884277344,35.5099983215332,211.3699951171875,137.5202178955078,103.23999786376953,101.27999877929688,159.2146453857422,199.4499969482422,125.29275512695312,42.679569244384766,142.4852752685547,252.39999389648438,183.8543243408203
2025-11-07,19.510000228881836,196.28033447265625,62.35425567626953,41.52000045776367,134.95249938964844,201.2100067138672,73.73999786376953,59.09000015258789,256.7164001464844,278.28546142578125,41.029998779296875,25.340911865234375,166.1300048828125,140.50999450683594,69.7300033569336,187.9103240966797,35.0,212.2899932861328,138.85093688964844,106.3499984741211,106.83999633789062,160.05926513671875,200.02999877929688,124.9990005493164,44.8479118347168,143.31776428222656,232.0,190.20785522460938
2025-11-10,18.170000076293945,197.0114288330078,62.42323303222656,44.560001373291016,139.38250732421875,192.8000030517578,79.8499984741211,60.2400016784668,266.4482727050781,289.5334777832031,41.04999923706055,25.49709701538086,170.35000610351562,143.35000610351562,70.02999877929688,198.7964630126953,34.959999084472656,216.5399932861328,138.53038024902344,105.22000122070312,105.36000061035156,160.89393615722656,201.3300018310547,125.80197143554688,45.34159851074219,145.40890502929688,234.05999755859375,187.4991455078125
2025-11-11,18.239999771118164,200.67678833007812,63.81260681152344,43.72999954223633,139.1824951171875,194.88999938964844,77.97000122070312,63.7400016784668,263.74444580078125,290.7411193847656,39.75,26.092546463012695,169.80999755859375,141.85000610351562,71.91000366210938,192.91395568847656,35.18000030517578,218.27000427246094,140.91986083984375,105.8499984741211,104.68000030517578,161.69879150390625,205.14999389648438,129.0725860595703,45.65135955810547,144.85391235351562,240.6999969482422,178.41697692871094
2025-11-12,17.40999984741211,205.64059448242188,63.605682373046875,44.90999984741211,136.46499633789062,186.5800018310547,77.73999786376953,63.900001525878906,272.02496337890625,286.15008544921875,39.02000045776367,26.258495330810547,170.89999389648438,140.49000549316406,70.4800033569336,193.55313110351562,41.5099983215332,210.0399932861328,140.2496337890625,103.7699966430664,104.33999633789062,161.8180389404297,200.9600067138672,127.67230987548828,44.499427795410156,146.31077575683594,240.33999633789062,177.53067016601562
2025-11-13,16.079999923706055,201.66851806640625,63.6352424621582,44.0099983215332,132.44500732421875,186.5399932861328,74.38999938964844,58.47999954223633,265.7623596191406,278.0260009765625,36.04999923706055,26.356109619140625,169.66000366210938,136.82000732421875,71.08000183105469,186.62197875976562,42.400001525878906,204.77000427246094,140.861572265625,107.11000061035156,101.2699966430664,160.80450439453125,201.02000427246094,126.99662780761719,45.380313873291016,145.51065063476562,237.5500030517578,170.84848022460938
2025-11-14,16.020000457763672,200.57186889648438,62.89621353149414,42.790000915527344,134.3874969482422,185.07000732421875,73.51000213623047,57.099998474121094,263.0883483886719,275.8702392578125,36.97999954223633,26.483007431030273,170.67999267578125,135.86000061035156,71.30999755859375,189.92774963378906,42.400001525878906,205.25,141.66778564453125,105.91000366210938,102.27999877929688,159.56243896484375,198.24000549316406,126.47764587402344,44.95439147949219,145.19261169433594,235.02999877929688,173.96551513671875
2025-11-17,15.649999618530273,190.87704467773438,61.21122741699219,40.15999984741211,132.44500732421875,178.27000427246094,72.79000091552734,54.619998931884766,242.7100830078125,284.46337890625,35.58000183105469,26.31706428527832,164.16000366210938,132.4199981689453,71.83999633789062,186.36231994628906,41.400001525878906,202.89999389648438,143.5909881591797,102.2300033569336,101.2699966430664,158.39984130859375,193.91000366210938,128.24026489257812,44.16062545776367,144.29806518554688,233.5800018310547,174.27420043945312
2025-11-18,15.010000228881836,190.0426788330078,60.2652702331543,40.63999938964844,128.41749572753906,175.4499969482422,73.05999755859375,54.5,238.57479858398438,283.724853515625,36.2599983215332,26.766096115112305,163.97000122070312,131.3300018310547,72.9000015258789,181.1289825439453,42.65999984741211,201.0,144.50404357910156,103.41000366210938,101.7300033569336,158.88673400878906,195.97999572753906,127.81917572021484,44.964073181152344,144.69564819335938,239.08999633789062,173.6966094970703
2025-11-19,14.34000015258789,186.37771606445312,59.802146911621094,41.20000076293945,130.1475067138672,174.47999572753906,71.23999786376953,53.11000061035156,238.93325805664062,292.2381896972656,35.83000183105469,26.24873161315918,166.05999755859375,130.0,72.30000305175781,186.28240966796875,43.29999923706055,199.89999389648438,142.8916473388672,104.08999633789062,97.37000274658203,159.43324279785156,193.02999877929688,126.58536529541016,43.82181930541992,144.9242401123047,240.4600067138672,178.3970489501953
2025-11-20,14.359999656677246,182.0996856689453,59.87112045288086,39.209999084472656,125.32749938964844,168.00999450683594,68.41999816894531,51.56999969482422,233.7654571533203,288.884765625,33.619998931884766,26.56110191345215,164.69000244140625,129.00999450683594,72.22000122070312,180.40989685058594,41.41999816894531,185.07000732421875,141.9105987548828,104.9800033569336,91.69999694824219,159.48294067382812,192.89999389648438,127.7408447265625,44.01542282104492,147.1705322265625,235.3699951171875,173.0692138671875
2025-11-21,15.180000305175781,189.4462890625,61.55611038208008,38.9900016784668,122.6675033569336,172.77999877929688,70.05000305175781,53.09000015258789,246.43104553222656,299.0747985839844,34.709999084472656,27.078462600708008,168.17999267578125,130.6300048828125,72.04000091552734,178.65213012695312,41.279998779296875,182.89999389648438,142.13400268554688,109.79000091552734,89.25,172.89736938476562,195.83999633789062,130.88418579101562,44.63494873046875,150.51010131835938,235.47000122070312,167.89080810546875
2025-11-24,15.539999961853027,193.71238708496094,61.48713302612305,37.91999816894531,126.70500183105469,172.47000122070312,71.25,52.060001373291016,248.07395935058594,317.9578552246094,37.779998779296875,26.7075252532959,169.6699981689453,125.61000061035156,73.23999786376953,182.3174591064453,40.790000915527344,183.88999938964844,141.32781982421875,108.9000015258789,90.58000183105469,173.0265655517578,192.52999877929688,129.3663787841797,44.7511100769043,147.95571899414062,239.07000732421875,174.4136505126953
2025-11-25,16.56999969482422,194.93896484375,61.63493728637695,40.400001525878906,128.0850067138672,175.75999450683594,72.11000061035156,53.97999954223633,257.03546142578125,322.8083801269531,37.09000015258789,26.404916763305664,177.50999450683594,129.55999755859375,74.81999969482422,177.59349060058594,41.7599983215332,186.27000427246094,141.92030334472656,111.66999816894531,91.06999969482422,175.3815460205078,190.9600067138672,129.43490600585938,44.90599060058594,151.4642791748047,241.83999633789062,170.1314697265625
2025-11-26,17.149999618530273,195.161865234375,60.94517517089844,40.779998779296875,125.38500213623047,188.42999267578125,75.2300033569336,54.15999984741211,256.5176696777344,319.3252258300781,38.400001525878906,27.019895553588867,181.94000244140625,131.0500030517578,75.04000091552734,180.03036499023438,43.189998626708984,185.35000610351562,143.7366943359375,111.83999633789062,92.7300033569336,176.5640106201172,195.32000732421875,132.08863830566406,45.118953704833984,152.1997833251953,243.6300048828125,176.0667724609375
2025-11-28,17.200000762939453,195.27468872070312,60.62985610961914,40.939998626708984,127.29000091552734,191.41000366210938,76.16999816894531,54.220001220703125,254.595947265625,319.55474853515625,39.7599983215332,27.234647750854492,184.17999267578125,131.4499969482422,74.98999786376953,176.7745361328125,43.9900016784668,190.1300048828125,144.47491455078125,111.97000122070312,95.02999877929688,175.24241638183594,194.8000030517578,133.5476837158203,45.022151947021484,150.99713134765625,246.07000732421875,178.1182098388672
2025-12-01,16.84000015258789,194.3656005859375,61.15210723876953,42.619998931884766,126.03250122070312,185.4499969482422,76.66000366210938,54.810001373291016,257.8420104980469,314.27508544921875,37.5099983215332,27.49820899963379,182.41000366210938,131.10000610351562,75.94999694824219,179.69082641601562,44.68000030517578,187.72999572753906,145.2228240966797,109.0,93.79000091552734,176.37521362304688,196.72000122070312,135.00674438476562,45.40935516357422,150.21192932128906,249.33999633789062,172.91986083984375
2025-12-02,16.489999771118164,204.03102111816406,60.738250732421875,40.83000183105469,129.1374969482422,182.61000061035156,74.19999694824219,54.66999816894531,262.5716857910156,315.1932678222656,36.310001373291016,27.45916175842285,182.39999389648438,128.5399932861328,74.70999908447266,181.22886657714844,45.150001525878906,189.8800048828125,144.34864807128906,108.77999877929688,93.69999694824219,176.44476318359375,194.9199981689453,134.9969482421875,45.012474060058594,149.1086883544922,246.8300018310547,171.83438110351562
2025-12-03,14.6899995803833,200.5400848388672,60.68898010253906,42.0,131.04249572753906,185.33999633789062,80.37000274658203,53.83000183105469,261.29718017578125,319.0058288574219,37.06999969482422,27.654394149780273,182.3000030517578,136.00999450683594,73.98999786376953,179.36123657226562,47.06999969482422,193.6300048828125,143.81439208984375,108.43000030517578,92.0999984741211,176.87203979492188,200.85000610351562,135.21240234375,44.76079177856445,149.14842224121094,244.9499969482422,170.9381103515625
2025-12-04,14.640000343322754,199.74502563476562,60.07805252075195,42.65999984741211,128.27999877929688,188.3800048828125,81.62000274658203,52.189998626708984,257.2744445800781,316.999755859375,40.02000045776367,27.89842987060547,183.60000610351562,139.67999267578125,73.26000213623047,183.15660095214844,46.5099983215332,195.67999267578125,142.6973876953125,109.4000015258789,95.20999908447266,175.96780395507812,194.10000610351562,135.16342163085938,44.112220764160156,149.38697814941406,247.50999450683594,175.33978271484375
2025-12-05,15.470000267028809,206.88836669921875,60.2652702331543,42.060001373291016,128.00750732421875,199.75,81.4000015258789,53.2599983215332,262.3028259277344,320.642578125,39.20000076293945,28.005807876586914,190.00999450683594,139.3300018310547,73.73999786376953,182.1877899169922,48.13999938964844,198.83999633789062,142.2393341064453,111.08000183105469,96.27999877929688,176.74285888671875,195.88999938964844,139.41329956054688,44.14156723022461,152.34886169433594,247.8800048828125,166.47669982910156
2025-12-08,14.0,206.10609436035156,59.624778747558594,44.29999923706055,128.79750061035156,207.9199981689453,77.27999877929688,54.34000015258789,263.2786560058594,313.31219482421875,39.119998931884766,28.308414459228516,183.0399932861328,138.0800018310547,73.94000244140625,185.323974609375,47.02000045776367,195.35000610351562,142.837646484375,109.1500015258789,97.63999938964844,177.0608367919922,195.02000427246094,139.04119873046875,45.59893035888672,152.78619384765625,247.27999877929688,165.4310302734375
2025-12-09,14.010000228881836,206.83738708496094,59.55580520629883,43.209999084472656,129.4949951171875,209.0800018310547,77.41999816894531,55.150001525878906,260.1520690917969,316.66778564453125,39.81999969482422,28.36698341369629,182.27999877929688,139.07000732421875,73.56999969482422,184.7446746826172,47.310001373291016,195.0,141.86660766601562,107.81999969482422,99.0,176.2989501953125,196.00999450683594,140.3925323486328,44.22959518432617,152.74644470214844,248.72999572753906,164.12648010253906
2025-12-10,13.75,210.0794219970703,61.339324951171875,44.279998779296875,129.88499450683594,197.44000244140625,78.62000274658203,54.72999954223633,272.8973083496094,319.7937316894531,37.880001068115234,28.825777053833008,187.6199951171875,138.82000732421875,73.86000061035156,183.55612182617188,48.720001220703125,192.9600067138672,146.82960510253906,107.54000091552734,94.36000061035156,181.07940673828125,202.60000610351562,145.42578125,45.82389450073242,154.72434997558594,246.02000427246094,164.4849853515625
2025-12-11,14.449999809265137,210.1781463623047,62.452796936035156,43.95000076293945,129.41250610351562,200.9600067138672,77.98999786376953,53.4900016784668,279.9469909667969,312.0238342285156,37.77000045776367,28.76720428466797,187.00999450683594,141.8699951171875,72.48999786376953,180.70957946777344,49.5,190.36000061035156,146.1822509765625,108.56999969482422,94.33999633789062,182.3840789794922,199.47000122070312,146.44418334960938,46.029296875,154.63490295410156,242.41000366210938,173.87588500976562
2025-12-12,14.279999732971191,211.05233764648438,62.80752944946289,43.84000015258789,126.19499969482422,196.27999877929688,76.36000061035156,53.86000061035156,273.03668212890625,308.887939453125,37.209999084472656,28.80625343322754,204.97000122070312,143.13999938964844,73.97000122070312,174.80679321289062,48.7599983215332,191.69000244140625,147.76138305664062,108.61000061035156,88.51000213623047,181.34829711914062,203.02999877929688,144.35841369628906,46.55746841430664,155.1914825439453,241.47000122070312,169.39454650878906
2025-12-15,14.220000267028809,217.26492309570312,64.02938842773438,43.810001373291016,121.86750030517578,185.97000122070312,78.5999984741211,53.130001068115234,282.2371826171875,307.8193054199219,36.25,28.532928466796875,206.2899932861328,141.66000366210938,74.8499984741211,176.07522583007812,47.790000915527344,185.8800048828125,148.32046508789062,109.87999725341797,86.95999908447266,183.5293731689453,198.69000244140625,140.49044799804688,46.62593460083008,155.75804138183594,244.55999755859375,167.55221557617188
2025-12-16,14.430000305175781,216.43809509277344,63.605682373046875,43.150001525878906,122.13249969482422,186.77000427246094,78.7699966430664,53.75,283.8004455566406,306.1714782714844,36.86000061035156,27.908191680908203,206.74000549316406,138.10000610351562,75.33999633789062,177.5034942626953,48.290000915527344,187.08999633789062,147.48675537109375,109.55999755859375,87.44000244140625,181.6570281982422,201.39999389648438,139.62872314453125,46.76287078857422,154.1478729248047,244.52999877929688,172.7306365966797
2025-12-17,14.529999732971191,212.61843872070312,64.32499694824219,40.83000183105469,117.50499725341797,183.9499969482422,78.8499984741211,52.86000061035156,281.6098937988281,296.3342590332031,34.970001220703125,27.38106918334961,207.8699951171875,136.41000366210938,74.33999633789062,170.73175048828125,48.099998474121094,183.44000244140625,147.2023162841797,110.0,85.91000366210938,181.9956512451172,198.32000732421875,136.81832885742188,47.00739288330078,154.71441650390625,240.5500030517578,159.30654907226562
2025-12-18,14.430000305175781,212.79718017578125,63.605682373046875,41.66999816894531,119.31500244140625,182.88999938964844,77.26000213623047,53.68000030517578,284.36798095703125,302.0668029785156,34.77000045776367,27.42987632751465,215.11000061035156,138.8800048828125,75.45999908447266,173.9278564453125,48.459999084472656,185.8800048828125,146.50592041015625,110.05999755859375,83.91000366210938,181.8263397216797,198.8300018310547,133.96875,46.6454963684082,153.9391632080078,246.64999389648438,165.48085021972656
2025-12-19,14.40999984741211,214.71875,63.54655456542969,42.79999923706055,120.31999969482422,185.9600067138672,80.44000244140625,54.33000183105469,288.0123291015625,306.7607116699219,35.560001373291016,27.224884033203125,209.4499969482422,141.10000610351562,76.26000213623047,180.76953125,48.56999969482422,186.8800048828125,145.3191375732422,111.37999725341797,81.94000244140625,181.66700744628906,200.6699981689453,132.2061309814453,46.63571548461914,153.66085815429688,247.39999389648438,162.35386657714844
2025-12-22,14.460000038146973,215.24623107910156,62.462646484375,44.36000061035156,120.78500366210938,185.3699951171875,79.13999938964844,55.72999954223633,288.05218505859375,309.3772888183594,35.04999923706055,27.566537857055664,212.3699951171875,141.75,77.66000366210938,183.4662322998047,48.13999938964844,189.49000549316406,144.23040771484375,111.38999938964844,81.9800033569336,179.94403076171875,198.47000122070312,138.79638671875,45.53046417236328,155.62881469726562,248.5800018310547,161.124267578125
2025-12-23,14.100000381469727,216.53125,63.01445770263672,44.61000061035156,119.70999908447266,179.25999450683594,78.45999908447266,55.040000915527344,286.9967346191406,313.94134521484375,34.79999923706055,27.234647750854492,212.67999267578125,144.10000610351562,77.66999816894531,188.97952270507812,47.88999938964844,188.1199951171875,140.92503356933594,111.62999725341797,80.98999786376953,179.87432861328125,194.47999572753906,136.3385009765625,45.0218505859375,154.9728240966797,249.22999572753906,161.22398376464844
2025-12-24,14.300000190734863,216.8194580078125,62.89621353149414,44.720001220703125,119.27749633789062,180.69000244140625,79.76000213623047,55.970001220703125,285.34381103515625,313.68170166015625,34.66999816894531,27.33226203918457,210.39999389648438,145.30999755859375,77.41999816894531,188.38023376464844,46.4900016784668,187.22000122070312,140.98388671875,109.94999694824219,81.87999725341797,180.93995666503906,196.30999755859375,137.5723419189453,45.315284729003906,156.33450317382812,251.60000610351562,161.51319885253906
2025-12-26,14.6899995803833,216.56588745117188,63.30021286010742,45.59000015258789,120.29750061035156,181.66000366210938,80.41999816894531,55.75,286.3295593261719,313.1024475097656,34.310001373291016,27.42987632751465,208.97000122070312,145.80999755859375,77.30999755859375,190.2978973388672,46.779998779296875,188.4499969482422,141.02310180664062,109.06999969482422,82.22000122070312,180.40216064453125,197.0500030517578,136.5147705078125,45.40331268310547,156.15560913085938,256.0899963378906,161.22398376464844
2025-12-29,14.5,216.61325073242188,63.36918640136719,46.439998626708984,118.97750091552734,180.1699981689453,79.43000030517578,56.59000015258789,285.5927429199219,313.1523742675781,34.099998474121094,27.488447189331055,212.5399932861328,144.57000732421875,77.62999725341797,187.99070739746094,47.459999084472656,186.85000610351562,141.4742889404297,109.4000015258789,81.5199966430664,179.98387145996094,197.61000061035156,135.63345336914062,45.58915328979492,155.51950073242188,255.6999969482422,161.3935089111328
2025-12-30,14.609999656677246,216.04876708984375,63.66480255126953,46.13999938964844,118.90750122070312,177.13999938964844,76.80000305175781,55.36000061035156,283.780517578125,313.4420166015625,33.040000915527344,27.478683471679688,210.6699981689453,144.08999633789062,77.41000366210938,187.31153869628906,47.45000076293945,186.85000610351562,141.3958282470703,109.19999694824219,81.80999755859375,180.71090698242188,197.5500030517578,137.21981811523438,45.77499008178711,154.4062957763672,257.9100036621094,162.17135620117188
2025-12-31,14.1899995803833,213.18968200683594,63.10314178466797,45.7400016784668,117.19000244140625,175.5,76.04000091552734,55.439998626708984,282.0977783203125,312.5931091308594,32.470001220703125,27.342023849487305,207.80999755859375,142.5,76.66999816894531,186.27279663085938,46.47999954223633,184.1999969482422,140.7681121826172,108.47000122070312,81.02999877929688,179.40623474121094,195.1300048828125,135.0948944091797,45.65761947631836,152.67686462402344,256.0299987792969,160.88491821289062
2026-01-02,14.289999961853027,211.91062927246094,62.7779655456543,47.75,113.3949966430664,176.47999572753906,77.80999755859375,57.279998779296875,281.7293395996094,314.7403259277344,33.40999984741211,27.29281234741211,210.80999755859375,145.30999755859375,76.16000366210938,188.6199493408203,46.95000076293945,179.3699951171875,139.50282287597656,109.7300033569336,80.94999694824219,181.9956512451172,199.83999633789062,138.2382049560547,46.36185073852539,153.34278869628906,251.60000610351562,164.774169921875
2026-01-05,14.279999732971191,213.66897583007812,62.34440612792969,48.09000015258789,114.13749694824219,185.14999389648438,76.83999633789062,58.560001373291016,286.2399597167969,316.1285400390625,34.709999084472656,26.8892765045166,212.39999389648438,145.30999755859375,75.66999816894531,187.89083862304688,49.0,182.1199951171875,137.23712158203125,105.37999725341797,81.04000091552734,185.91958618164062,197.8699951171875,139.55038452148438,45.29572296142578,152.90545654296875,257.30999755859375,162.48049926757812
2026-01-06,14.859999656677246,212.9134063720703,62.8173828125,48.689998626708984,114.58000183105469,178.94000244140625,79.12000274658203,61.41999816894531,297.9297180175781,313.9313659667969,35.459999084472656,26.90896224975586,215.8800048828125,145.52000427246094,75.72000122070312,187.0119171142578,49.040000915527344,185.86000061035156,136.2955322265625,105.52999877929688,75.83000183105469,186.76612854003906,202.07000732421875,140.6667022705078,45.178348541259766,152.98497009277344,254.35000610351562,169.0623016357422
2026-01-07,13.710000038146973,216.78802490234375,62.216304779052734,51.34000015258789,119.72750091552734,176.3000030517578,82.0999984741211,61.7599983215332,295.9084167480469,321.5614318847656,35.459999084472656,26.82037925720215,211.72000122070312,143.9600067138672,76.1500015258789,188.87962341308594,48.65999984741211,193.89999389648438,134.38291931152344,104.4000015258789,76.41999816894531,186.2283477783203,204.5,137.5723419189453,44.9338264465332,153.104248046875,256.6700134277344,154.17349243164062
2026-01-08,13.449999809265137,216.7593536376953,63.714073181152344,51.279998779296875,115.96749877929688,173.8699951171875,86.05000305175781,61.22999954223633,300.020751953125,325.0169372558594,33.869998931884766,27.174705505371094,212.1699981689453,147.27000427246094,76.5999984741211,184.8145751953125,50.630001068115234,190.8000030517578,136.69766235351562,105.76000213623047,73.88999938964844,188.49905395507812,209.25999450683594,144.88722229003906,46.21513366699219,157.28868103027344,252.3800048828125,150.18453979492188
2026-01-09,13.529999732971191,218.63475036621094,64.91622161865234,52.900001525878906,117.65249633789062,176.66000366210938,87.0199966430664,61.880001068115234,295.0620422363281,328.14288330078125,31.690000534057617,27.35186767578125,203.89999389648438,146.07000732421875,77.33999633789062,184.63479614257812,49.119998931884766,189.02000427246094,137.22732543945312,106.8499984741211,73.2699966430664,190.66021728515625,207.82000732421875,143.9471435546875,47.075862884521484,156.85134887695312,250.7100067138672,165.9110107421875
2026-01-12,13.229999542236328,214.63037109375,65.76364135742188,53.09000015258789,116.74749755859375,161.74000549316406,86.58000183105469,60.38999938964844,290.2825927734375,331.4285583496094,32.34000015258789,27.263286590576172,209.0399932861328,148.85000610351562,77.5,184.71470642089844,48.90999984741211,188.8800048828125,138.64952087402344,100.58999633789062,76.72000122070312,191.47686767578125,208.86000061035156,148.66705322265625,47.78009033203125,156.1456756591797,248.9199981689453,172.10389709472656
2026-01-13,12.550000190734863,211.57264709472656,66.89681243896484,52.61000061035156,117.00499725341797,165.8000030517578,87.55999755859375,61.56999969482422,298.6864929199219,335.53326416015625,32.20000076293945,27.282970428466797,211.89999389648438,146.02000427246094,78.43000030517578,185.58364868164062,47.2599983215332,190.85000610351562,140.72886657714844,99.12000274658203,84.80000305175781,192.4429168701172,209.82000732421875,149.9792022705078,48.12242889404297,157.17933654785156,247.49000549316406,170.94708251953125
2026-01-14,11.729999542236328,206.4894561767578,67.78365325927734,53.130001068115234,115.17500305175781,156.27000427246094,86.26000213623047,61.58000183105469,289.515869140625,335.4034118652344,31.31999969482422,27.676664352416992,203.13999938964844,146.77999877929688,77.7300033569336,182.91690063476562,45.06999969482422,190.92999267578125,143.1220703125,100.68000030517578,82.87000274658203,191.04861450195312,216.33999633789062,153.1127471923828,49.38417434692383,154.1876220703125,245.49000549316406,168.50384521484375
2026-01-15,11.90999984741211,206.7299041748047,67.71467590332031,53.529998779296875,113.75,154.4199981689453,89.18000030517578,63.630001068115234,293.02081298828125,332.3473815917969,31.229999542236328,27.460132598876953,205.00999450683594,145.72999572753906,77.91000366210938,186.82212829589844,46.0,187.72999572753906,143.75962829589844,99.08999633789062,84.6500015258789,193.00062561035156,216.0800018310547,155.453125,49.530887603759766,155.2113800048828,244.33999633789062,179.6829071044922
2026-01-16,11.680000305175781,203.65866088867188,67.5668716430664,54.38999938964844,113.47000122070312,150.16000366210938,89.98999786376953,61.77000045776367,283.8900451660156,329.5710144042969,31.3799991607666,26.97785758972168,201.8699951171875,144.42999267578125,78.16999816894531,186.0031280517578,45.04999923706055,187.66000366210938,143.51441955566406,97.70999908447266,87.27999877929688,191.5764617919922,206.80999755859375,153.38694763183594,47.87790298461914,156.42396545410156,240.13999938964844,166.140380859375
2026-01-20,14.239999771118164,200.11924743652344,67.88218688964844,56.689998626708984,110.68250274658203,148.5800018310547,89.04000091552734,58.93000030517578,270.9855041503906,321.5814208984375,30.469999313354492,27.50934600830078,188.75999450683594,140.64999389648438,81.47000122070312,177.85308837890625,44.119998931884766,184.05999755859375,144.82872009277344,97.04000091552734,78.83999633789062,188.91734313964844,217.72000122070312,160.24156188964844,48.904903411865234,155.13186645507812,240.61000061035156,156.37738037109375
2026-01-21,14.329999923706055,205.5575408935547,68.24677276611328,56.439998626708984,111.47000122070312,146.80999755859375,91.81999969482422,60.9900016784668,270.3980407714844,327.953125,28.889999389648438,27.263286590576172,189.83999633789062,139.7100067138672,81.5999984741211,183.09669494628906,46.29999923706055,181.47000122070312,143.92636108398438,96.91999816894531,75.68000030517578,191.53663635253906,222.24000549316406,159.98696899414062,49.32548904418945,154.90325927734375,238.22999572753906,159.5785369873047
2026-01-22,15.149999618530273,205.0515594482422,68.64092254638672,55.2400016784668,113.44249725341797,153.6999969482422,93.61000061035156,62.4900016784668,278.46337890625,330.1103210449219,30.520000457763672,27.115650177001953,194.66000366210938,138.13999938964844,80.88999938964844,184.6148223876953,46.619998931884766,182.27000427246094,141.63121032714844,97.69000244140625,74.69999694824219,186.2482452392578,221.38999938964844,157.38221740722656,48.670162200927734,152.48800659179688,241.10000610351562,159.91758728027344
2026-01-23,15.229999542236328,202.965576171875,68.85770416259766,55.939998626708984,113.12249755859375,155.97500610351562,94.16000366210938,60.16999816894531,269.9798278808594,327.5036926269531,29.6200008392334,27.32234001159668,191.07000732421875,146.97000122070312,82.0,187.44137573242188,45.959999084472656,180.17999267578125,141.80776977539062,94.47000122070312,74.12000274658203,187.781982421875,220.3300018310547,155.48251342773438,48.26913833618164,152.3091278076172,245.72999572753906,159.67825317382812
2026-01-26,15.229999542236328,203.31509399414062,68.38472747802734,54.540000915527344,117.0824966430664,151.55999755859375,88.80000305175781,60.09000015258789,268.3368835449219,332.8267822265625,30.280000686645508,27.263286590576172,192.7899932861328,147.8000030517578,81.16000366210938,186.2428436279297,46.470001220703125,184.22000122070312,143.07302856445312,93.27999877929688,74.01000213623047,186.80596923828125,218.30999755859375,158.19497680664062,48.06373977661133,149.16830444335938,245.6300048828125,158.3718719482422
2026-01-27,13.479999542236328,205.1514892578125,69.2222900390625,55.5099983215332,119.16500091552734,146.0800018310547,86.7300033569336,58.630001068115234,265.5986633300781,334.1150817871094,29.68000030517578,27.15502166748047,186.38999938964844,146.8000030517578,81.41000366210938,188.29034423828125,45.52000045776367,183.5,145.92724609375,92.68000030517578,72.13999938964844,185.24237060546875,219.17999267578125,157.90121459960938,47.39863586425781,147.1108856201172,245.52000427246094,163.80682373046875
2026-01-28,13.4399995803833,202.43692016601562,68.798583984375,53.90999984741211,117.29750061035156,142.8000030517578,84.9800033569336,57.189998626708984,264.62286376953125,335.5732116699219,28.670000076293945,26.288894653320312,180.35000610351562,147.52999877929688,80.91999816894531,191.28668212890625,44.86000061035156,183.74000549316406,145.65261840820312,91.62999725341797,75.2699966430664,185.28219604492188,213.33999633789062,154.46409606933594,46.69440460205078,146.8922119140625,243.17999267578125,165.1830291748047
2026-01-29,13.050000190734863,203.55555725097656,70.23722076416016,53.369998931884766,111.15499877929688,139.47000122070312,85.02999877929688,54.95000076293945,271.60284423828125,337.8102722167969,29.8700008392334,26.397159576416016,172.5399932861328,147.77999877929688,80.04000091552734,192.27548217773438,45.02000045776367,176.1999969482422,145.83897399902344,91.7699966430664,75.7300033569336,185.74032592773438,209.74000549316406,152.52244567871094,46.52812576293945,146.57415771484375,239.27000427246094,162.1314697265625
2026-01-30,13.4399995803833,199.11764526367188,70.6313705444336,52.47999954223633,110.35124969482422,134.05999755859375,84.98999786376953,52.959999084472656,263.706787109375,337.56060791015625,27.09000015258789,27.00738525390625,174.5,145.4499969482422,80.76000213623047,190.8971710205078,45.25,176.97000122070312,150.6842498779297,91.04000091552734,65.76000213623047,187.88156127929688,213.6199951171875,154.4443817138672,46.98783493041992,148.8999481201172,220.3000030517578,157.91314697265625
2026-02-02,13.210000038146973,203.91104125976562,71.39010620117188,51.31999969482422,109.7125015258789,131.92999267578125,86.1500015258789,53.61000061035156,275.4862060546875,343.24322509765625,26.440000534057617,27.03691291809082,179.0800018310547,143.94000244140625,81.0999984741211,185.38388061523438,45.939998626708984,175.4199981689453,152.22413635253906,91.27999877929688,67.4800033569336,189.3356170654297,213.2899932861328,153.4193572998047,47.369293212890625,149.2577667236328,221.80999755859375,153.8344268798828
2026-02-03,13.680000305175781,184.89791870117188,72.45430755615234,50.36000061035156,105.43250274658203,120.27999877929688,84.80999755859375,53.290000915527344,233.456787109375,339.26837158203125,25.540000915527344,27.529027938842773,171.57000732421875,141.33999633789062,81.97000122070312,180.12030029296875,44.130001068115234,166.24000549316406,159.7274627685547,90.76000213623047,65.4000015258789,190.3415069580078,223.49000549316406,158.30795288085938,48.23979568481445,151.14622497558594,212.1699981689453,152.57791137695312
2026-02-04,13.550000190734863,183.40469360351562,73.39041137695312,49.29999923706055,103.83999633789062,116.9000015258789,84.62999725341797,53.09000015258789,235.46812438964844,332.6070556640625,24.399999618530273,28.001462936401367,178.0,142.4600067138672,81.44000244140625,173.97781372070312,43.869998931884766,166.72000122070312,162.99359130859375,92.18000030517578,63.06999969482422,188.49905395507812,235.66000366210938,164.2807159423828,50.186214447021484,153.00486755371094,200.75999450683594,142.12681579589844
2026-02-05,13.430000305175781,176.8875732421875,73.8929443359375,47.970001220703125,94.29000091552734,114.33999633789062,76.86000061035156,54.459999084472656,230.31031799316406,330.8193664550781,23.479999542236328,27.568397521972656,170.08999633789062,138.27999877929688,81.75,171.67062377929688,42.91999816894531,154.77000427246094,164.31771850585938,90.61000061035156,60.56999969482422,188.45921325683594,238.6999969482422,163.18670654296875,50.01015853881836,154.45599365234375,193.24000549316406,142.67530822753906
2026-02-06,13.369999885559082,177.43495178222656,74.7009506225586,50.56999969482422,98.875,119.4000015258789,82.08999633789062,57.81999969482422,235.83656311035156,322.4402770996094,23.020000457763672,27.96209144592285,172.85000610351562,140.83999633789062,82.54000091552734,185.18414306640625,43.470001220703125,159.32000732421875,167.22096252441406,91.61000061035156,66.41999816894531,189.96307373046875,246.75999450683594,161.9645538330078,50.62635803222656,154.91319274902344,195.58999633789062,149.2371368408203
2026-02-09,13.489999771118164,168.67221069335938,74.9275894165039,47.79999923706055,102.01000213623047,118.91000366210938,74.45999908447266,55.099998474121094,235.43826293945312,323.8984069824219,19.329999923706055,28.060516357421875,175.67999267578125,147.91000366210938,80.9000015258789,189.80848693847656,44.34000015258789,166.0,163.27804565429688,91.69999694824219,73.44999694824219,193.70774841308594,246.7100067138672,161.25491333007812,49.7558479309082,155.2908935546875,205.02999877929688,152.54798889160156
2026-02-10,13.65999984741211,170.42739868164062,74.61226654052734,46.349998474121094,103.34750366210938,120.69999694824219,73.26000213623047,54.08000183105469,240.50648498535156,318.16583251953125,17.239999771118164,28.257362365722656,180.6199951171875,149.32000732421875,80.16999816894531,188.31031799316406,45.29999923706055,165.50999450683594,163.76846313476562,93.01000213623047,71.94000244140625,191.5465850830078,247.52000427246094,163.245849609375,50.89044189453125,152.35879516601562,210.7100067138672,159.15969848632812
2026-02-11,15.529999732971191,171.6734161376953,76.12974548339844,44.349998474121094,103.95249938964844,109.30000305175781,76.81999969482422,47.459999084472656,232.6004638671875,310.5557556152344,16.690000534057617,29.418758392333984,175.86000061035156,151.11000061035156,80.79000091552734,189.81849670410156,45.290000915527344,165.3000030517578,165.9066619873047,92.06999969482422,68.98999786376953,191.75572204589844,250.8300018310547,160.85081481933594,52.10328674316406,149.83424377441406,203.88999938964844,159.70816040039062
2026-02-12,15.890000343322754,165.56910705566406,79.02672576904297,44.38999938964844,102.88500213623047,112.05000305175781,74.33000183105469,46.2400016784668,226.26768493652344,308.5982971191406,15.800000190734863,29.438444137573242,169.52999877929688,154.8699951171875,81.16999816894531,186.7122802734375,44.27000045776367,162.80999755859375,163.99404907226562,88.66000366210938,63.150001525878906,194.05633544921875,246.39999389648438,160.0229034423828,53.1889762878418,153.67665100097656,190.36000061035156,162.65005493164062
2026-02-13,16.770000457763672,164.8326416015625,79.21395111083984,44.68000030517578,107.41000366210938,112.56999969482422,81.5,45.72999954223633,211.760009765625,305.32257080078125,16.299999237060547,29.221912384033203,176.4199981689453,158.27000427246094,81.4800033569336,182.58729553222656,45.290000915527344,166.9499969482422,162.75820922851562,90.69999694824219,63.16999816894531,195.7394256591797,247.57000732421875,147.15090942382812,52.05438232421875,153.95574951171875,193.6699981689453,171.01690673828125
2026-02-17,16.420000076293945,164.8147430419922,78.13004302978516,43.90999984741211,103.57125091552734,112.08000183105469,87.27999877929688,44.36000061035156,199.5624237060547,301.6273498535156,16.270000457763672,28.670740127563477,177.72000122070312,157.52999877929688,82.9000015258789,184.7446746826172,46.65999984741211,163.5,158.81529235839844,92.58000183105469,63.0,197.40264892578125,231.7100067138672,150.50196838378906,49.785194396972656,156.45755004882812,193.8699951171875,173.20083618164062
2026-02-18,16.93000030517578,169.98353576660156,77.73589324951172,43.43000030517578,103.94000244140625,112.45999908447266,88.04000091552734,44.04999923706055,202.91799926757812,302.9356689453125,15.84000015258789,28.68058204650879,182.1300048828125,155.77999877929688,83.18000030517578,187.75099182128906,47.33000183105469,152.35000610351562,161.2379150390625,93.88999938964844,63.060001373291016,199.5637969970703,233.7100067138672,154.04026794433594,49.70694351196289,156.71669006347656,199.1300048828125,170.0994415283203
2026-02-19,16.860000610351562,159.5321044921875,77.61764526367188,44.130001068115234,105.53500366210938,111.11000061035156,91.12999725341797,48.13999938964844,198.90525817871094,302.456298828125,15.819999694824219,28.641212463378906,182.8800048828125,157.4600067138672,81.98999786376953,187.6710968017578,48.02000045776367,150.99000549316406,161.43409729003906,91.12999725341797,64.44000244140625,199.5637969970703,231.49000549316406,152.41403198242188,47.291038513183594,155.99903869628906,201.3699951171875,172.02410888671875
2026-02-20,16.790000915527344,162.29244995117188,77.37130737304688,48.31999969482422,97.1500015258789,112.94000244140625,94.0199966430664,52.18000030517578,202.6093292236328,314.5705261230469,15.630000114440918,29.074277877807617,187.3000030517578,162.6699981689453,83.76000213623047,189.58877563476562,49.41999816894531,148.6999969482422,161.7773895263672,90.6500015258789,62.0,200.62942504882812,235.0,154.15855407714844,48.76797103881836,157.7134246826172,199.72000122070312,170.92713928222656
2026-02-23,17.3799991607666,154.09341430664062,78.82965850830078,49.220001220703125,87.5824966430664,106.13500213623047,90.06999969482422,52.369998931884766,187.70339965820312,311.0850524902344,15.510000228881836,29.30065155029297,178.11000061035156,158.27999877929688,84.69000244140625,191.316650390625,47.439998626708984,144.13999938964844,165.0925750732422,90.75,62.43000030517578,201.06764221191406,224.16000366210938,157.12522888183594,48.386512756347656,157.17520141601562,195.58999633789062,167.33706665039062
2026-02-24,17.170000076293945,161.96482849121094,79.4800033569336,50.720001220703125,87.5625,109.43000030517578,94.83000183105469,54.400001525878906,197.27227783203125,310.495849609375,15.460000038146973,30.540786743164062,179.49000549316406,157.97999572753906,85.54000091552734,192.61508178710938,46.790000915527344,141.6699981689453,166.28916931152344,82.61000061035156,67.08999633789062,199.73309326171875,227.4499969482422,157.765869140625,48.79731369018555,157.14529418945312,204.19000244140625,171.1465301513672
2026-02-25,20.84000015258789,165.724365234375,77.44027709960938,50.61000061035156,90.82749938964844,111.6500015258789,93.08999633789062,53.439998626708984,202.86822509765625,312.49322509765625,15.819999694824219,29.674659729003906,182.5500030517578,155.22000122070312,85.41000366210938,195.32176208496094,46.650001525878906,144.83999633789062,165.92626953125,80.05000305175781,68.06999969482422,200.7091064453125,217.75999450683594,152.8871307373047,46.46944046020508,155.31130981445312,207.30999755859375,174.87620544433594
2026-02-26,22.290000915527344,169.19810485839844,78.31726837158203,54.119998931884766,95.2750015258789,117.44999694824219,94.6500015258789,55.18000030517578,216.9975128173828,306.9804382324219,15.600000381469727,29.85181999206543,186.10000610351562,157.91000366210938,86.66000366210938,184.66476440429688,47.599998474121094,149.39999389648438,164.36676025390625,83.7699966430664,71.4000015258789,202.67108154296875,225.5800018310547,153.5178985595703,46.98783493041992,158.17193603515625,213.2899932861328,176.3321990966797
2026-02-27,23.440000534057617,168.7637939453125,79.76575469970703,53.61000061035156,92.99500274658203,101.0,92.05000305175781,54.880001068115234,214.76710510253906,311.354736328125,14.520000457763672,29.802610397338867,185.1699981689453,162.13999938964844,85.30000305175781,176.97415161132812,46.47999954223633,148.9199981689453,166.4853515625,82.1500015258789,68.66000366210938,204.8023681640625,226.77999877929688,155.58767700195312,47.91702651977539,161.13223266601562,211.47999572753906,173.4102783203125
2026-03-02,23.440000534057617,166.39234924316406,77.55852508544922,49.25,96.21499633789062,100.81999969482422,81.63999938964844,53.970001220703125,212.3275909423828,306.12152099609375,16.479999542236328,29.497495651245117,176.1699981689453,161.80999755859375,81.05999755859375,182.25770568847656,46.7599983215332,150.14999389648438,164.072509765625,81.83999633789062,67.44000244140625,201.47596740722656,223.16000366210938,154.306396484375,47.52578353881836,159.4178466796875,213.8800048828125,165.53207397460938
2026-03-03,22.989999771118164,165.3609161376953,75.43997955322266,47.11000061035156,97.8550033569336,101.61000061035156,81.08999633789062,54.459999084472656,214.21945190429688,303.1853332519531,15.819999694824219,29.103803634643555,174.27000427246094,162.07000732421875,78.98999786376953,179.83065795898438,43.90999984741211,156.08999633789062,161.7479705810547,82.83000183105469,66.97000122070312,196.8349609375,226.27000427246094,153.77418518066406,47.00739288330078,159.18861389160156,217.0500030517578,161.25390625
2026-03-04,24.06999969482422,169.33026123046875,74.48416900634766,45.56999969482422,101.91999816894531,96.16999816894531,80.30000305175781,55.650001525878906,220.78125,302.7359619140625,16.450000762939453,28.414840698242188,173.2100067138672,158.63999938964844,78.61000061035156,182.8170166015625,43.22999954223633,158.55999755859375,160.7769317626953,81.38999938964844,67.4000015258789,212.65028381347656,232.22999572753906,149.06298828125,46.29338455200195,161.20199584960938,215.77000427246094,162.90933227539062
2026-03-05,24.65999984741211,183.64952087402344,72.63167572021484,43.689998626708984,106.54000091552734,101.54000091552734,82.54000091552734,56.630001068115234,251.00706481933594,300.4888610839844,15.880000114440918,27.60776710510254,173.17999267578125,159.77999877929688,76.69999694824219,183.11663818359375,43.369998931884766,163.16000366210938,157.61866760253906,79.94000244140625,66.08000183105469,213.95494079589844,231.17999267578125,145.17970275878906,46.06842041015625,160.4046173095703,212.52999877929688,166.93817138671875
2026-03-06,25.6200008392334,181.56076049804688,72.57255554199219,42.91999816894531,107.24749755859375,101.91999816894531,82.44000244140625,56.400001525878906,249.0911407470703,298.1319274902344,15.739999771118164,27.804615020751953,170.1300048828125,156.1300048828125,75.61000061035156,177.6033935546875,41.459999084472656,165.0500030517578,157.77008056640625,78.66000366210938,63.529998779296875,210.88748168945312,232.1999969482422,144.36163330078125,46.08818435668945,158.80984497070312,211.5,158.21231079101562
2026-03-09,24.709999084472656,177.1821746826172,72.0897216796875,43.310001373291016,108.53250122070312,100.41999816894531,77.1500015258789,55.779998779296875,241.02825927734375,306.1770935058594,22.15999984741211,27.745561599731445,169.75999450683594,165.8000030517578,75.7300033569336,182.427490234375,41.18000030517578,165.10000610351562,159.8482208251953,77.88999938964844,62.650001525878906,211.2858428955078,230.77999877929688,146.8157958984375,45.46563720703125,157.62371826171875,214.6300048828125,163.16859436035156
2026-03-10,25.139999389648438,174.4322967529297,72.07986450195312,45.029998779296875,109.0824966430664,95.18000030517578,80.48999786376953,53.349998474121094,231.16920471191406,306.8567199707031,23.469999313354492,27.59792709350586,166.42999267578125,165.52999877929688,76.69999694824219,184.54490661621094,41.02000045776367,165.5800018310547,159.1060333251953,76.29000091552734,58.83000183105469,212.0626678466797,233.6699981689453,147.92953491210938,45.327293395996094,159.00918579101562,209.0800018310547,163.9464569091797
2026-03-11,23.889999389648438,172.46324157714844,71.59703826904297,45.720001220703125,110.50749969482422,98.80999755859375,79.94999694824219,52.689998626708984,229.86196899414062,308.5157470703125,25.8799991607666,27.214073181152344,162.7899932861328,165.8300018310547,77.5199966430664,185.8134307861328,39.439998626708984,164.92999267578125,158.4825897216797,77.91999816894531,60.38999938964844,212.00291442871094,231.99000549316406,147.80140686035156,44.43794250488281,157.3645782470703,211.08999633789062,158.72091674804688
2026-03-12,24.149999618530273,168.28533935546875,70.8875732421875,43.68000030517578,110.38500213623047,94.91999816894531,72.58000183105469,51.9900016784668,227.1676788330078,303.3687744140625,23.84000015258789,26.50542640686035,158.19000244140625,160.32000732421875,76.98999786376953,182.9268035888672,37.959999084472656,168.1199951171875,157.20602416992188,74.76000213623047,56.29999923706055,208.98526000976562,229.1999969482422,146.1850128173828,43.1730842590332,155.28138732910156,209.1999969482422,159.13975524902344
2026-03-13,23.520000457763672,169.22499084472656,71.33098602294922,44.56999969482422,110.44499969482422,98.38999938964844,73.41000366210938,52.02000045776367,227.8861541748047,302.09954833984375,24.770000457763672,26.97785758972168,157.77999877929688,153.97000122070312,77.11000061035156,180.0401611328125,37.9900016784668,167.02000427246094,158.2154083251953,73.62000274658203,56.41999816894531,205.87635803222656,231.5,147.9788055419922,43.094032287597656,154.9225616455078,208.5800018310547,158.511474609375
2026-03-16,22.790000915527344,171.29017639160156,71.86308288574219,43.61000061035156,105.95999908447266,101.94999694824219,73.62000274658203,53.13999938964844,230.96961975097656,305.3775939941406,24.8799991607666,27.115650177001953,159.91000366210938,157.05999755859375,77.05000305175781,183.0067138671875,39.25,167.4499969482422,156.07789611816406,75.30000305175781,59.16999816894531,207.55308532714844,225.17999267578125,148.84616088867188,41.601898193359375,155.51065063476562,207.69000244140625,161.54310607910156
2026-03-17,23.729999542236328,177.24761962890625,71.46893310546875,43.959999084472656,108.30000305175781,104.36000061035156,74.66000366210938,54.91999816894531,240.73887634277344,310.7344055175781,24.979999542236328,27.13533592224121,159.27000427246094,155.82000732421875,77.58999633789062,181.71820068359375,39.790000915527344,169.19000244140625,154.87059020996094,74.05000305175781,57.790000915527344,208.78067016601562,230.39999389648438,149.47694396972656,42.09598159790039,154.87274169921875,206.72000122070312,163.87664794921875
2026-03-18,23.200000762939453,174.81613159179688,68.90697479248047,41.5,108.95249938964844,100.05000305175781,70.30999755859375,54.119998931884766,239.53143310546875,307.5063171386719,23.149999618530273,26.643218994140625,165.38999938964844,156.47000122070312,74.08999633789062,180.1899871826172,39.04999923706055,168.91000366210938,151.94140625,74.6500015258789,58.27000045776367,206.81451416015625,232.88999938964844,149.90074157714844,41.404266357421875,152.3709259033203,204.22000122070312,169.65066528320312
2026-03-19,22.959999084472656,171.3408660888672,68.25662231445312,42.959999084472656,107.04499816894531,99.6050033569336,73.4000015258789,54.7599983215332,238.90277099609375,306.9466552734375,24.15999984741211,26.721956253051758,165.57000732421875,154.19000244140625,73.73999786376953,178.3521270751953,38.869998931884766,169.74000549316406,151.14974975585938,76.04000091552734,57.52000045776367,210.24778747558594,231.7899932861328,149.7233428955078,41.77976608276367,154.17501831054688,201.75,166.90826416015625
2026-03-20,22.729999542236328,172.5278778076172,66.4928207397461,41.5099983215332,102.25,98.05000305175781,72.5,52.84000015258789,234.68173217773438,300.8203125,22.020000457763672,26.170785903930664,162.82000732421875,148.85000610351562,73.69000244140625,172.4989471435547,37.65999984741211,162.9499969482422,148.47784423828125,74.33999633789062,56.959999084472656,210.77674865722656,223.2100067138672,147.46629333496094,40.91018295288086,154.4740447998047,200.6300048828125,145.8157958984375
2026-03-23,23.18000030517578,175.43057250976562,67.54716491699219,39.650001525878906,103.32749938964844,99.75,71.91999816894531,52.4900016784668,236.14862060546875,301.87969970703125,22.459999084472656,26.13141632080078,164.3800048828125,151.8300018310547,73.95999908447266,175.43553161621094,39.86000061035156,164.0500030517578,149.30911254882812,74.94999694824219,56.84000015258789,212.67303466796875,221.6199951171875,150.2654266357422,41.443790435791016,155.98907470703125,200.83999633789062,151.07843017578125
2026-03-24,22.690000534057617,171.1956329345703,67.06432342529297,37.04999923706055,98.24749755859375,97.68000030517578,67.55999755859375,49.459999084472656,236.48789978027344,290.2666320800781,21.34000015258789,25.796775817871094,160.9499969482422,152.6999969482422,73.0,174.99603271484375,39.59000015258789,157.2100067138672,149.02212524414062,75.20999908447266,55.0,215.3777313232422,216.5800018310547,150.48223876953125,40.67301940917969,157.86294555664062,191.3699951171875,152.5064239501953
2026-03-25,24.309999465942383,169.08493041992188,68.18765258789062,35.93000030517578,96.46499633789062,99.12000274658203,69.6500015258789,48.22999954223633,235.7594451904297,290.7563171386719,20.84000015258789,25.954254150390625,158.72000122070312,154.9199981689453,73.20999908447266,178.47198486328125,35.15999984741211,153.22000122070312,150.15025329589844,75.16000366210938,56.650001525878906,215.60728454589844,224.27000427246094,149.3783721923828,40.78171920776367,159.218505859375,193.0500030517578,151.29811096191406
2026-03-26,23.850000381469727,168.1277313232422,66.94609069824219,35.59000015258789,98.15499877929688,98.11000061035156,66.87999725341797,48.52000045776367,232.34669494628906,280.7523193359375,20.860000610351562,25.855831146240234,151.38999938964844,150.0500030517578,71.9800033569336,171.04066467285156,32.11000061035156,156.36000061035156,149.25962829589844,75.4000015258789,53.849998474121094,213.88067626953125,233.75999450683594,148.24493408203125,41.414146423339844,157.0555877685547,194.72000122070312,152.08702087402344
2026-03-27,22.90999984741211,162.07814025878906,66.58149719238281,33.939998626708984,92.3949966430664,95.3499984741211,61.04999923706055,47.310001373291016,225.3315887451172,274.1762390136719,19.3799991607666,26.04448699951172,145.85000610351562,145.7100067138672,71.83000183105469,167.32498168945312,32.38999938964844,147.02000427246094,151.4466094970703,73.80000305175781,52.310001373291016,211.27577209472656,229.75999450683594,149.2206573486328,42.88652038574219,154.61358642578125,189.69000244140625,155.2625732421875
2026-03-30,22.829999923706055,164.28738403320312,67.23184967041016,33.810001373291016,95.01499938964844,94.12000274658203,59.349998474121094,47.5,226.0301055908203,273.33673095703125,18.780000686645508,26.26293182373047,145.8300018310547,148.69000244140625,71.31999969482422,164.97772216796875,31.8799991607666,154.35000610351562,155.18727111816406,73.7300033569336,51.90999984741211,208.38143920898438,229.8300018310547,148.82643127441406,42.412193298339844,155.28138732910156,193.0800018310547,147.3336639404297
2026-03-31,23.389999389648438,167.990478515625,68.35517120361328,35.47999954223633,97.60250091552734,98.56999969482422,60.61000061035156,49.97999954223633,230.40081787109375,287.3883361816406,20.760000228881836,26.143779754638672,153.10000610351562,152.50999450683594,72.45999908447266,174.1969757080078,34.02000045776367,160.32000732421875,153.67318725585938,74.37999725341797,56.560001373291016,216.20611572265625,230.39999389648438,147.84083557128906,42.550540924072266,159.1786346435547,197.5,150.11976623535156
2026-04-01,23.670000076293945,166.96266174316406,69.73468017578125,34.33000183105469,98.32749938964844,96.19000244140625,62.29999923706055,49.970001220703125,227.18765258789062,297.2124938964844,19.84000015258789,25.5083065032959,158.80999755859375,152.6300048828125,72.7699966430664,175.54541015625,34.77000045776367,160.6699981689453,153.0398406982422,72.13999938964844,57.630001068115234,219.5196075439453,234.85000610351562,148.91513061523438,42.392433166503906,161.5010223388672,198.1999969482422,153.7447052001953
2026-04-02,23.959999084472656,167.3516845703125,70.2569351196289,34.08000183105469,99.77999877929688,96.54000091552734,61.15999984741211,51.63999938964844,224.8226776123047,295.59344482421875,19.139999389648438,25.130992889404297,155.72000122070312,155.75,72.37000274658203,177.18348693847656,33.029998779296875,163.2100067138672,155.37527465820312,73.29000091552734,60.11000061035156,219.54954528808594,240.8300018310547,149.02354431152344,43.51894760131836,160.76344299316406,199.8699951171875,150.9685821533203
2026-04-06,24.90999984741211,175.74818420410156,71.46893310546875,36.130001068115234,99.65249633789062,99.37999725341797,63.220001220703125,54.400001525878906,228.5547332763672,299.8109130859375,20.329999923706055,25.51823616027832,156.17999267578125,160.1199951171875,74.16000366210938,177.43319702148438,33.66999816894531,161.9499969482422,155.0981903076172,73.4800033569336,57.20000076293945,220.7771453857422,246.85000610351562,153.0152587890625,43.93397521972656,161.29171752929688,196.69000244140625,151.3780059814453
2026-04-07,25.389999389648438,172.97515869140625,70.5032730102539,34.47999954223633,105.80750274658203,96.29000091552734,61.13999938964844,53.939998626708984,223.8247833251953,305.27764892578125,19.5,25.28986167907715,153.6699981689453,158.2899932861328,72.44000244140625,177.89266967773438,32.209999084472656,169.8699951171875,151.61485290527344,74.23999786376953,57.5,215.9166717529297,250.6699981689453,151.61569213867188,44.51699447631836,157.0655517578125,198.3300018310547,153.46507263183594
2026-04-08,26.309999465942383,180.54611206054688,73.30172729492188,36.02000045776367,106.62750244140625,91.05999755859375,61.77000045776367,53.9900016784668,236.39808654785156,317.1305847167969,19.389999389648438,25.657245635986328,158.86000061035156,163.55999755859375,75.13999938964844,181.8680419921875,33.810001373291016,173.77999877929688,153.18829345703125,73.97000122070312,55.43000030517578,224.03076171875,250.58999633789062,148.09707641601562,43.3806037902832,161.1123046875,202.1300048828125,155.6719970703125
2026-04-09,27.200000762939453,176.15716552734375,74.09002685546875,36.380001068115234,98.66999816894531,90.52999877929688,63.93000030517578,53.41999816894531,229.77215576171875,318.29986572265625,19.75,26.233142852783203,166.50999450683594,163.66000366210938,76.19000244140625,183.69590759277344,34.439998626708984,166.99000549316406,155.8502960205078,72.41000366210938,55.16999816894531,224.46990966796875,260.04998779296875,160.7227020263672,44.15137481689453,164.46133422851562,198.0500030517578,152.53639221191406
2026-04-10,25.940000534057617,173.02503967285156,74.62212371826172,34.86000061035156,94.75499725341797,90.02999877929688,65.12999725341797,52.689998626708984,227.60675048828125,317.0506286621094,19.43000030517578,26.382081985473633,163.86000061035156,160.58999633789062,75.72000122070312,188.41041564941406,33.54999923706055,155.72999572753906,155.4247589111328,70.4000015258789,55.59000015258789,220.7272491455078,257.2099914550781,163.7583465576172,44.51699447631836,161.0724334716797,197.07000732421875,154.51361083984375
2026-04-13,26.549999237060547,176.80552673339844,74.54329681396484,33.65999984741211,100.55999755859375,93.52999877929688,65.62000274658203,55.34000015258789,239.70108032226562,321.1181945800781,21.149999618530273,25.855831146240234,162.55999755859375,165.72000122070312,75.16999816894531,189.08961486816406,34.189998626708984,162.50999450683594,154.25704956054688,70.23999786376953,57.65999984741211,220.5176544189453,243.1300048828125,162.2306671142578,44.12173080444336,158.80984497070312,201.36000061035156,157.978759765625
2026-04-14,26.559999465942383,180.6658172607422,74.48416900634766,34.5099983215332,99.62249755859375,91.45999908447266,68.9000015258789,55.9900016784668,248.0433807373047,332.7112731933594,21.360000610351562,25.83597183227539,160.60000610351562,166.27999877929688,75.06999969482422,196.28123474121094,35.58000183105469,161.58999633789062,154.0987091064453,71.80000305175781,58.29999923706055,222.8530731201172,236.3800048828125,162.13211059570312,43.14344024658203,159.75674438476562,205.10000610351562,163.74069213867188
2026-04-15,26.610000610351562,185.224365234375,74.1688461303711,35.279998779296875,102.79000091552734,98.77999877929688,69.86000061035156,57.91999816894531,256.89459228515625,336.91876220703125,24.290000915527344,25.816112518310547,162.74000549316406,155.82000732421875,74.93000030517578,198.63848876953125,35.43000030517578,164.11000061035156,153.23777770996094,72.22000122070312,59.790000915527344,223.7113800048828,244.50999450683594,161.59002685546875,43.78575134277344,159.70689392089844,214.14999389648438,162.71214294433594
2026-04-16,26.889999389648438,184.09718322753906,74.30680847167969,34.849998474121094,104.55000305175781,103.44999694824219,69.25,59.61000061035156,253.8909454345703,335.81939697265625,26.989999771118164,25.855831146240234,162.9199981689453,160.58999633789062,75.36000061035156,198.1190948486328,35.41999816894531,166.97000122070312,156.73101806640625,71.45999908447266,60.439998626708984,221.53565979003906,244.52000427246094,161.8856964111328,43.647403717041016,156.96588134765625,213.92999267578125,165.2985076904297
2026-04-17,27.0,191.52850341796875,74.65168762207031,35.25,105.98750305175781,100.51000213623047,66.81999969482422,61.900001525878906,265.2767639160156,341.4760437011719,28.81999969482422,26.342365264892578,167.27999877929688,156.55999755859375,76.72000122070312,201.44520568847656,36.95000076293945,167.85000610351562,156.02841186523438,72.7699966430664,60.34000015258789,227.3742218017578,245.3300018310547,159.94406127929688,44.06243896484375,160.15542602539062,212.0399932861328,163.23141479492188
2026-04-20,27.84000015258789,191.5484619140625,73.95207214355469,33.779998779296875,108.2874984741211,104.83999633789062,68.41999816894531,64.18000030517578,272.6611022949219,337.2185974121094,31.010000228881836,26.312576293945312,166.80999755859375,156.08999633789062,77.2300033569336,201.82476806640625,37.25,169.55999755859375,155.35549926757812,73.69999694824219,61.83000183105469,227.80337524414062,249.89999389648438,157.5194854736328,43.765987396240234,159.16867065429688,216.85000610351562,159.37681579589844
2026-04-21,27.440000534057617,190.3813934326172,71.71527862548828,32.689998626708984,112.40249633789062,102.62999725341797,66.9800033569336,65.19000244140625,273.21990966796875,332.0916442871094,29.760000228881836,26.253002166748047,166.6999969482422,153.3699951171875,75.2699966430664,199.64732360839844,36.72999954223633,174.9600067138672,153.30703735351562,71.9800033569336,61.2599983215332,225.14857482910156,244.58999633789062,154.69078063964844,43.07426834106445,158.7301025390625,217.64999389648438,154.69337463378906
2026-04-22,28.010000228881836,178.9501190185547,71.10435485839844,33.2599983215332,116.66999816894531,105.5199966430664,65.58000183105469,66.05999755859375,264.0393981933594,339.1174621582031,29.010000228881836,26.352294921875,163.4499969482422,154.6300048828125,75.94999694824219,202.26426696777344,36.599998474121094,181.1999969482422,152.1887969970703,71.18000030517578,59.63999938964844,225.89710998535156,243.94000244140625,154.62179565429688,42.194801330566406,157.95265197753906,218.19000244140625,155.57212829589844
2026-04-23,27.34000015258789,176.30677795410156,71.1634750366211,33.93000030517578,111.34750366210938,100.29000091552734,66.2300033569336,63.47999954223633,249.8395538330078,338.6877136230469,28.149999618530273,28.32822036743164,141.66000366210938,153.2100067138672,77.55999755859375,199.4075927734375,36.220001220703125,173.2100067138672,154.07891845703125,69.12000274658203,55.45000076293945,226.47596740722656,240.42999267578125,157.0167999267578,42.36278533935547,157.8330535888672,209.89999389648438,156.6306610107422
2026-04-24,27.3799991607666,179.79800415039062,71.50835418701172,34.59000015258789,112.03250122070312,103.44999694824219,66.27999877929688,62.790000915527344,250.90728759765625,344.19439697265625,30.559999465942383,29.013338088989258,143.8000030517578,156.63999938964844,78.2300033569336,208.0275421142578,36.25,178.5399932861328,153.82162475585938,69.62000274658203,56.09000015258789,225.9270477294922,236.39999389648438,153.75445556640625,41.93787384033203,156.51734924316406,210.75,164.12017822265625
2026-04-27,28.149999618530273,177.07484436035156,72.2375259399414,33.13999938964844,113.65249633789062,103.30000305175781,63.720001220703125,65.11000061035156,244.70046997070312,350.130859375,29.389999389648438,27.95090675354004,146.94000244140625,156.49000549316406,76.86000061035156,216.3578338623047,35.93000030517578,182.89999389648438,152.49559020996094,66.56999969482422,57.52000045776367,225.72743225097656,240.14999389648438,152.8477020263672,42.08610153198242,156.96588134765625,213.77000427246094,166.3470458984375
2026-04-28,27.579999923706055,172.9452362060547,73.33128356933594,32.619998931884766,113.74749755859375,106.23999786376953,63.0,63.209999084472656,241.65692138671875,349.5711975097656,27.90999984741211,28.586381912231445,142.38999938964844,154.75,77.19000244140625,212.92184448242188,35.43000030517578,180.99000549316406,154.6627655029297,64.45999908447266,56.11000061035156,225.07872009277344,238.2100067138672,153.15322875976562,42.05645751953125,156.68679809570312,213.00999450683594,160.89468383789062
2026-04-29,28.260000228881836,173.54371643066406,71.74483489990234,32.65999984741211,113.09500122070312,106.81999969482422,61.08000183105469,69.5999984741211,250.0391387939453,349.7311096191406,26.329999923706055,28.725391387939453,138.16000366210938,153.1300048828125,76.88999938964844,209.00640869140625,35.33000183105469,181.5399932861328,153.67318725585938,64.19000244140625,56.279998779296875,224.6395721435547,236.49000549316406,149.22418212890625,41.90822982788086,155.56048583984375,215.33999633789062,153.57492065429688
2026-04-30,25.899999618530273,167.9378204345703,74.44475555419922,33.56999969482422,111.4375,110.0999984741211,63.970001220703125,64.33999633789062,247.84378051757812,384.5702819824219,27.170000076293945,29.192066192626953,137.6999969482422,157.94000244140625,77.06999969482422,199.33767700195312,35.61000061035156,179.32000732421875,156.83987426757812,66.66999816894531,55.2599983215332,227.34426879882812,237.0399932861328,155.3558807373047,42.23432922363281,156.23826599121094,213.75999450683594,157.6192626953125
2026-05-01,27.850000381469727,169.2046356201172,74.45460510253906,33.72999954223633,113.91000366210938,111.25,60.4900016784668,63.16999816894531,251.3064422607422,385.45977783203125,27.40999984741211,28.884258270263672,133.5800018310547,158.25,77.12000274658203,198.21897888183594,34.540000915527344,181.0800018310547,155.7711181640625,65.37999725341797,45.130001068115234,228.3922119140625,214.3000030517578,151.62527465820312,41.641422271728516,156.31800842285156,216.02999877929688,155.06285095214844
2026-05-04,27.690000534057617,165.164794921875,72.82875061035156,33.56999969482422,117.30999755859375,110.2300033569336,61.849998474121094,64.04000091552734,245.97775268554688,383.0212097167969,27.270000457763672,28.665815353393555,128.97999572753906,157.5800018310547,75.19999694824219,198.24893188476562,34.290000915527344,184.55999755859375,152.98046875,63.290000915527344,47.56999969482422,225.57774353027344,207.1699981689453,146.9818572998047,40.24810791015625,154.13514709472656,225.17999267578125,160.62506103515625
2026-05-05,25.270000457763672,167.20965576171875,79.19424438476562,33.52000045776367,119.13249969482422,104.02999877929688,59.41999816894531,62.95000076293945,248.12319946289062,388.1981201171875,26.329999923706055,28.71546173095703,130.2100067138672,157.25999450683594,75.80000305175781,196.271240234375,34.59000015258789,183.97999572753906,153.42578125,64.30999755859375,44.040000915527344,226.97499084472656,206.25,148.62889099121094,41.69083023071289,154.45411682128906,223.11000061035156,160.1557159423828
2026-05-06,25.299999237060547,167.89791870117188,80.88907623291016,32.79999923706055,117.01750183105469,105.0199966430664,61.43000030517578,64.97000122070312,246.13742065429688,397.8023986816406,26.8799991607666,28.358007431030273,132.0399932861328,167.82000732421875,77.19999694824219,207.5880584716797,36.060001373291016,183.67999267578125,154.33621215820312,63.959999084472656,43.7599983215332,228.4620819091797,206.36000061035156,151.0994110107422,42.25408935546875,154.9425048828125,222.0,158.06863403320312
2026-05-07,24.459999084472656,170.85049438476562,79.07599639892578,34.2599983215332,126.43000030517578,113.61000061035156,61.790000915527344,64.0199966430664,252.25442504882812,397.7524108886719,25.649999618530273,28.31829071044922,133.58999633789062,165.75,75.97000122070312,211.2537841796875,35.650001525878906,196.52999877929688,154.6627655029297,44.0099983215332,44.779998779296875,224.04074096679688,203.00999450683594,149.0753631591797,42.619712829589844,153.97567749023438,223.5,153.73471069335938
2026-05-08,25.18000030517578,165.51390075683594,79.88999938964844,32.290000915527344,131.9425048828125,107.98999786376953,60.86000061035156,64.37999725341797,229.4927520751953,400.56072998046875,28.270000457763672,28.6260986328125,131.17999267578125,163.27999877929688,86.29000091552734,214.94947814941406,35.2400016784668,207.8800048828125,153.01016235351562,45.880001068115234,41.90999984741211,225.36814880371094,197.33999633789062,147.0513153076172,41.90822982788086,152.8593292236328,220.4499969482422,147.513427734375
2026-05-11,25.010000228881836,157.404296875,79.86000061035156,30.639999389648438,135.56500244140625,105.1500015258789,55.189998626708984,59.86000061035156,220.99081420898438,388.40802001953125,29.139999389648438,28.506946563720703,126.33999633789062,163.0,86.41000366210938,219.18453979492188,34.040000915527344,213.66000366210938,147.8544158935547,48.400001525878906,41.310001373291016,214.1301727294922,188.5399932861328,141.29666137695312,40.94970703125,148.42385864257812,221.47000122070312,151.83737182617188
2026-05-12,26.020000457763672,160.15737915039062,79.80999755859375,29.610000610351562,136.5449981689453,106.01000213623047,55.65999984741211,57.5099983215332,221.01075744628906,387.1187744140625,25.030000686645508,28.963693618774414,125.12999725341797,165.6699981689453,85.87000274658203,220.52297973632812,33.83000183105469,215.60000610351562,150.26901245117188,49.4900016784668,41.540000915527344,217.2440643310547,181.82000732421875,141.4157257080078,40.85089111328125,149.76943969726562,225.99000549316406,146.66461181640625
2026-05-13,27.149999618530273,154.6412353515625,80.1500015258789,27.860000610351562,140.6425018310547,104.9800033569336,53.7400016784668,57.400001525878906,217.08909606933594,402.3796691894531,24.139999389648438,29.102703094482422,121.20999908447266,168.4600067138672,85.93000030517578,225.56710815429688,35.38999938964844,227.7899932861328,147.7158660888672,50.59000015258789,41.959999084472656,211.3456268310547,179.19000244140625,139.4214324951172,40.9299430847168,146.54998779296875,226.99000549316406,142.4105682373047
2026-05-14,26.799999237060547,154.09262084960938,80.73999786376953,29.010000228881836,144.9875030517578,109.15499877929688,55.470001220703125,58.40999984741211,216.7098846435547,400.8305969238281,24.239999771118164,28.894187927246094,121.05999755859375,169.99000549316406,85.81999969482422,235.465576171875,36.84000015258789,238.2100067138672,147.1221160888672,51.5,43.720001220703125,212.85269165039062,173.17999267578125,139.51072692871094,40.32716369628906,147.35000610351562,242.41000366210938,141.70155334472656
2026-05-15,25.809999465942383,153.74349975585938,80.91999816894531,30.15999984741211,148.52000427246094,112.05999755859375,56.43000030517578,58.06999969482422,217.26870727539062,396.54315185546875,25.049999237060547,28.725391387939453,119.13999938964844,168.8699951171875,87.08999633789062,225.05770874023438,37.2599983215332,242.8300018310547,147.5674285888672,52.63999938964844,42.849998474121094,212.3336944580078,174.72999572753906,141.2371368408203,40.35680389404297,147.42999267578125,242.44000244140625,139.4846649169922
2026-05-18,25.309999465942383,154.68115234375,81.31999969482422,29.329999923706055,154.70750427246094,113.23999786376953,54.86000061035156,58.83000183105469,214.53451538085938,396.70306396484375,22.290000915527344,29.22185516357422,120.26000213623047,167.49000549316406,88.54000091552734,222.0612030029297,38.099998474121094,247.5500030517578,147.508056640625,54.130001068115234,46.97999954223633,210.66696166992188,174.02999877929688,146.42623901367188,41.186866760253906,150.25,242.16000366210938,136.5587615966797
2026-05-19,24.920000076293945,154.1524658203125,81.91000366210938,29.1299991607666,154.22000122070312,114.0999984741211,52.97999954223633,57.61000061035156,214.54449462890625,387.4285888671875,22.440000534057617,28.64595603942871,119.22000122070312,163.00999450683594,86.3499984741211,220.35317993164062,37.34000015258789,240.1300048828125,148.80441284179688,51.650001525878906,44.45000076293945,212.26382446289062,178.7899932861328,145.32492065429688,41.45367431640625,150.67999267578125,238.13999938964844,134.52162170410156
2026-05-20,24.06999969482422,156.55642700195312,82.51000213623047,28.6299991607666,162.52749633789062,106.81999969482422,50.720001220703125,60.88999938964844,217.12899780273438,388.6778564453125,23.040000915527344,28.487089157104492,125.19000244140625,164.44000244140625,86.87999725341797,223.20985412597656,37.849998474121094,246.66000366210938,147.73565673828125,50.2400016784668,45.790000915527344,217.36383056640625,183.44000244140625,149.9980926513672,42.25408935546875,159.2100067138672,236.6199951171875,143.7986297607422
2026-05-21,23.020000457763672,159.27957153320312,83.36000061035156,29.700000762939453,162.0574951171875,105.63999938964844,53.119998931884766,60.7400016784668,217.6578826904297,387.4285888671875,24.010000228881836,28.576452255249023,126.76000213623047,165.97999572753906,86.31999969482422,219.25445556640625,39.189998626708984,252.9199981689453,147.3002471923828,50.47999954223633,46.13999938964844,216.7650146484375,186.02999877929688,149.6508331298828,42.02680969238281,157.4600067138672,238.0800018310547,148.87152099609375
2026-05-22,23.18000030517578,160.65611267089844,83.44999694824219,30.1200008392334,165.86500549316406,106.61000061035156,52.900001525878906,62.380001068115234,214.19522094726562,382.74139404296875,23.75,28.914047241210938,127.18000030517578,165.5500030517578,86.79000091552734,215.07933044433594,39.810001373291016,260.5799865722656,149.00233459472656,52.04999923706055,48.15999984741211,234.35052490234375,190.10000610351562,148.3312225341797,42.046573638916016,158.27000427246094,227.5500030517578,156.0514678955078
2026-05-26,23.489999771118164,162.8905029296875,82.45999908447266,29.670000076293945,167.8874969482422,106.4800033569336,54.130001068115234,64.33000183105469,222.4976043701172,388.6478576660156,23.850000381469727,29.341005325317383,127.3499984741211,166.52000427246094,87.41999816894531,214.60987854003906,40.31999969482422,256.75,144.16323852539062,52.56999969482422,46.0,234.2207794189453,181.6300048828125,146.4857635498047,40.742191314697266,158.97000122070312,220.6699981689453,164.32986450195312
2026-05-27,24.09000015258789,167.94778442382812,83.95999908447266,31.649999618530273,161.33999633789062,107.81999969482422,57.36000061035156,63.810001373291016,226.0800018310547,388.5978698730469,25.200000762939453,29.887115478515625,131.0399932861328,166.55999755859375,89.23999786376953,212.35250854492188,39.619998931884766,248.47000122070312,146.20179748535156,51.9900016784668,45.630001068115234,233.01315307617188,183.4499969482422,142.59642028808594,41.37461853027344,157.00999450683594,218.4600067138672,159.92604064941406
2026-05-28,23.760000228881836,169.3941650390625,81.9800033569336,33.220001220703125,167.75,108.66999816894531,57.400001525878906,66.77999877929688,227.5500030517578,389.8971252441406,25.3799991607666,29.82754135131836,131.3300018310547,167.02999877929688,87.98999786376953,214.00057983398438,39.75,257.7699890136719,144.7668914794922,52.900001525878906,46.83000183105469,226.7554168701172,180.4499969482422,141.0188446044922,40.09000015258789,154.88999938964844,217.8699951171875,160.0558624267578
2026-05-29,23.200000762939453,167.01014709472656,79.98999786376953,33.27000045776367,182.75,111.36000061035156,56.0,67.91999816894531,225.7899932861328,380.1129455566406,26.149999618530273,29.817611694335938,131.17999267578125,168.41000366210938,88.08000183105469,210.8942108154297,40.81999969482422,281.69000244140625,142.6887664794922,53.5099983215332,47.150001525878906,231.27655029296875,177.27999877929688,137.73472595214844,39.529998779296875,154.75,224.16000366210938,160.00592041015625
2026-06-01,23.309999465942383,168.82557678222656,80.0199966430664,30.8799991607666,195.54249572753906,117.97000122070312,53.4900016784668,69.0,228.3699951171875,376.14532470703125,27.760000228881836,29.98641014099121,132.08999633789062,170.4499969482422,89.0999984741211,224.09881591796875,39.630001068115234,300.4800109863281,140.0465545654297,52.880001068115234,47.0,223.63156127929688,167.36000061035156,135.184814453125,39.029998779296875,152.75,226.97999572753906,154.54356384277344
2026-06-02,24.420000076293945,166.79071044921875,80.58000183105469,30.540000915527344,192.2375030517578,109.94999694824219,51.97999954223633,69.7300033569336,226.3699951171875,361.6340026855469,27.510000228881836,30.14527702331543,126.47000122070312,167.63999938964844,88.23999786376953,222.56060791015625,38.31999969482422,297.17999267578125,140.5215606689453,53.310001373291016,45.0,223.38204956054688,162.44000244140625,135.69082641601562,38.90999984741211,153.69000244140625,222.3800048828125,157.74908447265625
2026-06-03,25.729999542236328,164.36679077148438,79.04000091552734,30.010000228881836,186.90249633789062,107.4000015258789,51.9900016784668,67.05000305175781,225.41000366210938,358.77569580078125,27.510000228881836,30.333932876586914,126.02999877929688,164.25,89.04000091552734,214.5,37.52000045776367,280.42999267578125,141.05592346191406,51.529998779296875,43.68000030517578,232.16481018066406,163.75999450683594,134.34146118164062,38.619998931884766,157.89999389648438,215.8000030517578,153.5849151611328
2026-06-04,25.209999084472656,167.07000732421875,77.91999816894531,27.75,179.7725067138672,109.1500015258789,51.439998626708984,67.05000305175781,227.17999267578125,371.96783447265625,28.010000228881836,29.84739875793457,124.91999816894531,161.00999450683594,88.54000091552734,218.66000366210938,37.470001220703125,279.25,140.6699981689453,51.33000183105469,43.349998474121094,232.6039581298828,161.0800018310547,136.70285034179688,38.43000030517578,158.6300048828125,216.64999389648438,153.4850616455078
2026-06-05,24.479999542236328,165.83999633789062,78.5,28.1299991607666,167.7550048828125,109.02999877929688,49.56999969482422,66.86000061035156,228.8800048828125,368.30999755859375,26.190000534057617,30.314075469970703,114.2300033569336,160.07000732421875,89.55000305175781,205.10000610351562,37.08000183105469,272.04998779296875,141.9199981689453,50.68000030517578,41.81999969482422,229.91921997070312,164.72000122070312,139.8083953857422,39.060001373291016,160.7100067138672,214.38999938964844,148.5519561767578
2026-06-08,25.31999969482422,162.3000030517578,78.66000366210938,28.0,164.69749450683594,117.95999908447266,52.279998779296875,68.83000183105469,225.89999389648438,363.30999755859375,27.170000076293945,30.53251838684082,117.55000305175781,159.50999450683594,88.47000122070312,208.63999938964844,37.11000061035156,266.3299865722656,140.67999267578125,50.72999954223633,42.29999923706055,226.97499084472656,170.0800018310547,139.7488555908203,39.61000061035156,159.75,212.5500030517578,146.69456481933594
2026-06-09,25.5,163.99000549316406,81.0199966430664,28.190000534057617,161.2324981689453,117.86000061035156,55.66999816894531,68.76000213623047,231.05999755859375,364.260009765625,28.979999542236328,31.257354736328125,121.36000061035156,162.66000366210938,90.1500015258789,208.19000244140625,38.25,260.5199890136719,142.77999877929688,50.959999084472656,43.0,229.4499969482422,174.99000549316406,138.9947967529297,40.52000045776367,164.8699951171875,212.0500030517578,146.01551818847656
2026-06-10,23.90999984741211,160.63999938964844,81.26000213623047,28.3700008392334,161.93499755859375,121.91999816894531,58.119998931884766,68.7300033569336,218.94000244140625,356.3800048828125,27.780000686645508,31.475799560546875,118.93000030517578,167.5,91.20999908447266,200.4199981689453,38.0,263.2200012207031,144.32000732421875,50.599998474121094,41.5,231.9199981689453,176.85000610351562,141.1577606201172,40.900001525878906,167.66000366210938,210.4600067138672,138.34625244140625
2026-06-11,24.889999389648438,163.58999633789062,82.2699966430664,28.399999618530273,172.88250732421875,123.84500122070312,60.68000030517578,69.44000244140625,224.66000366210938,357.7699890136719,28.8700008392334,31.009122848510742,121.83999633789062,172.3300018310547,92.02999877929688,204.8699951171875,39.209999084472656,279.5299987792969,143.72999572753906,51.47999954223633,43.4900016784668,239.11000061035156,179.6199951171875,142.0010986328125,40.93000030517578,168.33999633789062,212.0800018310547,146.17530822753906
2026-06-12,24.600000381469727,164.94000244140625,82.91000366210938,29.18000030517578,170.6999969482422,122.62999725341797,61.150001525878906,69.4800033569336,224.88999938964844,359.67999267578125,26.81999969482422,31.485727310180664,118.7699966430664,172.50999450683594,92.83000183105469,205.19000244140625,38.58000183105469,279.6199951171875,144.27000427246094,51.0099983215332,43.310001373291016,240.1300048828125,181.88999938964844,147.34896850585938,41.58000183105469,168.41000366210938,211.75,147.81300354003906
2026-06-15,24.989999771118164,174.63999938964844,81.4800033569336,28.739999771118164,173.2274932861328,127.05999755859375,63.9900016784668,72.19000244140625,236.97999572753906,369.3500061035156,30.170000076293945,31.545305252075195,116.20999908447266,175.85000610351562,93.2300033569336,212.4499969482422,38.689998626708984,284.5400085449219,146.25,49.97999954223633,45.65999984741211,236.77000427246094,182.66000366210938,146.97193908691406,40.88999938964844,167.3300018310547,216.22999572753906,153.30531311035156
2026-06-16,24.989999771118164,175.72000122070312,82.3499984741211,30.010000228881836,169.87249755859375,128.07000732421875,66.93000030517578,73.33999633789062,243.55999755859375,373.25,31.469999313354492,31.773677825927734,115.5,174.10000610351562,92.94999694824219,207.41000366210938,38.060001373291016,279.8999938964844,146.1199951171875,50.31999969482422,49.34000015258789,234.49000549316406,180.17999267578125,142.98336791992188,40.599998474121094,166.32000732421875,229.97000122070312,158.38819885253906
2026-06-17,23.5,171.6300048828125,80.68000030517578,30.3799991607666,170.74000549316406,123.38999938964844,62.279998779296875,72.83000183105469,239.47000122070312,363.7900085449219,31.889999389648438,30.671527862548828,111.76000213623047,171.52000427246094,91.66000366210938,204.64999389648438,37.720001220703125,282.1300048828125,141.58999633789062,50.209999084472656,48.02000045776367,233.25,171.91000366210938,137.87364196777344,39.04999923706055,164.1300048828125,228.02999877929688,158.60787963867188
2026-06-18,24.8700008392334,171.77999877929688,80.73999786376953,30.799999237060547,171.21499633789062,125.55999755859375,64.19999694824219,73.94999694824219,240.89999389648438,368.0299987792969,35.470001220703125,30.542448043823242,111.7699966430664,171.24000549316406,91.33999633789062,210.69000244140625,38.880001068115234,287.7799987792969,142.02000427246094,52.97999954223633,51.529998779296875,232.8000030517578,176.11000061035156,140.07626342773438,39.400001525878906,163.80999755859375,239.27999877929688,163.52101135253906
2026-06-22,25.209999084472656,167.77000427246094,80.83000183105469,29.1200008392334,168.86000061035156,127.25,63.18000030517578,72.54000091552734,238.02000427246094,349.67999267578125,33.540000915527344,30.651670455932617,105.43000030517578,170.55999755859375,93.0199966430664,208.64999389648438,36.209999084472656,286.3999938964844,140.7100067138672,51.060001373291016,47.27000045776367,236.97000122070312,177.61000061035156,140.4036865234375,39.63999938964844,164.1699981689453,239.57000732421875,167.25999450683594
2026-06-23,24.540000915527344,168.94000244140625,82.98999786376953,28.15999984741211,170.22999572753906,132.17999267578125,63.4900016784668,74.88999938964844,245.07000732421875,346.1300048828125,32.959999084472656,30.651670455932617,108.91999816894531,168.60000610351562,93.69000244140625,200.0399932861328,35.13999938964844,290.9200134277344,142.0500030517578,51.84000015258789,47.11000061035156,229.0500030517578,180.6199951171875,142.2590789794922,39.709999084472656,164.35000610351562,242.63999938964844,162.38999938964844
2026-06-24,24.959999084472656,181.25,84.43000030517578,28.520000457763672,168.2550048828125,132.14999389648438,64.54000091552734,78.0199966430664,262.1499938964844,345.2900085449219,32.70000076293945,31.177921295166016,113.08999633789062,171.47000122070312,94.69999694824219,199.0,36.91999816894531,285.260009765625,142.27000427246094,53.86000061035156,47.939998626708984,228.58999633789062,182.83999633789062,141.90188598632812,40.529998779296875,165.1699981689453,235.77000427246094,162.8699951171875
2026-06-25,26.239999771118164,177.0500030517578,84.08000183105469,28.219999313354492,169.66250610351562,119.94000244140625,65.08999633789062,77.69999694824219,250.9499969482422,343.7099914550781,32.709999084472656,32.290000915527344,112.05999755859375,175.11000061035156,95.83000183105469,195.74000549316406,36.58000183105469,293.0899963378906,139.52000427246094,51.939998626708984,46.38999938964844,215.1300048828125,180.2100067138672,143.32070922851562,40.540000915527344,155.19000244140625,238.72000122070312,167.77000427246094
2026-06-26,27.420000076293945,181.4600067138672,85.08999633789062,29.850000381469727,175.2725067138672,121.48999786376953,67.43000030517578,78.04000091552734,262.79998779296875,337.3900146484375,33.939998626708984,33.400001525878906,117.56999969482422,179.4600067138672,96.37999725341797,192.52999877929688,37.06999969482422,304.20001220703125,141.38999938964844,52.7400016784668,47.560001373291016,213.25999450683594,191.8699951171875,145.15625,41.47999954223633,155.42999267578125,238.52999877929688,163.49000549316406
2026-06-29,27.690000534057617,182.41000366210938,83.83999633789062,29.790000915527344,185.7274932861328,116.02999877929688,69.91000366210938,79.66000366210938,265.2799987792969,353.6499938964844,33.38999938964844,33.5,114.29000091552734,182.55999755859375,97.63999938964844,194.97000122070312,35.41999816894531,332.0,138.67999267578125,51.58000183105469,54.34000015258789,208.8300018310547,182.39999389648438,138.5681610107422,39.75,151.22999572753906,247.14999389648438,162.3800048828125
2026-06-30,29.530000686645508,178.24000549316406,82.4000015258789,29.280000686645508,190.78500366210938,115.0199966430664,74.0,75.33000183105469,255.8800048828125,357.3699951171875,34.66999816894531,32.72999954223633,114.18000030517578,183.11000061035156,96.12000274658203,200.08999633789062,35.41999816894531,341.0199890136719,135.39999389648438,52.16999816894531,54.380001068115234,212.85000610351562,177.02999877929688,138.0026092529297,38.959999084472656,151.5,249.97999572753906,158.6300048828125
2026-07-01,31.25,182.63999938964844,80.25,31.8700008392334,193.18499755859375,121.21499633789062,78.75,72.83000183105469,264.5400085449219,361.2099914550781,37.56999969482422,33.369998931884766,116.4000015258789,183.97999572753906,97.3499984741211,197.5800018310547,35.560001373291016,352.0400085449219,141.16000366210938,52.689998626708984,57.95000076293945,211.89999389648438,177.6300048828125,135.8098907470703,39.040000915527344,151.35000610351562,250.32000732421875,153.16000366210938
2026-07-02,31.90999984741211,184.55999755859375,81.33000183105469,33.15999984741211,193.97999572753906,125.76000213623047,76.41999816894531,76.97000122070312,268.69000244140625,359.9100036621094,36.79999923706055,33.29999923706055,118.43000030517578,186.58999633789062,97.5999984741211,194.8300018310547,36.83000183105469,348.05999755859375,144.22000122070312,53.45000076293945,55.40999984741211,213.42999267578125,183.6199951171875,136.39527893066406,39.779998779296875,154.25999450683594,254.99000549316406,151.0500030517578
2026-07-06,31.09000015258789,181.02999877929688,79.37999725341797,33.040000915527344,199.3800048828125,129.72000122070312,73.48999786376953,75.05999755859375,266.760009765625,366.4599914550781,38.279998779296875,31.75,115.63999938964844,183.2899932861328,97.37000274658203,195.5500030517578,36.869998931884766,357.5299987792969,143.2899932861328,52.41999816894531,57.029998779296875,211.36000061035156,179.82000732421875,129.65835571289062,38.86000061035156,151.30999755859375,258.4100036621094,157.22000122070312
2026-07-07,31.920000076293945,181.9499969482422,79.73999786376953,31.700000762939453,194.6199951171875,131.9499969482422,75.33999633789062,77.58999633789062,269.8699951171875,367.0299987792969,36.16999816894531,31.489999771118164,115.06999969482422,183.9199981689453,96.91999816894531,196.92999267578125,36.619998931884766,337.0400085449219,144.97999572753906,52.29999923706055,56.709999084472656,214.6699981689453,183.16000366210938,130.72991943359375,39.27000045776367,154.11000061035156,257.7900085449219,155.72999572753906
2026-07-08,30.739999771118164,174.2899932861328,79.12999725341797,30.600000381469727,191.1199951171875,127.56999969482422,74.1500015258789,77.19999694824219,260.30999755859375,361.9200134277344,36.06999969482422,30.969999313354492,113.62000274658203,182.13999938964844,95.1500015258789,204.1199951171875,36.380001068115234,320.5899963378906,142.50999450683594,51.689998626708984,55.119998931884766,217.72000122070312,178.27999877929688,129.32101440429688,38.790000915527344,152.7899932861328,251.3800048828125,154.82000732421875
2026-07-09,31.399999618530273,175.52000427246094,79.33999633789062,30.520000457763672,198.39999389648438,129.9499969482422,75.76000213623047,77.72000122070312,267.7799987792969,358.8900146484375,35.45000076293945,30.719999313354492,116.51000213623047,182.5800018310547,96.55000305175781,202.77999877929688,36.77000045776367,338.30999755859375,137.86000061035156,51.380001068115234,56.43000030517578,220.60000610351562,174.86000061035156,131.40460205078125,38.7400016784668,150.89999389648438,246.10000610351562,157.97999572753906
2026-07-10,31.280000686645508,178.38999938964844,79.61000061035156,30.600000381469727,187.17999267578125,124.76000213623047,76.75,81.05000305175781,270.8299865722656,357.17999267578125,34.380001068115234,31.670000076293945,119.26000213623047,179.7899932861328,97.38999938964844,210.9600067138672,38.540000915527344,325.9100036621094,137.3800048828125,51.33000183105469,55.349998474121094,222.8800048828125,176.7899932861328,133.01193237304688,39.16999816894531,151.33999633789062,243.1999969482422,158.86000061035156
2026-07-13,30.559999465942383,175.8000030517578,79.33000183105469,29.829999923706055,187.91000366210938,132.33999633789062,75.0999984741211,80.52999877929688,265.6300048828125,352.510009765625,34.380001068115234,31.25,120.30000305175781,183.25,97.06999969482422,203.52999877929688,37.91999816894531,330.29998779296875,138.49000549316406,50.5,55.029998779296875,219.4600067138672,172.38999938964844,133.4584197998047,39.880001068115234,150.52999877929688,244.10000610351562,158.1199951171875
2026-07-14,31.600000381469727,174.85000610351562,79.37000274658203,30.139999389648438,210.72999572753906,128.35000610351562,72.25,83.05999755859375,266.2799987792969,359.510009765625,35.150001525878906,30.260000228881836,117.31999969482422,181.55999755859375,98.01000213623047,211.8000030517578,37.7400016784668,352.8900146484375,135.4499969482422,50.900001525878906,54.470001220703125,220.92999267578125,168.75,130.31320190429688,38.86000061035156,150.33999633789062,237.0399932861328,158.42999267578125
2026-07-15,32.27000045776367,182.8000030517578,79.91000366210938,30.209999084472656,206.77000427246094,131.22000122070312,74.22000122070312,85.73999786376953,267.1099853515625,370.9200134277344,37.16999816894531,30.280000686645508,117.41999816894531,178.44000244140625,97.56999969482422,212.5,37.459999084472656,354.0199890136719,135.39999389648438,52.2400016784668,57.06999969482422,225.80999755859375,170.0,130.61085510253906,39.61000061035156,150.97000122070312,243.8000030517578,160.22999572753906
2026-07-16,33.61000061035156,184.61000061035156,81.45999908447266,29.979999542236328,203.75999450683594,128.94000244140625,74.48999786376953,83.4800033569336,270.95001220703125,354.4599914550781,33.68000030517578,31.3799991607666,118.79000091552734,179.85000610351562,99.94000244140625,207.39999389648438,38.20000076293945,353.989990234375,139.42999267578125,52.880001068115234,54.0099983215332,232.72000122070312,182.5,134.65896606445312,41.779998779296875,154.7899932861328,239.57000732421875,152.55999755859375
2026-07-17,34.5,181.67999267578125,80.56999969482422,28.989999771118164,203.0800018310547,133.85000610351562,73.69000244140625,84.0999984741211,268.7699890136719,346.7699890136719,32.84000015258789,30.90999984741211,116.33000183105469,180.22000122070312,97.5,202.80999755859375,37.20000076293945,358.67999267578125,137.1199951171875,52.36000061035156,51.68000030517578,233.4600067138672,178.8000030517578,131.83123779296875,40.93000030517578,154.4600067138672,236.67999267578125,155.44000244140625
2026-07-20,34.43000030517578,179.4499969482422,80.83000183105469,29.420000076293945,198.49000549316406,133.88999938964844,79.6500015258789,84.02999877929688,265.0799865722656,351.989990234375,32.70000076293945,30.440000534057617,116.66999816894531,180.86000061035156,95.44999694824219,203.27999877929688,37.650001525878906,348.6600036621094,135.4600067138672,55.25,53.25,235.77999877929688,180.58999633789062,133.30958557128906,41.61000061035156,155.6999969482422,238.97999572753906,157.99000549316406
2026-07-21,35.61000061035156,179.39999389648438,81.55000305175781,28.020000457763672,191.14999389648438,124.70999908447266,79.9000015258789,81.69000244140625,264.94000244140625,347.1499938964844,32.72999954223633,30.209999084472656,116.62999725341797,177.8300018310547,94.45999908447266,207.2899932861328,37.2400016784668,342.1499938964844,135.0,55.08000183105469,52.5,235.80999755859375,170.97999572753906,129.63851928710938,40.86000061035156,155.0500030517578,235.92999267578125,162.3300018310547
2026-07-22,34.779998779296875,177.86000061035156,83.08000183105469,28.469999313354492,188.4199981689453,119.51000213623047,79.02999877929688,80.4800033569336,261.0799865722656,342.0899963378906,31.68000030517578,30.200000762939453,113.37000274658203,177.9199981689453,95.66999816894531,212.05999755859375,36.650001525878906,335.2799987792969,135.64999389648438,54.04999923706055,49.63999938964844,238.2100067138672,173.9199981689453,131.04742431640625,41.040000915527344,155.41000366210938,233.5800018310547,166.74000549316406
2026-07-23,34.0099983215332,172.8300018310547,80.4800033569336,27.170000076293945,183.4199981689453,120.66999816894531,76.1500015258789,80.91000366210938,257.6099853515625,317.69000244140625,32.7400016784668,29.670000076293945,110.62999725341797,176.05999755859375,93.55999755859375,208.75999450683594,34.84000015258789,325.6300048828125,134.9499969482422,54.22999954223633,47.54999923706055,232.38999938964844,174.50999450683594,128.25938415527344,40.040000915527344,153.47999572753906,230.25,168.97999572753906
2026-07-24,34.5099983215332,177.4600067138672,81.66000366210938,27.1200008392334,183.27999877929688,122.23999786376953,77.36000061035156,80.62000274658203,259.94000244140625,319.739990234375,28.09000015258789,29.68000030517578,114.27999877929688,177.24000549316406,93.48999786376953,206.83999633789062,35.81999969482422,323.7900085449219,136.63999938964844,53.47999954223633,47.54999923706055,238.88999938964844,180.14999389648438,129.14242553710938,40.95000076293945,154.22000122070312,231.64999389648438,163.3800048828125
2026-07-27,32.5,186.7899932861328,80.87000274658203,28.790000915527344,180.11000061035156,132.82000732421875,84.01000213623047,83.83999633789062,278.3699951171875,326.55999755859375,30.239999771118164,30.1200008392334,117.83000183105469,179.39999389648438,95.33000183105469,196.50999450683594,37.060001373291016,317.32000732421875,139.7899932861328,54.220001220703125,48.41999816894531,243.35000610351562,183.60000610351562,128.69595336914062,41.130001068115234,156.3800048828125,243.9499969482422,157.0800018310547
2026-07-28,32.689998626708984,199.30999755859375,83.19999694824219,29.450000762939453,181.8000030517578,140.72999572753906,84.0999984741211,86.47000122070312,295.7900085449219,333.7099914550781,29.31999969482422,31.079999923706055,120.31999969482422,180.8699951171875,97.73999786376953,197.00999450683594,37.88999938964844,319.0,142.86000061035156,55.939998626708984,49.5,251.02999877929688,185.69000244140625,130.98788452148438,42.5099983215332,160.8000030517578,247.6199951171875,148.63999938964844
2026-07-29,27.350000381469727,201.3000030517578,84.87000274658203,28.8799991607666,179.3800048828125,140.1699981689453,80.9000015258789,85.58000183105469,304.2699890136719,336.7099914550781,25.0,31.450000762939453,119.02999877929688,184.42999267578125,97.2300033569336,190.00999450683594,37.90999984741211,314.1499938964844,143.5,56.189998626708984,50.130001068115234,251.9600067138672,187.07000732421875,130.72000122070312,42.7599983215332,161.6300048828125,246.42999267578125,142.80999755859375
2026-07-30,28.139999389648438,193.24000549316406,86.13999938964844,29.350000381469727,185.22000122070312,133.60000610351562,82.26000213623047,83.1500015258789,292.92999267578125,333.6600036621094,27.040000915527344,31.56999969482422,119.4800033569336,183.55999755859375,97.6500015258789,195.0399932861328,37.099998474121094,325.67999267578125,140.1999969482422,55.97999954223633,48.66999816894531,252.57000732421875,185.30999755859375,130.3800048828125,41.54999923706055,159.25999450683594,247.42999267578125,148.6199951171875
2026-07-31,29.6200008392334,192.89999389648438,86.4800033569336,29.209999084472656,190.86000061035156,134.80999755859375,82.88999938964844,81.68000030517578,294.739990234375,356.1300048828125,27.770000457763672,31.1200008392334,118.87000274658203,174.1300048828125,96.37999725341797,200.75,36.2400016784668,331.8299865722656,139.55999755859375,55.90999984741211,35.599998474121094,251.07000732421875,183.1999969482422,130.22999572753906,41.560001373291016,157.33999633789062,242.9199981689453,148.19000244140625
2026-08-03,30.59000015258789,192.7100067138672,84.05000305175781,28.229999542236328,202.5399932861328,135.8000030517578,82.63999938964844,83.16999816894531,298.0299987792969,373.510009765625,30.81999969482422,30.90999984741211,123.66999816894531,181.69000244140625,93.55000305175781,206.63999938964844,37.95000076293945,347.1300048828125,139.6300048828125,56.22999954223633,36.66999816894531,252.91000366210938,186.52000427246094,131.36000061035156,41.91999816894531,157.5,245.14999389648438,155.94000244140625
2026-08-04,31.670000076293945,194.27000427246094,84.58999633789062,29.540000915527344,211.22000122070312,137.75,87.83999633789062,86.43000030517578,312.05999755859375,377.6499938964844,32.15999984741211,31.100000381469727,123.02999877929688,183.6999969482422,94.18000030517578,211.94000244140625,37.61000061035156,366.3399963378906,139.10000610351562,55.970001220703125,37.0,251.05999755859375,184.1199951171875,131.4199981689453,42.290000915527344,157.5500030517578,240.22000122070312,143.22999572753906
2026-08-05,32.2400016784668,207.02000427246094,85.18000030517578,29.149999618530273,209.86000061035156,135.32000732421875,86.37000274658203,85.86000061035156,319.6600036621094,362.42999267578125,31.649999618530273,30.75,123.51000213623047,183.52000427246094,94.45999908447266,219.22000122070312,38.189998626708984,362.6600036621094,138.77999877929688,56.59000015258789,36.189998626708984,253.22000122070312,184.7899932861328,130.63999938964844,41.869998931884766,159.9199981689453,234.91000366210938,140.5800018310547
2026-08-06,30.719999313354492,207.38999938964844,83.97000122070312,23.770000457763672,207.38999938964844,122.58000183105469,92.30999755859375,82.26000213623047,306.57000732421875,357.75,29.65999984741211,30.3700008392334,124.7300033569336,181.77000427246094,94.16000366210938,218.99000549316406,37.34000015258789,359.489990234375,138.44000244140625,51.209999084472656,36.040000915527344,254.30999755859375,183.0500030517578,132.52000427246094,42.40999984741211,162.05999755859375,232.47000122070312,141.3800048828125
2026-08-07,31.530000686645508,214.4199981689453,83.76000213623047,27.770000457763672,214.4199981689453,130.89999389648438,98.48999786376953,85.55000305175781,310.67999267578125,354.29998779296875,31.59000015258789,30.010000228881836,128.5800018310547,180.66000366210938,90.36000061035156,223.9600067138672,37.54999923706055,363.8599853515625,139.02000427246094,50.0099983215332,37.790000915527344,255.22999572753906,186.61000061035156,135.75999450683594,43.369998931884766,161.36000061035156,246.5,140.58999633789062
