fips,state,county_name,drug_overdose_death_rate,suicide_death_rate,median_household_income,income_inequality_ratio,unemployment_pct,child_poverty_pct,hs_completion_pct,broadband_access_pct,uninsured_pct,pop_per_pcp,pop_per_mental_health_provider,pm25,drinking_water_violation,severe_housing_problems_pct,food_environment_index,long_commute_pct,premature_death_rate,life_expectancy
01001,AL,Autauga County,10.857204898,15.583026865,68857.0,4.2737120382,0.0218888889,0.17,0.9027890205,0.9088043333,0.0819036072,0.0004399695,0.0003645885,9.3,0.0,0.1352093342,6.8,0.421,9938.2633823,74.800645825
01003,AL,Baldwin County,31.607684304,19.20718595,74248.0,4.3595257111,0.0227949698,0.141,0.9173139987,0.8975085057,0.1021234205,0.000626844,0.0012070673,7.8,0.0,0.1196811561,7.4,0.381,8957.1126859,76.580109234
01005,AL,Barbour County,16.159657415,14.787585791,45298.0,5.6143391098,0.0443101712,0.348,0.7781370547,0.7230176211,0.1211704165,0.0004005768,0.0002847265,8.8,0.0,0.1380638064,6.2,0.375,12738.656137,72.708991709
01007,AL,Bibb County,27.019724399,17.838850899,56025.0,5.3467271211,0.024623803,0.214,0.8034021719,0.8115176331,0.1083579882,0.0006673488,0.0003658314,8.6,1.0,0.119266055,7.3,0.535,11708.948038,72.977378514
01009,AL,Blount County,23.805205405,23.299702693,64962.0,4.6197221786,0.0214429478,0.166,0.8269620161,0.8392865268,0.1251558215,0.0002032486,0.0002842049,8.8,0.0,0.1025821596,7.4,0.614,11898.088409,72.936172299
01013,AL,Butler County,21.038605842,14.795109739,44729.0,5.2137173366,0.0291930292,0.374,0.8759495594,0.7975764252,0.1038040427,0.0002647744,0.0008704167,8.4,0.0,0.0987748851,7.0,0.342,14616.39262,71.541917066
01015,AL,Calhoun County,33.60088521,19.172999507,51841.0,4.8695115258,0.0281949934,0.285,0.8608620448,0.8533850416,0.1183334269,0.0005863484,0.0016318958,8.9,0.0,0.123715995,5.9,0.307,14259.564795,70.813154873
01017,AL,Chambers County,11.823359016,18.914350021,50390.0,5.0998743403,0.0238446411,0.26,0.836219572,0.7876145763,0.1273807243,0.0004053154,0.0001467179,8.9,0.0,0.152,6.9,0.334,12568.860637,71.861783224
01019,AL,Cherokee County,19.584290788,27.647307483,56400.0,4.5494250824,0.0239581576,0.205,0.838685626,0.8023289109,0.1325415178,0.0004400704,0.0006623549,8.4,0.0,0.0851393189,7.0,0.443,12680.903028,72.395529183
01021,AL,Chilton County,25.082070008,15.942097333,59165.0,4.012359927,0.0219287439,0.215,0.8418707516,0.8212942919,0.1318174548,0.0002208773,0.0008399561,8.9,0.0,0.1286231884,7.2,0.504,11802.63262,72.70685113
01025,AL,Clarke County,14.584487939,18.32688895,50868.0,5.6037895181,0.0499275458,0.287,0.8526869598,0.70989115,0.1148128868,0.0003954306,0.0010296817,8.8,0.0,0.12,5.4,0.363,16382.035791,69.949889441
01031,AL,Coffee County,10.480306272,17.682801408,64737.0,5.2417204662,0.0250677196,0.21,0.8602319532,0.8687919463,0.115180798,0.0005168531,0.0010962745,8.9,1.0,0.1140136719,6.7,0.311,10338.895023,74.199504456
01033,AL,Colbert County,19.307504183,21.007929465,57770.0,4.6638112921,0.0294227652,0.205,0.8754941676,0.7886195648,0.1068873768,0.0006611685,0.0005997156,7.5,0.0,0.1071113074,6.7,0.245,12369.517136,73.022425449
01035,AL,Conecuh County,31.990693616,,46702.0,5.3343410267,0.035454332,0.431,0.8748615725,0.6806537102,0.1057656996,0.0004413842,0.0008054412,8.5,0.0,0.0633213859,6.4,0.439,18927.733282,68.961085989
01039,AL,Covington County,22.310273435,17.772571228,50119.0,5.6305395739,0.0274341044,0.224,0.861823954,0.7889617109,0.1103448276,0.000479693,0.0007904722,8.6,0.0,0.1185729276,6.7,0.292,14664.189369,70.640113875
01043,AL,Cullman County,30.60345479,20.368260177,61231.0,4.5749921556,0.02041586,0.213,0.8499519231,0.8565266479,0.1164789446,0.0004804684,0.001641019,8.7,0.0,0.1051912568,7.4,0.351,11852.911745,72.853788329
01045,AL,Dale County,16.233217221,24.294552728,54697.0,4.8111002468,0.0253325785,0.22,0.8572357531,0.8446557742,0.1049121135,0.0002837339,0.0014036213,9.0,0.0,0.1163328197,6.4,0.311,11939.042155,73.008730369
01047,AL,Dallas County,23.532819232,12.632947184,39013.0,5.5928829504,0.0542217626,0.465,0.8705845454,0.7928775298,0.0973662639,0.0007177224,0.0007742292,8.7,0.0,0.155022593,6.4,0.31,20426.822143,67.706493274
01049,AL,DeKalb County,22.741090366,21.700658264,50614.0,4.7927204539,0.0227067475,0.288,0.7894519643,0.8528482232,0.1519862125,0.0004038266,0.0005511995,7.2,0.0,0.1228515625,,0.303,11969.446607,72.357615551
01051,AL,Elmore County,10.726941864,15.056910828,73125.0,4.0420000595,0.0212986475,0.17,0.8958912074,0.9006732454,0.0899437942,0.0002239541,0.0003648788,9.4,0.0,0.1052797977,7.9,0.486,9508.1160841,74.60542113
01053,AL,Escambia County,49.249402623,22.375226963,50333.0,5.3975738018,0.0311634349,0.29,0.8253264834,0.7539316172,0.1241663326,0.0002997357,0.0010120904,8.9,0.0,0.1125776398,6.7,0.29,15044.632371,70.098328137
01055,AL,Etowah County,25.921761643,21.289476204,52504.0,4.8791989664,0.0279482627,0.255,0.8577786964,0.8496169561,0.112525627,0.0007367054,0.0015400858,7.9,0.0,0.1136066858,6.3,0.309,14706.297419,70.243289319
01057,AL,Fayette County,39.169604387,20.619100964,49235.0,5.5408065546,0.0288666059,0.22,0.8523172906,0.7782184763,0.1155548403,0.0009908348,0.0001878875,8.3,0.0,0.0983078163,6.9,0.422,14667.278733,70.679483092
01059,AL,Franklin County,27.238821607,11.853472906,49682.0,4.5518775825,0.0256896189,0.344,0.7948572509,0.6628137669,0.1369978534,0.000406085,0.0001572228,7.5,0.0,0.0994979461,6.9,0.361,13058.98714,71.506373608
01061,AL,Geneva County,16.271356155,18.749954897,50006.0,4.3964702736,0.0244293866,0.27,0.8320944699,0.765971564,0.1210851975,0.0002996142,0.0003705351,8.9,0.0,0.1280931587,6.6,0.411,14287.285268,70.579638414
01069,AL,Houston County,16.453648829,18.35912705,59412.0,5.1652568239,0.0258287321,0.246,0.8739965096,0.8534087974,0.1171585758,0.0008189246,0.0019177223,9.3,0.0,0.1322545322,7.2,0.247,11251.055627,73.542174929
01071,AL,Jackson County,10.811085815,16.705221143,51479.0,4.6348426085,0.0248275275,0.192,0.8205595144,0.8686868687,0.129937158,0.0005116253,0.0005610938,7.9,0.0,0.1008631319,6.5,0.4,13931.867869,70.899564188
01073,AL,Jefferson County,50.086217691,13.921971351,64726.0,5.4671421294,0.0245276408,0.215,0.9099194224,0.8851776238,0.0960067357,0.0011110778,0.0027078195,10.2,0.0,0.160617936,6.9,0.336,13163.518237,72.43208331
01077,AL,Lauderdale County,19.414802551,13.997531885,63895.0,4.7957901743,0.0253922044,0.168,0.8930403043,0.817185445,0.1064372475,0.0005423051,0.0019625261,7.3,0.0,0.1192987081,7.2,0.334,9936.8569068,74.903864823
01081,AL,Lee County,12.004069951,13.751674042,62301.0,6.401174743,0.0229331823,0.149,0.9142571104,0.8693482868,0.1004613633,0.0004965636,0.001353601,9.3,0.0,0.1806875792,6.9,0.269,7894.4869047,77.146206461
01083,AL,Limestone County,6.5492990691,14.74030622,81811.0,4.4251247691,0.0206563552,0.113,0.8756250496,0.8915819195,0.0923175388,0.0003441316,0.000654142,7.8,0.0,0.0992497038,7.6,0.427,8777.4894426,76.061757922
01089,AL,Madison County,28.856869081,15.268313447,86172.0,4.9246695904,0.0204677795,0.135,0.9259096196,0.9130664927,0.0806479077,0.0008552394,0.0020019389,7.1,0.0,0.1099133105,7.5,0.269,9054.1844336,76.475175248
01095,AL,Marshall County,26.472894132,17.273828043,59882.0,4.7301922082,0.0205583207,0.215,0.8442075185,0.8942246197,0.1241745022,0.0005497414,0.0028782405,8.7,0.0,0.1025677201,6.6,0.346,12808.56937,71.900213003
01097,AL,Mobile County,26.753960556,15.064134156,55538.0,5.0727057531,0.0310043278,0.248,0.8900830693,0.8388481499,0.1176122841,0.0007117386,0.0013798465,8.0,1.0,0.1520453036,6.9,0.365,12655.580664,72.618914026
01099,AL,Monroe County,18.483977752,11.836993699,49314.0,5.6142645607,0.0427815138,0.279,0.8361468977,0.6875338021,0.1147275306,0.0004580619,0.00119611,8.6,1.0,0.1090661213,6.2,0.321,15784.597331,70.791269449
01101,AL,Montgomery County,16.656004858,11.203315638,60063.0,5.1317574962,0.0281265324,0.26,0.8884380935,0.8895412238,0.1125308519,0.0009673136,0.0022802027,7.9,0.0,0.1743422898,6.9,0.223,13219.378867,72.724550576
01103,AL,Morgan County,26.647668873,21.253327117,70387.0,4.8227272727,0.019869691,0.168,0.8508455455,0.8317607483,0.1225546779,0.0005094285,0.0017261634,8.1,0.0,0.1091445428,7.0,0.367,12501.614916,72.755057494
01107,AL,Pickens County,19.200223421,,47372.0,5.2594753641,0.0302176697,0.303,0.8388186894,0.7553987907,0.1046413502,0.0003723206,0.0005351027,8.6,0.0,0.0986418871,7.1,0.599,13196.566691,71.498580013
01111,AL,Randolph County,14.839437289,22.344400606,57148.0,5.554450316,0.0244889488,0.25,0.8360101976,0.8067272926,0.1272769734,0.0002728637,0.0003072062,8.4,0.0,0.1138872748,6.1,0.427,11833.808003,73.064225194
01113,AL,Russell County,29.057511082,20.583008343,52312.0,4.88064076,0.0275583864,0.267,0.8578925011,0.7745543222,0.1174595948,0.0001702939,0.0005617595,8.7,0.0,0.1778305964,6.7,0.338,14160.382378,71.017446865
01115,AL,St. Clair County,41.814006971,19.855399059,78349.0,3.8269602609,0.0213632938,0.143,0.8758491952,0.9033268556,0.0957893482,0.0001832924,0.0002930342,9.4,0.0,0.0942203492,7.9,0.565,11877.985387,72.792927371
01117,AL,Shelby County,25.05730015,12.913829525,90280.0,3.9271514099,0.0184491585,0.094,0.9400800986,0.9355726228,0.0756171604,0.0007712581,0.0013218884,10.0,0.0,0.1003597342,8.2,0.514,6794.9802433,79.404063548
01121,AL,Talladega County,15.27581096,17.598716317,59491.0,5.4513799585,0.0277452555,0.228,0.8451134833,0.8606220925,0.1048795335,0.0002575929,0.0004190702,9.1,0.0,0.1458464443,6.7,0.364,15316.224091,70.451040172
01123,AL,Tallapoosa County,12.281692909,18.768853716,60583.0,4.9328691061,0.0251941329,0.226,0.838088517,0.8204012569,0.1227664015,0.0004631548,0.0003933427,8.6,0.0,0.1193528694,7.3,0.381,12182.594159,72.783391238
01125,AL,Tuscaloosa County,21.495971358,12.499613193,61117.0,5.3326788563,0.023399467,0.238,0.9087083063,0.8747150271,0.0880480633,0.0006299365,0.0016893244,7.5,1.0,0.1532583445,7.5,0.286,10422.47724,74.51571098
01127,AL,Walker County,50.962038482,20.979060778,57950.0,5.3806643625,0.0264438992,0.233,0.8287923007,0.8172523447,0.1233731922,0.0004628344,0.0011895934,9.0,1.0,0.1174680463,6.8,0.455,18377.077905,67.799489094
01133,AL,Winston County,22.562222379,19.314157156,52280.0,4.6426765312,0.0272876487,0.24,0.7876656114,0.7780874786,0.1168619792,0.0003805175,0.0002117657,8.1,0.0,0.0970715835,6.9,0.441,12030.860071,72.676920031
02020,AK,Anchorage Borough,39.310683113,21.023142629,93881.0,4.0473686526,0.0342719612,0.099,0.9400815606,0.9428375422,0.1211176078,0.0011627059,0.0078161321,5.8,1.0,0.1655185341,8.6,0.148,9853.0638746,76.34256887
02050,AK,Bethel Census Area,19.909141916,66.970181058,62140.0,5.5488834678,0.0971377725,0.362,0.8192711914,0.8064792963,0.1416339356,0.0008622083,0.0288630378,,1.0,0.5586283186,2.9,0.006,18066.471244,68.864695155
02070,AK,Dillingham Census Area,76.772752652,39.168077021,62598.0,4.2704273396,0.0636205899,0.313,0.8735592036,0.8011569053,0.1696480092,0.0025146689,0.0104189277,,1.0,0.4197080292,4.9,0.005,20903.735026,68.174982434
02090,AK,Fairbanks North Star Borough,19.539427774,29.695429524,86780.0,3.8908895333,0.0380447922,0.079,0.9488130443,0.9058215391,0.1109260287,0.0008578034,0.0085090679,11.9,1.0,0.1932011331,8.3,0.181,8712.742308,77.684520715
02110,AK,Juneau Borough,33.50539751,17.544856056,99748.0,3.9086982942,0.0299353214,0.095,0.9465018779,0.9332470696,0.1224768554,0.001282332,0.0107431469,4.8,0.0,0.1377708978,9.0,0.076,7261.629556,79.790675956
02122,AK,Kenai Peninsula Borough,28.909607441,29.040416124,74185.0,4.7265890268,0.0471778488,0.121,0.9430886648,0.8686302401,0.1452395008,0.0008031188,0.0040834327,,1.0,0.1809398331,7.7,0.204,8874.4859998,77.885547847
02130,AK,Ketchikan Gateway Borough,36.370690073,20.782290661,87760.0,4.3817678234,0.036757228,0.117,0.9492238358,0.9005515033,0.1552901024,0.0012360041,0.017760955,,1.0,0.1759343665,8.7,0.067,9819.4276417,77.625504964
02170,AK,Matanuska-Susitna Borough,27.227248791,26.463306554,94376.0,4.253557966,0.0482599075,0.105,0.9429318082,0.9207953228,0.1466952195,0.0004878666,0.0036966652,4.7,1.0,0.1990540008,8.0,0.422,8750.0795302,76.2208921
04001,AZ,Apache County,39.422460947,45.05603702,43121.0,8.0695606695,0.0788163868,0.357,0.8492218586,0.5330984882,0.1302971035,0.0004114411,0.0011993358,3.3,0.0,0.2787348933,3.1,0.45,27851.413774,63.845346311
04003,AZ,Cochise County,34.549784657,23.188138784,53011.0,5.0482321855,0.0453362912,0.196,0.8921789399,0.8613202314,0.1118610324,0.0005791353,0.0014441592,6.5,1.0,0.1194151097,6.6,0.254,9423.8489242,76.089432366
04005,AZ,Coconino County,28.035672497,30.440020986,71528.0,5.1058045026,0.0419991488,0.209,0.9197451938,0.8305432311,0.1381327883,0.0008203954,0.0025748934,5.3,1.0,0.2426765945,7.0,0.155,11546.476059,75.864470435
04007,AZ,Gila County,40.169577416,51.010185895,55804.0,4.0172336783,0.0430466783,0.28,0.8963317384,0.8069496409,0.1518558889,0.0004478531,0.0009258745,6.0,1.0,0.1761936785,6.7,0.22,19407.343282,69.593726569
04009,AZ,Graham County,36.739576213,15.651489544,66469.0,4.7326333409,0.0368326335,0.204,0.8423814329,0.8407704655,0.1131238202,0.0004097311,0.0005819102,5.4,0.0,0.16587473,6.7,0.242,11352.564126,73.543255415
04011,AZ,Greenlee County,35.654437195,37.308363923,71273.0,3.5960023479,0.0285895807,0.096,0.8809286899,0.868757259,0.0930557319,0.0006380264,,5.4,1.0,0.067381317,7.1,0.207,11216.589614,75.103455247
04012,AZ,La Paz County,62.506894143,36.071982141,48801.0,4.2223587783,0.0476190476,0.293,0.8254891592,0.7570608754,0.1693875315,0.0003656753,0.0008976661,4.2,1.0,0.1912442396,4.7,0.148,23645.177931,69.329962473
04013,AZ,Maricopa County,36.573929789,15.956511744,86973.0,4.1575128205,0.0342015741,0.139,0.8949630015,0.9206471059,0.1247096348,0.0006991968,0.0021378709,12.6,1.0,0.1707594277,8.3,0.378,8525.3191969,77.470431797
04015,AZ,Mohave County,29.586069536,34.96906722,56302.0,4.4104706894,0.0450922493,0.227,0.8816610998,0.8672638521,0.1410078056,0.0005328629,0.0008047138,6.1,1.0,0.1494955999,6.0,0.18,13412.686082,72.784224521
04017,AZ,Navajo County,41.956893852,42.255554985,51011.0,5.2009290374,0.0566569412,0.29,0.8599339916,0.7134359603,0.1540432197,0.0006287738,0.0010625143,5.3,1.0,0.2293176535,4.6,0.34,21728.239752,67.131288084
04019,AZ,Pima County,42.481365913,20.627572021,69553.0,4.6958224087,0.0382614254,0.179,0.8994586341,0.9090552597,0.1130348635,0.0008706976,0.0024050897,6.2,1.0,0.1701857552,7.5,0.34,9749.815683,76.485898854
04021,AZ,Pinal County,25.313024591,18.4010748,77290.0,3.7087754439,0.0411207724,0.124,0.8912605148,0.917159161,0.1321722264,0.000177953,0.0008962516,16.1,1.0,0.1376112123,7.3,0.544,9284.8309924,78.111967714
04023,AZ,Santa Cruz County,27.187173231,9.4069823274,52400.0,4.3294339169,0.0757701915,0.288,0.7770678253,0.8426498573,0.1999431392,0.0003759163,0.0005695919,10.4,0.0,0.1695069994,5.7,0.245,6446.7835233,79.865502476
04025,AZ,Yavapai County,33.211192995,31.169613959,67317.0,4.3416700834,0.0361016452,0.17,0.924968317,0.9036179982,0.1614111536,0.0005531407,0.0022241761,5.7,1.0,0.16765286,7.2,0.274,10159.849891,76.388259727
04027,AZ,Yuma County,25.764396449,15.345816661,61225.0,4.259008922,0.1320121302,0.23,0.7663753351,0.8649597545,0.1673820282,0.0004251413,0.0008723343,9.1,1.0,0.2080726123,6.3,0.228,9875.9199698,77.788101404
05003,AR,Ashley County,24.837227456,15.940129303,49560.0,5.1716337725,0.0562790698,0.252,0.8782955242,0.7967773302,0.1015127951,0.0004284031,0.0008761362,7.4,0.0,0.1256906077,5.8,0.273,15009.040924,70.864945848
05005,AR,Baxter County,14.193232982,33.331659964,48804.0,3.9424048215,0.0358205403,0.206,0.8940199645,0.8549950749,0.1081818492,0.0008542141,0.0030553936,7.6,1.0,0.1088399257,6.6,0.141,11056.830289,74.173299685
05007,AR,Benton County,14.457902091,14.442860611,92632.0,3.9734624905,0.0244269193,0.09,0.90574767,0.9301921666,0.1060021572,0.0005958623,0.0025272256,9.3,1.0,0.1050341213,7.7,0.235,6948.4701487,78.171667307
05009,AR,Boone County,15.825706222,26.180593674,56154.0,4.1362731152,0.0312973246,0.187,0.9072498683,0.8783482143,0.0941842001,0.0006079831,0.0015053205,7.7,0.0,0.1036866359,6.6,0.22,10888.527445,74.194103081
05015,AR,Carroll County,24.574912525,23.046117755,53986.0,4.9209257912,0.0293519798,0.194,0.8399941012,0.8565640194,0.1427392361,0.0006681906,0.0009023391,7.9,1.0,0.1472694718,7.0,0.259,10688.152755,75.265721648
05023,AR,Cleburne County,13.291862722,21.17474773,56692.0,4.2061668182,0.0393508226,0.206,0.8826926162,0.8278829604,0.0997057862,0.0006795922,0.0012576145,8.1,0.0,0.0975152368,6.7,0.4,9759.3491599,75.349563892
05029,AR,Conway County,19.060931444,18.595615384,53863.0,5.1053636097,0.0376473418,0.23,0.9012828428,0.7959773576,0.0892515543,0.0005749054,0.0023722541,8.5,0.0,0.098108747,5.8,0.43,12472.47923,73.106625379
05031,AR,Craighead County,13.334123504,15.315179685,60204.0,5.114689313,0.0274602732,0.231,0.9025407184,0.8743224854,0.0993340082,0.0012297492,0.0041318327,8.5,0.0,0.1329272662,6.4,0.167,10319.662144,74.431998348
05033,AR,Crawford County,24.3424825,22.610767811,63905.0,4.0065654343,0.0336426039,0.183,0.8663219196,0.8521353397,0.0932823112,0.0003478088,0.0006786124,8.7,1.0,0.1184615385,5.9,0.269,11457.194163,73.195992697
05035,AR,Crittenden County,22.503199674,14.007806255,52153.0,5.2932675709,0.0421455939,0.293,0.852889955,0.8409313993,0.0934291049,0.0002735402,0.0024183797,7.5,1.0,0.1592133621,6.7,0.324,17011.102223,69.161773093
05037,AR,Cross County,28.326319197,18.627384198,47669.0,5.6934072968,0.0340375587,0.254,0.8341186736,0.816370325,0.1046994041,0.0004196391,0.0010353228,8.4,0.0,0.1486697966,5.7,0.318,13763.325385,70.901982646
05045,AR,Faulkner County,15.275619584,18.513809983,68543.0,4.2268840378,0.0288225611,0.154,0.9368387508,0.926820284,0.0758522996,0.0005914984,0.0019468877,9.1,1.0,0.1573904618,6.6,0.402,9025.9012271,75.673682657
05047,AR,Franklin County,19.105481363,26.363454679,54077.0,4.6953458275,0.032149583,0.237,0.8707010582,0.7646118058,0.0954432598,0.0003493857,0.0002289902,7.5,0.0,0.1316964286,6.6,0.388,12985.179437,72.268482824
05051,AR,Garland County,35.308852529,29.244369315,53849.0,4.7811629449,0.0369016117,0.294,0.9089463003,0.8317033042,0.1003282393,0.00082727,0.0029964724,8.1,0.0,0.1425333969,6.1,0.25,14392.654139,72.086639937
05055,AR,Greene County,13.732094072,24.058167098,55444.0,4.3239213726,0.033108211,0.191,0.8739794448,0.8552382015,0.07981061,0.0004965779,0.0023960807,8.3,0.0,0.1313619562,6.4,0.3,10847.058235,73.523634066
05059,AR,Hot Spring County,19.972438036,28.767796378,53767.0,4.772009948,0.0354640981,0.217,0.8939646549,0.7758036526,0.0844607097,0.0002413419,0.0024655722,8.4,0.0,0.1255178128,5.8,0.462,12718.197584,72.166013618
05063,AR,Independence County,14.106237602,17.435582672,59695.0,4.6535020729,0.0340976595,0.181,0.8749359303,0.7468825353,0.0976523969,0.0007687618,0.0018528184,8.2,1.0,0.1344947735,6.4,0.178,11068.144723,73.386571309
05069,AR,Jefferson County,20.462032698,11.756672756,49581.0,5.2166954085,0.0461265523,0.32,0.8856704265,0.7850743815,0.0775251584,0.0007288076,0.0024033553,8.7,0.0,0.1374155232,6.7,0.238,15931.253522,70.288029776
05071,AR,Johnson County,21.695019079,22.382554873,50387.0,4.4560802545,0.0436592547,0.196,0.8390300231,0.7016024684,0.1144122268,0.0005416908,0.0024876574,7.9,0.0,0.1461928934,5.5,0.181,11849.031072,73.421216934
05083,AR,Logan County,18.785810451,29.521550468,51290.0,4.045358355,0.0400241838,0.225,0.8928994083,0.7884252711,0.0885187388,0.0001885458,0.0002336449,8.1,0.0,0.1088270859,6.4,0.402,13583.053556,71.190888658
05085,AR,Lonoke County,21.441206425,17.898000617,74687.0,4.042733182,0.0273764477,0.118,0.9021105608,0.8828054787,0.0859797034,0.0001472123,0.0011060782,9.0,0.0,0.1013748854,7.4,0.479,9866.9289251,74.120651825
05087,AR,Madison County,21.530632218,32.567896101,52262.0,3.9533405255,0.0255114928,0.205,0.8577398863,0.8865381602,0.0992715326,0.0002948113,0.001350211,7.7,0.0,0.1015689513,6.3,0.527,10725.409535,74.197789786
05091,AR,Miller County,19.473741607,17.708511118,50421.0,5.4960430686,0.0363870552,0.273,0.8691766825,0.8203666238,0.0888862446,0.000679969,0.0026641518,9.3,1.0,0.1323891626,6.0,0.246,13871.734904,71.387827371
05093,AR,Mississippi County,28.662232451,14.420045227,49484.0,6.1228649569,0.0492370052,0.311,0.8560959617,0.8273844353,0.0839973334,0.0003529916,0.0014484132,8.3,1.0,0.1336331513,6.1,0.254,18347.527472,67.930831726
05103,AR,Ouachita County,16.290986641,12.667445258,49690.0,4.8991259839,0.0386332953,0.253,0.8887682779,0.8023282887,0.0789770367,0.0005828028,0.0017895655,8.4,1.0,0.1214738054,5.5,0.207,14753.490461,70.778616792
05111,AR,Poinsett County,29.223530787,27.296152924,51635.0,4.9066213922,0.0332761924,0.271,0.8234228405,0.7960358764,0.0920316101,8.82613e-05,0.0027235791,8.5,0.0,0.1179087875,5.7,0.414,16532.368319,68.664015957
05113,AR,Polk County,17.124167337,34.3094643,47766.0,4.6522869747,0.036286157,0.262,0.8738279808,0.786276002,0.1122400596,0.0007750736,0.0010804692,7.2,1.0,0.1460892049,5.4,0.187,13274.801678,72.172341924
05115,AR,Pope County,14.048743938,20.068839538,59016.0,4.4960265975,0.0386260077,0.16,0.8597831325,0.8327586923,0.1103772114,0.000642744,0.002461567,8.3,0.0,0.1231495387,6.3,0.218,9343.2272747,75.143608763
05119,AR,Pulaski County,32.270371933,15.218432455,61344.0,4.9778144914,0.0319375444,0.237,0.9196168817,0.8755879211,0.090317321,0.0011789222,0.0052748813,9.6,0.0,0.1636965299,6.6,0.208,12282.675657,73.800449453
05123,AR,St. Francis County,17.174261507,11.387295717,41708.0,5.8045454545,0.0497652582,0.456,0.8568419748,0.811699023,0.109534428,0.000571705,0.0037102394,8.5,0.0,0.1657458564,4.9,0.253,15430.382452,70.423376274
05125,AR,Saline County,24.697390575,21.75056751,77844.0,4.0522177063,0.0272414187,0.121,0.9265011421,0.878037468,0.0821864665,0.0003912707,0.0016206955,8.9,0.0,0.1006951759,7.4,0.426,9601.6762931,75.546619276
05131,AR,Sebastian County,24.412477373,18.567572752,58112.0,4.3285154616,0.0339832769,0.177,0.8517927181,0.8379049489,0.113834551,0.0013084112,0.003919503,9.0,1.0,0.1351167975,6.6,0.179,11658.764852,73.458914584
05135,AR,Sharp County,28.378991978,27.91467991,45258.0,4.6272634463,0.0393939394,0.254,0.8535801114,0.7414096916,0.108994709,0.000226989,0.0020035619,7.6,0.0,0.1388888889,5.3,0.378,12343.434486,73.007976712
05139,AR,Union County,24.494580574,16.015925298,49664.0,5.6275220126,0.0463697376,0.24,0.8795695642,0.813553719,0.0884586946,0.0006259781,0.0019787684,8.5,0.0,0.1622718053,6.4,0.225,15151.791918,70.39071074
05143,AR,Washington County,11.21005916,14.781988326,66158.0,4.5288659088,0.022912204,0.135,0.8726297793,0.8906218903,0.1399363568,0.0007998176,0.0042936505,6.9,1.0,0.1555896201,7.3,0.236,8081.1890204,76.840833306
05145,AR,White County,21.823690258,21.38785334,56178.0,4.488654644,0.0346930318,0.196,0.8674764998,0.8558300225,0.1012278265,0.0006605619,0.0023708765,8.5,1.0,0.1117132867,6.4,0.31,11838.890549,72.758194102
06001,CA,Alameda County,19.899284921,8.7375923774,119230.0,,0.0407492053,0.09,0.8889984217,0.93499259,0.0449517881,0.0011203744,0.0076637233,11.8,0.0,0.2338722848,9.3,0.468,5217.153956,81.980724102
06005,CA,Amador County,20.365935122,29.572798632,80767.0,4.0840688028,0.0507497917,0.139,0.9096726557,0.8794970746,0.0572942477,0.0004605056,0.0030374782,14.2,0.0,0.1870737252,9.1,0.454,7567.0889858,78.51853107
06007,CA,Butte County,47.902781226,18.326405355,63084.0,5.3638683529,0.0524643673,0.208,0.9032705547,0.9073774971,0.0756578947,0.0005856684,0.0088815091,16.1,1.0,0.2049478251,7.6,0.241,9315.6316083,75.71472799
06009,CA,Calaveras County,20.130561067,22.169657796,77041.0,4.6724392819,0.0421752596,0.155,0.9334622065,0.8555623848,0.0693528473,0.0003894334,0.0023193386,12.7,0.0,0.1966091612,8.0,0.516,7926.2637477,78.844903669
06011,CA,Colusa County,16.822401321,,66675.0,4.925413083,0.1299167927,0.142,0.7319255548,0.8293597643,0.0977555287,0.0002737601,0.0024504243,12.8,1.0,0.1635865845,6.8,0.353,6184.0873816,79.183410513
06013,CA,Contra Costa County,21.667023942,9.4265135299,122000.0,4.6891812029,0.041348686,0.101,0.8961254667,0.9530269979,0.052402156,0.0010142817,0.0041115993,11.1,1.0,0.2062798534,9.2,0.51,5577.0858174,81.18311538
06015,CA,Del Norte County,56.524353578,23.212140303,70231.0,5.0230864059,0.057079318,0.21,0.8554374654,0.9025049371,0.0804093567,0.0006049822,0.0050396781,10.3,0.0,0.1741867786,6.8,0.124,11532.764664,73.808348464
06017,CA,El Dorado County,23.497214889,16.325424652,107063.0,4.7706186737,0.0395751041,0.078,0.9491652095,0.9236387168,0.051702803,0.0007556115,0.0043753089,14.6,1.0,0.1754209432,8.9,0.393,6326.7138053,80.602033471
06019,CA,Fresno County,19.605972758,10.670409581,71271.0,5.1282005372,0.0746247614,0.233,0.7859692483,0.871521559,0.0766190402,0.0006758217,0.0048881103,20.3,0.0,0.2630239807,7.4,0.26,9008.14375,75.915782071
06021,CA,Glenn County,40.970653306,15.742127021,64197.0,3.9278257469,0.0627736085,0.151,0.8032320412,0.9045375397,0.0915559772,0.000173581,0.001990828,17.0,0.0,0.223475141,7.5,0.322,9722.9427626,75.367113289
06023,CA,Humboldt County,47.009945926,22.255948788,61307.0,5.1819366398,0.0460073065,0.185,0.9151826301,0.9045883596,0.0695626817,0.0006089062,0.0062395044,8.8,0.0,0.2431602457,7.6,0.186,9668.4104689,75.799242703
06025,CA,Imperial County,21.156911907,5.7002496078,58768.0,5.4730735852,0.1726880782,0.221,0.7184713606,0.8817869134,0.0859546729,0.0002502071,0.0020552115,11.9,1.0,0.2549407115,6.1,0.238,8703.3035356,76.234887759
06027,CA,Inyo County,50.238633509,14.730833364,71656.0,4.7998126902,0.0378216637,0.142,0.9280420235,0.8273381295,0.0734193927,0.0006852926,0.0054515032,12.2,1.0,0.1692209451,7.9,0.19,10430.905432,76.642154958
06029,CA,Kern County,49.138198624,13.176641267,68436.0,4.8703088915,0.0832156572,0.248,0.7713498327,0.8978700571,0.0772961519,0.0004783839,0.0025431704,21.1,1.0,0.2441346171,7.2,0.254,10697.187205,74.220994058
06031,CA,Kings County,17.860410005,11.939890148,65768.0,4.0896263137,0.082102624,0.203,0.7423517714,0.8777894641,0.0729343831,0.0003714734,0.0025019321,20.0,1.0,0.2051519002,7.5,0.315,8187.5172369,76.571550806
06033,CA,Lake County,86.379793086,25.928378987,57945.0,5.3694309752,0.0578624678,0.216,0.8708490855,0.8496813837,0.0750658813,0.00042172,0.0039040632,9.6,1.0,0.2077551796,7.9,0.429,12236.877358,74.127437899
06035,CA,Lassen County,38.676822914,28.470899159,77743.0,4.4094633793,0.0519480519,0.172,0.7914344508,0.872406181,0.0596468562,0.0002714195,0.0031530439,12.4,0.0,0.1442199776,7.5,0.163,11257.584967,74.889548925
06037,CA,Los Angeles County,22.998109971,8.2767381889,86499.0,5.3428062361,0.0502513244,0.176,0.8066315112,0.9168578519,0.0938034339,0.0007539516,0.004778987,15.6,1.0,0.3194513,8.5,0.489,6746.4426092,79.411059251
06039,CA,Madera County,18.222681164,11.537484623,66084.0,4.6663753197,0.074790518,0.242,0.7304758771,0.900613304,0.0957632528,0.0004704849,0.0019956035,17.1,1.0,0.2566544286,7.5,0.425,8647.5122922,76.539521154
06041,CA,Marin County,23.656981524,13.497812737,139197.0,,0.033177294,0.081,0.9273451854,0.9508241199,0.0510538131,0.0014911263,0.0095791389,8.6,0.0,0.2158554217,9.5,0.413,4149.4124394,84.323707759
06043,CA,Mariposa County,31.172677148,29.321686452,64352.0,5.0625473161,0.0509009601,0.219,0.9047192354,0.8415169661,0.067219075,0.000233277,0.0033689934,21.3,0.0,0.2068511199,8.1,0.424,9759.3288204,78.314183535
06045,CA,Mendocino County,67.003806864,20.113887396,65891.0,5.0800759734,0.0469807636,0.188,0.861622003,0.8704657217,0.1031859674,0.0007776135,0.0065987341,12.4,1.0,0.2250987275,7.6,0.261,10092.92427,76.811276899
06047,CA,Merced County,20.917886195,9.670419167,58962.0,4.6268842383,0.0900346416,0.227,0.7188925043,0.8809290231,0.0863411068,0.0004189052,0.0025143875,15.3,1.0,0.2295393286,7.1,0.354,8849.4618855,76.154611006
06053,CA,Monterey County,21.981586194,10.535265318,86809.0,4.2510855745,0.0701490823,0.204,0.7333478949,0.9309861715,0.1163688971,0.000647116,0.0045992436,8.8,1.0,0.3064050779,8.1,0.321,6114.4568796,80.84712662
06055,CA,Napa County,18.697474857,10.305757781,100469.0,4.5617484458,0.0353465883,0.093,0.8470721711,0.9302901556,0.0735834682,0.0009837967,0.0068235047,10.3,1.0,0.2259718946,9.0,0.349,5209.6739061,81.216513295
06057,CA,Nevada County,37.329805558,19.835332883,87142.0,5.342655419,0.0391703182,0.128,0.9506860035,0.9175602417,0.0621219011,0.0007247287,0.0114272274,12.4,1.0,0.2151681957,8.2,0.311,7472.1809052,79.988561151
06059,CA,Orange County,25.237590727,9.9782269234,109768.0,4.7070357555,0.0355333623,0.11,0.8694406263,0.9437530591,0.0733022363,0.0009962722,0.0039977613,12.7,0.0,0.2624268384,9.1,0.401,5325.418567,81.281396133
06061,CA,Placer County,18.896662022,12.126729615,110020.0,4.5451014783,0.0372588191,0.061,0.949247007,0.9356268739,0.0372506774,0.0012199854,0.0039285959,13.1,0.0,0.1619410213,9.0,0.388,5085.9506432,81.226077435
06063,CA,Plumas County,29.193069222,22.450144144,64121.0,3.9644608624,0.0727468678,0.182,0.9398342977,0.834761018,0.061813499,0.0007532011,0.0028749151,21.1,1.0,0.1567436209,8.5,0.263,8791.7606587,78.152884551
06065,CA,Riverside County,32.338541411,11.461683815,90251.0,4.4249777032,0.0479967112,0.141,0.8329993991,0.9272192004,0.0834044299,0.0004620901,0.0028345695,14.8,1.0,0.244103686,8.3,0.489,7817.2946057,77.78627907
06067,CA,Sacramento County,28.506608715,12.029270958,89984.0,4.5264244537,0.044495148,0.137,0.8836751928,0.9327887115,0.0537022707,0.0008905414,0.0046311024,14.9,1.0,0.2150223152,8.5,0.387,7615.5062798,77.990352897
06069,CA,San Benito County,20.674596971,7.4655589433,105112.0,3.7425170004,0.0596457665,0.108,0.8323820483,0.9429859322,0.0676743269,0.0002699582,0.0013788045,8.9,1.0,0.2238182293,8.9,0.513,6316.422011,79.924828187
06071,CA,San Bernardino County,24.203544512,11.049765914,84576.0,4.3906817151,0.0465183271,0.174,0.8209429955,0.9214840031,0.0872305862,0.0005886883,0.0031075632,17.4,1.0,0.2545780942,7.9,0.449,9377.7099479,75.406198707
06073,CA,San Diego County,27.661262025,11.464017484,103476.0,4.6329455364,0.0388460016,0.116,0.8901770939,0.9424368567,0.0727566314,0.0008438654,0.005263652,20.6,1.0,0.2536011931,8.8,0.373,5726.724331,80.300615456
06075,CA,San Francisco County,63.286971076,8.3444732388,125456.0,,0.0326595968,0.108,0.8879755782,0.9231380119,0.0416185761,0.0016400863,0.0111250105,10.5,0.0,0.2360472842,9.0,0.476,5634.0409149,82.409551034
06077,CA,San Joaquin County,23.270594902,10.971025697,86211.0,4.4763417891,0.0623594145,0.162,0.8043062722,0.9128112921,0.0764269648,0.0005852472,0.0029052455,15.1,1.0,0.2432455467,8.2,0.415,8729.5107709,76.406422979
06079,CA,San Luis Obispo County,34.457489253,15.892163314,89809.0,4.6538930408,0.0345819212,0.118,0.9177009247,0.9243138011,0.0716699108,0.0008299224,0.0073320811,10.0,1.0,0.2114898399,8.7,0.241,6205.5911463,80.680590912
06081,CA,San Mateo County,16.761204955,8.170498763,151004.0,,0.030296839,0.071,0.903049417,0.9523681663,0.0464065688,0.0010895963,0.0048461285,9.8,1.0,0.2353240968,9.6,0.386,4006.435541,84.086243002
06083,CA,Santa Barbara County,25.691382826,11.270151495,90155.0,4.8112923463,0.0411412705,0.17,0.8213613641,0.9212271751,0.0920095558,0.0007660003,0.0066854463,9.3,0.0,0.283325986,8.6,0.214,6122.9359008,80.606527682
06085,CA,Santa Clara County,17.409550675,8.1789493341,154573.0,,0.0350141633,0.074,0.893259233,0.9509234232,0.0405437096,0.0010697382,0.0045270751,12.5,1.0,0.2212585704,9.5,0.387,4125.4737001,83.790189413
06087,CA,Santa Cruz County,29.423242117,12.614904496,102723.0,5.1913468248,0.0574025838,0.14,0.884933245,0.9354412478,0.0649526387,0.0010231822,0.0097649753,11.1,1.0,0.2543664162,8.4,0.377,5482.157239,81.766669433
06089,CA,Shasta County,35.233611759,26.70117193,71935.0,4.9199110895,0.0514014265,0.16,0.9206974346,0.8952191737,0.0746961108,0.0007796244,0.0053890423,9.8,1.0,0.2010096053,7.7,0.153,10558.411247,74.273091544
06093,CA,Siskiyou County,38.924463644,25.626012131,58975.0,5.0817451915,0.0638310601,0.216,0.910729267,0.8634368223,0.081612492,0.000747994,0.0055005244,10.9,1.0,0.1766129032,6.9,0.237,13488.219943,73.136244258
06095,CA,Solano County,24.788518315,13.224178927,99117.0,4.1029438002,0.0465077341,0.118,0.8891996051,0.9314826701,0.0559530522,0.0008390227,0.0046347208,12.4,1.0,0.2082275597,8.9,0.448,7384.6121829,78.813129927
06097,CA,Sonoma County,29.142404187,14.291306308,100157.0,4.2787129581,0.0361828176,0.095,0.8886375781,0.9402513412,0.0666035387,0.0010166973,0.0058570563,8.3,1.0,0.2201864012,8.9,0.321,5996.9731849,80.59529104
06099,CA,Stanislaus County,28.712096255,11.490728147,81582.0,4.2492099063,0.0643255514,0.159,0.801131642,0.9099837354,0.071081164,0.0006546124,0.0028253813,15.6,1.0,0.2320566647,8.2,0.371,9308.6312939,75.443443084
06101,CA,Sutter County,30.617347789,10.577874946,71968.0,4.3518113086,0.0778414926,0.192,0.7883495741,0.8846269555,0.0875364939,0.000757094,0.0037468861,16.7,0.0,0.1969117872,7.5,0.347,8212.8302749,77.317583756
06103,CA,Tehama County,30.21968172,22.61272835,58333.0,4.5260597637,0.0582639715,0.207,0.8627987715,0.8612085134,0.0724317194,0.0005343675,0.0023267998,13.3,0.0,0.2205702648,7.1,0.331,11335.91281,74.324889694
06105,CA,Trinity County,24.967655537,31.098684463,52079.0,4.7592284086,0.0567982456,0.295,0.9477065712,0.7924809231,0.0599834908,0.0001867995,0.0033184429,10.2,1.0,0.1930783242,7.2,0.35,12353.942814,77.038334258
06107,CA,Tulare County,18.689251151,8.4227019379,71368.0,4.2552237843,0.0999517119,0.232,0.7436820442,0.8784377508,0.0924812828,0.0004632599,0.0031806085,20.8,1.0,0.2501611402,7.3,0.282,9205.5434658,75.500490899
06109,CA,Tuolumne County,28.509729703,21.139850033,72329.0,4.262946497,0.0500525552,0.136,0.9351891608,0.8818448858,0.0565854971,0.0006271278,0.0025274887,16.2,0.0,0.18653971,7.9,0.321,9372.1488896,76.440592231
06111,CA,Ventura County,27.886335139,10.435116291,106526.0,4.381475431,0.0427407969,0.128,0.8528855267,0.930942833,0.0847642306,0.0008133044,0.0048674647,7.9,1.0,0.2327941123,9.0,0.321,5626.3683053,80.73711678
06113,CA,Yolo County,16.696289933,8.7305332291,91192.0,5.9051435989,0.0469326579,0.116,0.8841179315,0.9173669102,0.0559474314,0.0012351027,0.004579585,15.9,1.0,0.2385053664,8.5,0.309,5727.9988216,79.914901908
06115,CA,Yuba County,33.079054907,16.612691921,71493.0,4.7412987375,0.0666290232,0.2,0.846613019,0.9148344796,0.0656039409,0.0002037856,0.0026014325,16.3,0.0,0.2088136854,7.2,0.482,9988.2992377,75.054453792
08001,CO,Adams County,34.785977046,20.811842223,95278.0,3.8908164474,0.0341549976,0.128,0.8498581181,0.9212927921,0.113846884,0.0005190179,0.0041922511,9.2,1.0,0.1814789688,8.5,0.482,8283.4627209,76.868546414
08003,CO,Alamosa County,58.80086782,34.474650892,50056.0,5.2266727587,0.0372561359,0.26,0.8910019017,0.897108067,0.1078364176,0.000725207,0.0151305914,5.3,1.0,0.185770751,6.9,0.112,12905.123193,72.967340218
08005,CO,Arapahoe County,24.845541013,18.225864857,97560.0,4.0718540581,0.0311153725,0.132,0.9196437055,0.9420969711,0.0979610713,0.0008291342,0.0050330686,5.9,0.0,0.168190091,9.0,0.404,6895.3955049,79.092212115
08013,CO,Boulder County,16.663584581,18.061737511,97170.0,5.273905631,0.0284688027,0.078,0.9552599151,0.9495600089,0.0588717755,0.0011986296,0.0094330097,10.2,1.0,0.1856871678,8.9,0.305,4570.6689894,82.281546404
08014,CO,Broomfield County,15.200150213,15.577300056,113162.0,3.6869563779,0.0302586968,0.051,0.9607666629,0.9598331231,0.0407141537,0.0011682708,0.0028363258,9.6,0.0,0.1168390707,8.9,0.412,4980.1768443,81.869898342
08015,CO,Chaffee County,21.326158995,39.589235351,75298.0,4.4545850261,0.0300729344,0.115,0.9459425324,0.8648178358,0.098560995,0.000946498,0.003298249,4.7,1.0,0.1709601874,8.4,0.187,6515.5378019,81.047847697
08029,CO,Delta County,25.442595145,30.91092759,57075.0,4.7015858924,0.0362366777,0.179,0.9100487973,0.798940544,0.1201222802,0.000631692,0.0022680023,5.8,1.0,0.1720872787,7.8,0.344,9511.5918588,75.95357407
08031,CO,Denver County,44.670693664,20.309292096,93572.0,4.8141375617,0.0334923675,0.141,0.9135575083,0.9221125196,0.0850216585,0.0013043545,0.007920991,10.5,0.0,0.1809986462,8.3,0.368,8059.7051109,77.40781497
08035,CO,Douglas County,12.028274585,15.101780605,144807.0,3.3870398731,0.0288906321,0.031,0.9798889491,0.9766252847,0.0395240209,0.0006992059,0.0019666272,7.0,1.0,0.1125312695,9.6,0.412,4121.105941,82.449989279
08037,CO,Eagle County,7.8341097137,21.007262563,110598.0,4.8279592703,0.0262291327,0.073,0.9316684618,0.9505523409,0.1176807171,0.0007895634,0.0029605929,5.4,0.0,0.2242439774,8.8,0.27,4321.3570187,89.667159576
08039,CO,Elbert County,25.535019455,21.284587429,123083.0,3.7143611674,0.0264284385,0.07,0.9680807669,0.9421145283,0.0717303292,0.0001105868,0.0012150246,7.2,1.0,0.1074514039,9.2,0.745,6353.7301336,80.741349428
08041,CO,El Paso County,44.681213589,27.638619518,88794.0,3.9442592056,0.033379157,0.088,0.9510566246,0.9442604194,0.0819583194,0.0006315501,0.0046760681,6.0,1.0,0.1592271819,8.3,0.291,9565.7337158,76.230887393
08043,CO,Fremont County,37.377080374,37.934678502,61015.0,4.5988045145,0.0485863874,0.203,0.9056156969,0.8427239333,0.0871257975,0.0004631401,0.0039349736,5.3,0.0,0.1521987436,6.8,0.273,9802.3748095,75.554569826
08045,CO,Garfield County,18.398467516,24.836745179,94696.0,3.897676508,0.0291209665,0.105,0.8844410148,0.9219799749,0.1408690985,0.0007561011,0.0029023873,5.4,1.0,0.1329186823,8.8,0.447,6090.0661159,80.001164573
08049,CO,Grand County,33.738903064,25.128519558,93257.0,4.1817629821,0.0273008425,0.093,0.9435976852,0.9275541796,0.1025784753,0.0005674653,0.0018198933,5.4,1.0,0.1327054795,9.3,0.323,7066.2459688,83.909055568
08059,CO,Jefferson County,28.752040676,20.022662261,102146.0,3.9311942244,0.0294811287,0.075,0.9547537805,0.944123884,0.0630461923,0.0008833968,0.0049725348,9.3,1.0,0.1369344609,8.9,0.411,6799.4898572,78.858819098
08067,CO,La Plata County,21.248841643,21.999053648,83542.0,4.7439871248,0.0295574476,0.13,0.9640418084,0.8820258621,0.1039137249,0.0013155556,0.005566685,5.6,1.0,0.1289018639,8.5,0.277,7125.7266023,80.29958296
08069,CO,Larimer County,18.53654866,21.115411881,88519.0,4.4146809654,0.0282988485,0.077,0.9664245372,0.9270770794,0.072270114,0.0008302692,0.0054588951,8.2,1.0,0.1630446013,8.6,0.296,5743.1130531,80.538440655
08071,CO,Las Animas County,55.325034578,37.028533085,52067.0,5.2971047677,0.0498820357,0.239,0.896159985,0.8536039397,0.111144072,0.0005467095,0.0018817954,5.0,0.0,0.1848673947,6.3,0.199,12323.513606,74.003287867
08075,CO,Logan County,31.111940763,21.292506584,55415.0,4.1708518519,0.0271831126,0.157,0.8937854598,0.8553019146,0.1032804233,0.0006515568,0.0035404239,6.3,0.0,0.1261034048,7.8,0.136,11935.647358,73.981681344
08077,CO,Mesa County,24.810528146,31.841694003,66339.0,4.3527994792,0.0347341058,0.134,0.9235130538,0.919143729,0.0992226381,0.0011694791,0.003970416,6.1,0.0,0.1573215006,7.8,0.109,8653.0872385,76.741987974
08081,CO,Moffat County,48.093960411,32.476340423,73875.0,4.5344980248,0.0324214792,0.139,0.9150745445,0.8589477654,0.1009446194,0.0002275313,0.0020259623,5.9,1.0,0.158203125,6.9,0.231,10529.956459,75.07434281
08083,CO,Montezuma County,35.420171788,35.937295762,60809.0,4.2730714102,0.0396336386,0.215,0.9096006708,0.8207054512,0.123777988,0.0010315186,0.0023745807,5.2,0.0,0.1276290631,7.8,0.202,12917.35774,74.340355351
08085,CO,Montrose County,24.558522191,38.719889845,67113.0,4.4138203215,0.0327100614,0.143,0.9096104725,0.8489930972,0.1335887373,0.0008571164,0.0029894012,5.5,1.0,0.1306413302,7.9,0.181,8864.2579498,77.869693349
08087,CO,Morgan County,18.351149241,20.496465842,68541.0,3.8339253144,0.0301670893,0.149,0.8460286629,0.9081845373,0.1341240876,0.000551572,0.0019983742,7.6,1.0,0.1594339623,8.2,0.24,9509.9031143,75.57026962
08089,CO,Otero County,29.039166576,28.770160421,52169.0,4.6048239896,0.0414926931,0.27,0.8920269734,0.8537223603,0.099864179,0.0006991503,0.004411116,5.9,1.0,0.1364829396,6.8,0.199,13765.874444,71.917761969
08097,CO,Pitkin County,23.024674776,14.983182897,109268.0,5.3093242422,0.0332869726,0.053,0.9699932821,0.9241501495,0.0698507008,0.000864653,0.0045673077,4.7,1.0,0.1534722222,8.9,0.296,3487.5237491,94.218993001
08101,CO,Pueblo County,43.41940592,29.344122585,63801.0,4.8785061645,0.0442745471,0.173,0.9045715161,0.8651203256,0.0771994847,0.0006661872,0.0058906163,5.6,1.0,0.17128236,6.2,0.236,13502.222466,72.464580236
08105,CO,Rio Grande County,49.957389286,32.137641684,55574.0,4.9555161545,0.0397389134,0.245,0.8934911243,0.8072337043,0.1411007698,0.0009642356,0.0005362889,5.0,0.0,0.1029252438,8.1,0.232,14090.622064,72.321133918
08107,CO,Routt County,15.860847498,18.874287389,112377.0,4.1652779179,0.0254690024,0.059,0.965223375,0.9191072606,0.0913544811,0.0013152126,0.0035110118,6.7,1.0,0.1624566617,9.1,0.257,5044.8267567,83.310253823
08109,CO,Saguache County,54.912140575,36.18612995,47829.0,5.0781072095,0.035322054,0.303,0.8826086957,0.856792395,0.1234593691,0.0003090712,0.0011961722,4.6,0.0,0.2069565217,6.6,0.324,9580.3904928,77.125456
08117,CO,Summit County,18.450785244,14.794139236,105135.0,3.7707827939,0.0227231659,0.072,0.9492985889,0.9710051025,0.1042199984,0.0008079894,0.0041687182,,0.0,0.1359223301,9.4,0.226,4161.5949396,92.415881703
08119,CO,Teller County,33.19524113,39.41034013,88089.0,3.5895169323,0.0301872934,0.12,0.9615679069,0.9221540922,0.0634454239,0.0003610688,0.0025185847,5.2,1.0,0.1331122691,8.8,0.531,8621.0119013,78.438656823
08123,CO,Weld County,21.870835144,18.118426856,90675.0,3.969499123,0.0326938398,0.099,0.8845731201,0.9187961906,0.0962363789,0.0005764096,0.0029406691,9.9,1.0,0.1536144578,8.4,0.437,6882.4572046,78.764784736
09110,CT,Capitol Planning Region,38.412670272,,90965.0,5.0294166759,,0.119,0.9116521245,0.90547077,0.0575988392,,0.0065557433,,1.0,0.164672676,,0.3,,
09120,CT,Greater Bridgeport Planning Region,35.850397919,,92858.0,6.1543165355,,0.138,0.8725613379,0.8997169054,0.077565832,,0.0035769767,,0.0,0.2273514637,,0.397,,
09130,CT,Lower Connecticut River Valley Planning Region,30.385040746,,99807.0,4.4055051799,,0.076,0.9522764716,0.9104503966,0.043424679,,0.0051925205,,1.0,0.1327197232,,0.402,,
09140,CT,Naugatuck Valley Planning Region,52.486733336,,81392.0,4.9042371383,,0.171,0.9033304699,0.8901143882,0.0636924004,,0.0037116774,,0.0,0.1643161674,,0.411,,
09150,CT,Northeastern Connecticut Planning Region,30.14678365,,88129.0,3.7482892502,,0.105,0.9210511492,0.901979313,0.0525295575,,0.0037852149,,1.0,0.1211778625,,0.447,,
09160,CT,Northwest Hills Planning Region,39.446338261,,91206.0,4.412248452,,0.097,0.9406025009,0.9208674391,0.0558629387,,0.0038867296,,1.0,0.1571618037,,0.414,,
09170,CT,South Central Connecticut Planning Region,51.287061007,,80953.0,5.3135855703,,0.165,0.9166668766,0.9155261066,0.0571868018,,0.006059934,,1.0,0.1901764533,,0.291,,
09180,CT,Southeastern Connecticut Planning Region,52.4245461,,82733.0,4.6692292246,,0.165,0.9264270206,0.9058537054,0.0609909062,,0.0052246866,,1.0,0.1434260486,,0.306,,
09190,CT,Western Connecticut Planning Region,17.262849599,,121285.0,,,0.091,0.9168239044,0.9416434546,0.0677016536,,0.0043067316,,1.0,0.1970847517,,0.38,,
10001,DE,Kent County,46.688707101,14.01426612,72498.0,3.8952164009,0.0451284823,0.162,0.9019521279,0.9042582045,0.0749899423,0.0005050258,0.0024132062,7.3,1.0,0.150029976,7.8,0.349,10077.932194,75.084676846
10003,DE,New Castle County,52.319467114,11.562775746,86798.0,4.4643873893,0.0388030073,0.146,0.9259126368,0.923473713,0.0616501556,0.0008658266,0.004175654,8.3,0.0,0.1439908257,8.2,0.324,8585.8336078,77.067826738
10005,DE,Sussex County,47.375046637,11.285130473,78092.0,4.1895605169,0.0384122919,0.171,0.8964215741,0.8995281602,0.0836376481,0.0006140744,0.0023111165,7.2,1.0,0.1370168612,7.9,0.388,9330.0924691,77.094690802
11001,DC,District of Columbia,64.487272646,6.2408429465,104643.0,6.3612833648,0.0490570017,0.207,0.9284670297,0.9016780903,0.0307021922,0.0012879636,0.007228575,7.8,1.0,0.1966591961,8.9,0.487,9241.4137427,76.523411164
12001,FL,Alachua County,18.214805281,13.483191108,61843.0,5.8302165141,0.030843186,0.175,0.9422646229,0.8771458466,0.1015170141,0.0015542297,0.0069476982,7.8,0.0,0.2099423837,7.8,0.248,8031.6577089,77.679971344
12003,FL,Baker County,45.304586218,14.72118601,69399.0,3.8293683117,0.0293111491,0.193,0.851912338,0.8842654239,0.1082042507,0.000383075,0.0013395375,7.9,0.0,0.0996483001,6.9,0.535,10954.219291,73.481120682
12005,FL,Bay County,37.8997207,22.122542464,70859.0,3.8489820006,0.0278266128,0.156,0.9076640958,0.9152237316,0.1368760821,0.0005748794,0.0027991969,8.3,1.0,0.1551180022,7.4,0.34,11538.017433,74.18906107
12007,FL,Bradford County,28.420529096,16.458460003,59468.0,5.670229963,0.0311358656,0.22,0.8268860234,0.8812609842,0.1245453148,0.0001401542,0.0011845789,8.0,0.0,0.191299498,8.1,0.509,11048.573691,74.119175887
12009,FL,Brevard County,48.012156613,18.283894594,77961.0,4.3994262419,0.0298583642,0.15,0.9313617165,0.9206912569,0.1115447992,0.0007232886,0.0019954067,7.9,1.0,0.1482557541,7.6,0.343,10702.6429,75.835402526
12011,FL,Broward County,35.400268055,11.05465939,74367.0,4.814024685,0.0288090408,0.159,0.9027849064,0.9094561846,0.1458272947,0.0007571273,0.0026007232,9.3,0.0,0.2452403869,8.8,0.455,7597.560479,79.272690806
12015,FL,Charlotte County,23.977778341,20.990715662,71381.0,4.0747663551,0.0346526461,0.135,0.9224615726,0.9088765794,0.1400681904,0.0006210128,0.0012564642,7.9,1.0,0.1433146033,7.0,0.353,9589.2265541,78.806582538
12017,FL,Citrus County,50.039905241,28.834742747,54447.0,4.4823519676,0.0449179672,0.213,0.9088678888,0.8929570594,0.1323132577,0.0004617827,0.0011038057,8.2,0.0,0.1205862252,6.4,0.384,14552.442742,72.50908895
12019,FL,Clay County,34.887881679,17.811974159,82249.0,3.6254877724,0.0289367546,0.105,0.9332757086,0.9440047947,0.1029835714,0.0005351658,0.0014498428,8.8,0.0,0.1100277652,8.2,0.569,9534.479807,75.419766887
12021,FL,Collier County,27.953680157,13.281783596,91402.0,4.8386932655,0.0287234153,0.157,0.8998161795,0.9174659812,0.1857939122,0.0008212861,0.0012342015,7.6,0.0,0.2004098627,8.2,0.346,6599.5629302,84.027056719
12023,FL,Columbia County,26.052933979,21.704970345,58949.0,4.8153010606,0.0338411171,0.218,0.8548877361,0.8681886228,0.1356406978,0.0005114726,0.0027921109,8.0,1.0,0.1282549553,7.8,0.311,12795.095335,72.378985361
12027,FL,DeSoto County,20.325203252,16.967424545,54288.0,4.0996866607,0.0358002407,0.262,0.7299081852,0.818426043,0.2257904526,0.0002615671,0.0027516051,7.7,1.0,0.1339614912,6.7,0.414,11834.567095,76.562584139
12029,FL,Dixie County,33.149386736,18.51686172,50966.0,4.4360187375,0.0363151757,0.327,0.8233780412,0.7363784666,0.1480381569,0.0002338908,0.0001717721,7.4,0.0,0.1507413509,7.6,0.229,12583.238733,73.346541076
12031,FL,Duval County,52.862715494,16.196380516,69455.0,4.4869769501,0.0314689953,0.185,0.9100473025,0.8991210424,0.1192715713,0.0008100527,0.002649342,8.3,0.0,0.1693367096,7.7,0.349,11402.440974,74.256321282
12033,FL,Escambia County,61.982277813,17.836775265,70838.0,4.4237783656,0.0307400429,0.21,0.9049380475,0.8996663861,0.1240462673,0.000763051,0.0025234914,9.7,0.0,0.1421743845,7.2,0.299,12585.976198,72.732727545
12035,FL,Flagler County,32.779003955,20.39406573,74753.0,4.0381008035,0.0371434674,0.146,0.9308704496,0.8594520439,0.114520346,0.000529223,0.0008977549,8.1,1.0,0.1364036052,7.0,0.418,8875.5010404,77.900684916
12037,FL,Franklin County,32.196613989,14.194662755,55816.0,4.70194931,0.028708134,0.274,0.8306931692,0.8790158601,0.1969978911,0.0003181674,0.0010322376,7.5,0.0,0.1513157895,7.7,0.196,10085.111678,75.120753947
12039,FL,Gadsden County,19.638352191,15.998179054,51288.0,5.0178178743,0.0386882435,0.302,0.8128718049,0.7492872308,0.1642455338,0.0002287597,0.0015057149,8.7,0.0,0.1217501585,7.8,0.551,12920.240255,72.913561972
12041,FL,Gilchrist County,23.11645358,22.129082131,56884.0,4.4667849994,0.0326552463,0.192,0.8553932755,0.8092000579,0.1406693137,0.0004357298,0.001327411,7.7,0.0,0.1141141141,8.4,0.504,10657.017756,74.912844668
12043,FL,Glades County,41.145913696,16.716116826,55240.0,5.1482703511,0.037608486,0.233,0.7236993014,0.7839912281,0.2482054114,,7.82105e-05,7.3,0.0,0.1673960613,5.4,0.456,11002.162807,79.954970285
12045,FL,Gulf County,30.084932077,24.854842342,66806.0,4.0284596118,0.0268003646,0.221,0.8673957621,0.8713793103,0.1411965127,0.0004873634,0.0014018989,7.4,0.0,0.1539855072,8.3,0.374,10295.792161,74.270993651
12047,FL,Hamilton County,35.944501689,22.767881155,49260.0,4.3260490895,0.0431807456,0.322,0.7833864501,0.7706422018,0.145314622,7.14643e-05,0.0002227006,7.5,0.0,0.1627078385,6.7,0.398,14094.072207,71.520113803
12049,FL,Hardee County,25.676577826,14.404421822,53913.0,5.7637920945,0.0412813738,0.235,0.7837127323,0.8121011291,0.1785935244,0.0001573255,0.0001940994,7.9,0.0,0.1681195517,5.8,0.385,11769.155466,73.951659949
12051,FL,Hendry County,28.12035512,15.240915881,54619.0,4.342122343,0.0479667632,0.258,0.6950284254,0.8298909925,0.2429245966,0.0002728648,0.0004384649,7.5,0.0,0.2148985959,7.0,0.41,10573.446178,74.864519115
12053,FL,Hernando County,45.849922319,17.708119574,64092.0,3.9740969582,0.038408814,0.157,0.9005640207,0.9106575288,0.1412916423,0.0005582193,0.0010244024,8.3,0.0,0.132239877,7.1,0.448,11322.306187,74.434585846
12055,FL,Highlands County,36.127053142,22.895497756,51495.0,4.544046253,0.0427396089,0.274,0.8636437046,0.8467448795,0.1906683863,0.000580855,0.0009013697,7.8,1.0,0.1207504264,6.2,0.243,12965.895259,74.963827294
12057,FL,Hillsborough County,35.594544724,13.512050465,76528.0,4.643411332,0.0293416893,0.147,0.8958320788,0.931233092,0.1339878642,0.000835479,0.0023821866,8.3,0.0,0.1847218671,7.9,0.47,8048.6132746,77.452837411
12059,FL,Holmes County,22.023073405,19.494331274,51582.0,4.3838082451,0.0321816662,0.273,0.8415431101,0.7597008607,0.1539225422,0.0003538213,0.0007019655,8.4,0.0,0.1129378127,6.2,0.554,13510.801646,71.14677663
12061,FL,Indian River County,30.798408209,17.317359132,73686.0,4.49547165,0.0352662892,0.172,0.9198770093,0.8843164085,0.1398119413,0.0006293458,0.0017079419,7.8,0.0,0.139408284,7.3,0.266,9380.145435,78.272090204
12063,FL,Jackson County,23.241073315,18.585169113,50923.0,4.3480817565,0.0340418277,0.267,0.8321676317,0.8047892945,0.1152717751,0.000314505,0.0015836453,8.8,1.0,0.1230723606,7.6,0.466,13578.880873,71.90684619
12069,FL,Lake County,32.672131772,16.132433221,70784.0,4.0301947252,0.0311542275,0.129,0.9092496461,0.9130641986,0.1258668597,0.0005861487,0.0012674868,8.9,1.0,0.1361948413,7.6,0.496,9159.1616474,77.385487325
12071,FL,Lee County,39.10551242,15.534959996,71811.0,4.2243525059,0.0317700454,0.173,0.9037970169,0.9127439078,0.1713228046,0.0006649949,0.0014678165,7.3,1.0,0.1735742178,7.5,0.444,8494.3210274,80.601092056
12073,FL,Leon County,15.581846471,12.544250705,66063.0,5.1968041678,0.0310566309,0.188,0.9371034389,0.9070131678,0.1067573839,0.0008845115,0.0029671991,7.5,0.0,0.1968982367,7.7,0.219,8452.1183015,77.089036178
12075,FL,Levy County,38.744378267,18.102091659,53214.0,4.7758257203,0.0351007363,0.248,0.8776441057,0.7728081887,0.1701948013,0.0001132298,0.0005371146,8.0,0.0,0.1208695652,7.8,0.511,10861.510183,74.361429212
12081,FL,Manatee County,35.114405126,14.547515166,79213.0,4.3716391389,0.0304125497,0.131,0.9104686252,0.9078063429,0.1575168752,0.0006203008,0.0013058411,8.5,0.0,0.1625227993,8.2,0.415,8820.008448,79.839024496
12083,FL,Marion County,51.564096508,20.398281113,58584.0,4.2315244691,0.036371422,0.246,0.896147097,0.902919973,0.1555083687,0.0005804387,0.0012318305,8.5,0.0,0.1433589608,7.2,0.374,12581.013607,73.961486773
12085,FL,Martin County,30.369641927,16.956992565,76430.0,4.6729368207,0.0289105608,0.17,0.9272162815,0.9096431731,0.1350048576,0.0006940016,0.0025349784,7.9,0.0,0.1579186205,7.8,0.426,7339.9488654,80.359704058
12086,FL,Miami-Dade County,13.824110816,8.5253495952,72030.0,5.3304169004,0.0182001376,0.171,0.830557652,0.8697032043,0.160538988,0.0008280829,0.002323524,7.8,1.0,0.2921984301,8.3,0.523,6314.2384448,79.697129164
12087,FL,Monroe County,42.056035462,24.284278935,85639.0,4.5891091769,0.0191201523,0.143,0.932572598,0.8804215998,0.1517586959,0.0006571742,0.0025926018,7.5,0.0,0.2452073116,7.9,0.213,7731.1904146,80.750495173
12089,FL,Nassau County,37.782352463,20.124187282,92766.0,3.9165342395,0.02828114,0.131,0.923140308,0.9435086062,0.0929312902,0.0003822102,0.0014384095,8.4,0.0,0.1157394062,7.7,0.544,9846.7231454,76.429730267
12091,FL,Okaloosa County,42.019618493,18.614606343,81990.0,3.8159833646,0.0261515375,0.136,0.9341657976,0.9201288589,0.1187532892,0.0006986941,0.0023115937,8.9,0.0,0.1445864156,7.7,0.36,9412.0688737,75.906823106
12093,FL,Okeechobee County,40.658670461,21.293555919,54297.0,4.2080321285,0.0321262972,0.244,0.7998674157,0.8300520182,0.1754143646,0.0004221924,0.0009172762,7.7,1.0,0.1639067252,5.2,0.36,12549.337859,73.198587283
12095,FL,Orange County,26.916717992,9.7360760758,78487.0,4.4688763377,0.0284348175,0.152,0.9002746203,0.9298182183,0.1316928648,0.0009256747,0.0030596378,6.8,0.0,0.2033179743,8.0,0.455,7030.2730105,78.947032671
12097,FL,Osceola County,26.669044588,10.058218223,76416.0,3.9360512853,0.0336966372,0.142,0.88604306,0.9175655616,0.1320529478,0.0004116226,0.0018799225,8.9,1.0,0.2188280151,7.0,0.623,7380.1849339,77.734782435
12099,FL,Palm Beach County,35.874824052,13.142518265,84789.0,4.8938361217,0.0300809794,0.146,0.8913233177,0.9013186434,0.1633979664,0.0008037453,0.0029195443,7.3,1.0,0.2152567456,8.5,0.384,7623.7614719,80.695456849
12101,FL,Pasco County,52.402549123,18.115315573,72065.0,4.6386192383,0.0333108574,0.123,0.9121465247,0.8979900809,0.1231949535,0.0005136397,0.0011342884,8.7,0.0,0.1421866372,7.3,0.518,9901.2905662,76.233451384
12103,FL,Pinellas County,54.573915879,17.366698763,70684.0,4.6462361708,0.0278225968,0.153,0.9256040415,0.8940228049,0.1298656031,0.0009136382,0.0028608688,7.9,0.0,0.1717100041,8.2,0.344,9370.2611679,77.580231199
12105,FL,Polk County,30.015629129,13.964553381,66709.0,4.1041235692,0.0365104436,0.181,0.8751872144,0.8820826842,0.1465998671,0.0004605054,0.0012305549,8.4,1.0,0.1694644127,7.1,0.446,9798.1163305,76.101922353
12107,FL,Putnam County,33.525096888,24.897359696,51585.0,4.8161444283,0.0397435443,0.28,0.8221355785,0.8408809135,0.1676306926,0.0003775264,0.0007899414,8.3,1.0,0.1544130249,7.0,0.476,15842.618517,70.790954129
12109,FL,St. Johns County,19.020024555,14.767773224,106281.0,4.18916458,0.0266243556,0.058,0.9513369316,0.9420088765,0.0803610925,0.0009505378,0.0014682453,8.7,0.0,0.1161125052,8.8,0.437,5815.4266607,81.015968703
12111,FL,St. Lucie County,28.379874724,14.425082755,66876.0,4.1328587607,0.0351277916,0.122,0.8862625928,0.9128760255,0.1409883994,0.0003376225,0.0018764086,7.9,1.0,0.1555019029,7.2,0.45,8816.1273805,78.214672427
12113,FL,Santa Rosa County,34.227431825,20.825404541,87581.0,3.7209353307,0.0284344942,0.086,0.9263446762,0.9288421053,0.0965959205,0.0005773255,0.0011321015,9.7,0.0,0.115939883,8.0,0.514,8239.480631,76.347040329
12115,FL,Sarasota County,33.781586153,18.995338677,78218.0,4.1858513847,0.0301040659,0.134,0.9436922702,0.9173637368,0.1345377466,0.0007896085,0.00211508,7.9,0.0,0.1513729535,8.2,0.34,8415.7692917,80.252246127
12117,FL,Seminole County,30.287357453,12.830811652,80698.0,4.1285030405,0.0278176722,0.106,0.938853876,0.938941509,0.1150369844,0.00079346,0.0022652606,7.3,1.0,0.1600143734,8.4,0.415,7002.0272011,79.068430751
12119,FL,Sumter County,23.83074452,15.815934679,79334.0,3.5641177968,0.0422217089,0.252,0.9316555478,0.9060814747,0.1070746761,0.0004349813,0.0006267938,8.6,1.0,0.1283365885,8.1,0.404,10414.5354,78.385190701
12121,FL,Suwannee County,24.490341158,21.473674336,56009.0,4.3034893042,0.0340361946,0.247,0.845125561,0.8512237425,0.156734644,0.0001348769,0.0008020811,7.8,0.0,0.1566225166,7.7,0.405,11924.413179,72.936582257
12125,FL,Union County,21.287012793,21.42672597,60843.0,4.1789450976,0.0297373562,0.205,0.7832692823,0.8971851145,0.1063464837,0.0003060912,0.0005794489,7.8,0.0,0.1266912669,6.3,0.551,17100.507362,67.900093832
12127,FL,Volusia County,58.4716096,18.799487501,66111.0,4.1863829787,0.0326890394,0.193,0.9194013359,0.897782608,0.1278274693,0.0006750388,0.0017548704,8.1,1.0,0.1632541453,7.4,0.38,11239.660539,74.966048004
12129,FL,Wakulla County,24.955128759,18.612112316,72916.0,3.7847742162,0.0274456353,0.142,0.8748507284,0.8949700501,0.1141986914,0.0003170943,0.0008505034,7.4,0.0,0.1020861074,9.1,0.596,8820.1988338,74.542221173
12131,FL,Walton County,38.32997946,15.274703578,82259.0,4.3394715111,0.0278310399,0.139,0.9140790644,0.9037937475,0.137759489,0.0004496122,0.0007990365,8.6,0.0,0.1479456594,7.7,0.412,9109.6665912,76.925733526
12133,FL,Washington County,19.53582871,20.493857008,54678.0,4.2531640229,0.0328633736,0.247,0.8308993911,0.8400129282,0.1666845321,0.0003145149,0.000351535,8.4,1.0,0.1163184641,5.5,0.628,10978.10352,72.569656768
13001,GA,Appling County,19.912745968,10.782238625,51054.0,5.0221136539,0.0336334472,0.335,0.8103069283,0.7218985363,0.1870353644,0.0004327131,0.0010294197,8.7,0.0,0.1100226074,5.1,0.292,14664.352655,71.486667076
13005,GA,Bacon County,30.024620189,,48915.0,5.2900791363,0.0293476105,0.311,0.845888521,0.8168452529,0.1723864537,0.0004513043,8.98957e-05,8.5,0.0,0.1419354839,7.3,0.356,16179.212325,69.469153029
13009,GA,Baldwin County,15.092631023,12.641051206,51206.0,5.4792181968,0.0416690614,0.292,0.8521362545,0.8689891135,0.1532220981,0.0004339782,0.0021430547,8.6,1.0,0.1714733542,6.8,0.348,12279.389822,72.73573337
13011,GA,Banks County,29.698473149,19.290209768,70067.0,4.9912518732,0.0219206681,0.166,0.8225891578,0.8445557684,0.1756220472,0.0001616205,,8.6,1.0,0.1048573631,8.0,0.54,10880.178888,73.877982741
13013,GA,Barrow County,27.911066929,19.521245486,72075.0,3.5568315103,0.0276126909,0.155,0.8762015276,0.926536782,0.1563375373,0.0002192527,0.0004310716,9.5,1.0,0.1272921488,7.7,0.587,9299.2271892,74.873041906
13015,GA,Bartow County,36.627287329,18.593402382,78771.0,4.008535594,0.0307770595,0.134,0.8864639268,0.845577854,0.1551953982,0.0003698926,0.0013473457,9.1,0.0,0.1255587694,7.4,0.444,10527.02631,73.938103851
13017,GA,Ben Hill County,19.669164651,19.951172185,40325.0,5.728807947,0.0432480141,0.352,0.8427535599,0.7236805362,0.1499059797,0.0004662548,0.0004086875,9.0,0.0,0.1288433382,6.2,0.191,15004.843394,69.707900938
13019,GA,Berrien County,35.862217361,19.648154946,50581.0,5.8679733303,0.036856299,0.279,0.8279382667,0.8038075861,0.1511328178,0.0002204221,0.0004846527,9.0,0.0,0.1085154484,6.3,0.256,14035.255546,71.166782215
13021,GA,Bibb County,18.037518038,13.949646088,51569.0,6.4798163597,0.0395883796,0.32,0.8740457646,0.8533201521,0.1596857126,0.0013970222,0.0022426395,8.2,0.0,0.1957446809,6.5,0.239,14811.683558,70.625763728
13025,GA,Brantley County,36.045128501,20.985836793,57325.0,5.9878264845,0.0347837588,0.258,0.8123167155,0.7555653193,0.1794578597,0.0001657367,0.0002717244,7.8,0.0,0.0973584906,7.6,0.555,14471.809365,71.49147876
13029,GA,Bryan County,19.12918083,22.30207417,97746.0,3.4154377601,0.0263544626,0.094,0.928403556,0.9178307313,0.1143887553,0.0005539222,0.0011057721,9.0,0.0,0.1051030754,8.0,0.634,9532.1304153,74.897493497
13031,GA,Bulloch County,8.5248031176,10.88274515,54787.0,5.0054013701,0.0335186941,0.227,0.8962060323,0.8609129343,0.1442541302,0.000557968,0.0013163044,9.0,1.0,0.1694622168,7.2,0.313,9168.4485331,75.272938973
13033,GA,Burke County,19.622683822,9.9114084306,51388.0,6.3038001708,0.0552038209,0.31,0.8410562071,0.8284049687,0.1183100041,0.0003290827,0.0004501187,9.5,0.0,0.1115560641,7.6,0.482,12349.00069,72.979130683
13035,GA,Butts County,32.110563091,24.936564694,59622.0,4.4596345636,0.0294117647,0.204,0.8375006839,0.858073363,0.136335627,0.0002715178,0.0007438539,8.5,0.0,0.096563981,7.6,0.478,12208.373544,71.940684977
13039,GA,Camden County,24.990331122,17.447215679,72185.0,4.2262822343,0.0302694066,0.143,0.9248277762,0.8956906393,0.1244855521,0.000269474,0.0014109226,8.1,1.0,0.1642536196,6.3,0.374,8626.1316325,76.512739603
13045,GA,Carroll County,36.122359741,18.528090551,71083.0,4.5993844848,0.0328049431,0.18,0.847460665,0.8839855039,0.1382171874,0.0005083301,0.0019197784,8.8,0.0,0.1517532544,6.2,0.42,11392.441111,72.973049842
13047,GA,Catoosa County,29.724343263,21.070957644,70315.0,3.9414751966,0.0266689857,0.148,0.8981687131,0.8827422625,0.1223467983,0.0005702004,0.0015092149,8.5,1.0,0.1190569745,7.4,0.338,9551.4109378,75.286416772
13051,GA,Chatham County,26.271311615,15.092141791,70556.0,4.5449077516,0.0293543549,0.218,0.9123764581,0.9148447262,0.1411562308,0.0009280226,0.0021504668,8.9,0.0,0.1710064555,7.5,0.286,10235.346721,75.61810595
13055,GA,Chattooga County,34.800765617,23.087198273,51225.0,4.1034289974,0.0368791302,0.293,0.7424398037,0.8283745351,0.166807477,8.02182e-05,0.0003964793,8.4,0.0,0.146898803,5.3,0.389,14488.383926,70.575595711
13057,GA,Cherokee County,20.458688671,14.365650501,104220.0,3.689241834,0.0257117634,0.074,0.9214278497,0.949330186,0.1252712616,0.0004114852,0.0012874997,9.3,0.0,0.1192017833,8.4,0.552,5752.9672286,79.429827139
13059,GA,Clarke County,20.963763746,13.656637388,54550.0,5.7358916479,0.033168832,0.248,0.8996471761,0.9146618415,0.1463130685,0.0008157811,0.0035710712,8.4,0.0,0.2346704871,5.5,0.198,8072.6621119,77.264265627
13063,GA,Clayton County,18.390856472,11.747639233,57974.0,3.9963069948,0.0409614344,0.266,0.8480157046,0.8998447352,0.1547834007,0.0002524403,0.0008146162,8.2,0.0,0.2074951644,7.2,0.538,11266.392996,73.788437033
13067,GA,Cobb County,22.59201685,12.179881819,99134.0,4.2625473223,0.0282215754,0.121,0.9279258981,0.9586108176,0.125417347,0.0007798623,0.0025800039,8.2,0.0,0.13443507,8.5,0.502,6457.5673814,79.138528085
13069,GA,Coffee County,11.558377512,18.148529234,49804.0,5.2390665967,0.0360216768,0.303,0.7964515568,0.8268050659,0.1911480945,0.0005301249,0.0003462844,6.8,0.0,0.1372614664,7.6,0.129,12805.212007,71.622173443
13071,GA,Colquitt County,13.856880306,16.614586647,47821.0,5.7714003226,0.0284353679,0.354,0.7971888882,0.8107931219,0.1978802418,0.0003710818,0.0009097407,9.5,0.0,0.142108508,6.2,0.289,13173.133514,71.627166121
13073,GA,Columbia County,21.142744618,15.683602318,97031.0,3.8571397456,0.0300119732,0.081,0.9308695043,0.9072442064,0.1028178754,0.0010523744,0.0014167908,9.7,0.0,0.085198025,8.5,0.371,7069.7068862,78.426826938
13077,GA,Coweta County,17.853718533,16.892101929,93326.0,3.9397028972,0.0291819184,0.123,0.9185783836,0.9193705914,0.1099108143,0.0004534664,0.0010904986,8.8,0.0,0.1098211778,7.8,0.48,8323.9759944,76.435159053
13081,GA,Crisp County,25.96517421,18.006376719,43174.0,5.9651496259,0.0368682265,0.397,0.8418843621,0.7322370073,0.141819649,0.0007042608,0.0007640976,9.3,0.0,0.1816993464,7.1,0.148,16330.926652,70.079644998
13083,GA,Dade County,35.077583361,11.843733683,58644.0,4.1337344788,0.0259850133,0.164,0.8841607565,0.8455810942,0.1419158224,0.00030626,0.0006186205,7.8,0.0,0.1205211726,,0.453,11895.484938,73.047799945
13085,GA,Dawson County,24.490367122,26.202483055,89330.0,3.7885148335,0.026174546,0.116,0.8932635963,0.9180191811,0.1396099863,0.0006667368,0.0010084457,,0.0,0.1007672634,8.7,0.542,8319.4321496,76.904686054
13087,GA,Decatur County,20.123820685,14.02402562,50452.0,5.9626626218,0.0343654601,0.305,0.8313893476,0.7207370632,0.1395699401,0.0003443763,0.0007907313,9.3,1.0,0.2045898438,7.1,0.222,14703.40195,71.014822222
13089,GA,DeKalb County,19.057657958,11.412058227,77722.0,5.0359794748,0.0331510105,0.182,0.9080783515,0.9225238073,0.1374765817,0.0010610808,0.0039961101,9.0,0.0,0.1751669172,8.1,0.499,8477.1280874,78.224975785
13091,GA,Dodge County,33.326112676,15.047760434,46462.0,5.5421030582,0.0383044642,0.298,0.8605397113,0.7213459516,0.1386752137,0.0003036591,0.0004550971,9.2,0.0,0.1582952816,7.5,0.375,13998.573444,71.342584198
13095,GA,Dougherty County,28.707720017,11.417367924,45863.0,5.4550273797,0.0428428817,0.369,0.8535580866,0.8034130688,0.1578839094,0.0007778983,0.0018754916,10.3,0.0,0.2303436226,5.3,0.163,15701.864167,70.324103485
13097,GA,Douglas County,19.269220481,13.919570534,79672.0,3.7922625839,0.0344533851,0.179,0.9140048108,0.9299752625,0.1410573946,0.0004320573,0.0015017431,9.3,0.0,0.1484359434,7.6,0.549,8875.5932727,75.582327261
13103,GA,Effingham County,20.342649605,15.430196315,83900.0,3.4812614046,0.0259295069,0.104,0.9075352543,0.8189768627,0.1064590332,0.0002247494,0.0006290099,9.1,0.0,0.0965718127,8.5,0.539,9467.0864082,74.946755779
13105,GA,Elbert County,27.244244653,,50367.0,5.207981846,0.0358146926,0.265,0.8491172897,0.7708914494,0.1847947823,0.0004086011,0.0004497077,8.4,0.0,0.1826366559,6.9,0.35,14106.467989,71.146985394
13107,GA,Emanuel County,14.673083695,10.101602972,46017.0,4.6970872754,0.0420386484,0.343,0.7938467568,0.826902141,0.1653962978,0.0003961965,0.0009083438,9.1,1.0,0.1224984839,6.0,0.351,13932.750601,70.076998165
13111,GA,Fannin County,34.582132565,22.806203033,60037.0,4.0060898249,0.0281632318,0.232,0.8828617138,0.8831969017,0.1783425038,0.0006197467,0.0008861491,6.9,0.0,0.1336014298,8.0,0.287,12245.467464,74.099572743
13113,GA,Fayette County,12.833926205,13.351406468,108579.0,3.8856318795,0.0296879383,0.081,0.9497505002,0.9482470402,0.0976090934,0.0011196444,0.0028050036,9.0,0.0,0.1305785124,8.9,0.531,6478.3018855,79.516169691
13115,GA,Floyd County,28.973984058,17.355170533,61058.0,4.9755827736,0.0315469566,0.264,0.8491971955,0.8701755342,0.1565883555,0.0013465491,0.0016581263,8.8,0.0,0.1466815393,6.4,0.279,11716.398668,72.59643013
13117,GA,Forsyth County,13.619601948,10.936246036,136347.0,3.631376574,0.0254172559,0.053,0.9405959075,0.9724183278,0.0834534399,0.0003958402,0.0009234592,9.5,0.0,0.0935050732,8.6,0.477,4424.6930567,81.026413608
13119,GA,Franklin County,28.004536735,23.087477869,53221.0,5.7974323955,0.0322906155,0.238,0.8202747865,0.7997492592,0.1736200257,0.0003363464,0.0007263336,8.6,1.0,0.1258238466,,0.381,12333.086533,72.10512187
13121,GA,Fulton County,24.212322487,11.226431279,94510.0,5.8664369441,0.0342526302,0.17,0.9363398672,0.9244764532,0.1074919764,0.0011226526,0.0035195834,9.5,0.0,0.1758756449,8.0,0.397,8074.7444163,77.52843163
13123,GA,Gilmer County,31.11678128,29.734725375,62317.0,4.6878580042,0.030829421,0.213,0.8585664846,0.8841579448,0.1735842644,0.0004371448,0.0008520998,7.2,0.0,0.1359683794,7.2,0.405,10784.195367,75.405283192
13127,GA,Glynn County,33.674516223,19.093171602,70067.0,4.8455848684,0.0284459061,0.22,0.896413948,0.8530252708,0.1630587136,0.0005192414,0.001613053,7.7,0.0,0.1446107784,7.1,0.191,11817.384294,74.725227352
13129,GA,Gordon County,19.321365452,18.523519449,64795.0,4.5522600416,0.029607978,0.165,0.7948537187,0.8199222686,0.1994314144,0.0004636228,0.0008367221,8.6,0.0,0.1498637602,7.1,0.326,11132.088578,73.127354982
13135,GA,Gwinnett County,16.096992707,12.317193811,84076.0,4.0951784116,0.0286567188,0.153,0.879300664,0.9322104246,0.1526588593,0.0006593776,0.0015922304,8.3,0.0,0.1716799183,8.2,0.544,6208.9455672,79.266172833
13137,GA,Habersham County,27.085590466,20.587153405,71753.0,4.7009107749,0.0312129797,0.169,0.8232543641,0.8776171486,0.1840946615,0.0004703468,0.0005947864,7.8,0.0,0.120661157,7.3,0.38,9824.0184495,74.815047607
13139,GA,Hall County,23.936730434,15.232622457,78309.0,4.297857929,0.0240991961,0.142,0.8133730596,0.9313107784,0.1917487372,0.0005979679,0.0011322474,8.7,0.0,0.1667906008,7.7,0.381,8170.1752594,77.183412745
13143,GA,Haralson County,34.672561002,23.908812644,59384.0,5.4087873179,0.0320774701,0.232,0.8457099612,0.838748914,0.1439577957,0.0004252257,0.0005618328,8.4,1.0,0.1223309609,7.5,0.45,12726.558116,71.226951346
13145,GA,Harris County,17.59552518,14.070037628,91977.0,3.6965021032,0.0282313535,0.107,0.9292528459,0.865078737,0.0901822175,0.0002806939,0.000354668,8.7,0.0,0.1029110291,9.0,0.386,7326.0558202,78.819768908
13147,GA,Hart County,31.358185741,13.370358587,53100.0,4.6699961583,0.0293932726,0.211,0.8503798646,0.8435929052,0.1519082065,0.0004165247,0.0002177384,8.6,1.0,0.1350148368,,0.339,11167.428468,74.249824092
13149,GA,Heard County,34.030003119,31.306008633,57670.0,4.9365204086,0.0306008902,0.241,0.8591478697,0.7438968217,0.1464027647,0.0001729356,0.0003323916,8.3,1.0,0.08168028,7.4,0.649,14527.667896,71.244880435
13151,GA,Henry County,17.605201313,15.210895886,80908.0,3.3881114004,0.0345797364,0.16,0.9244090262,0.9241047125,0.1037367488,0.0004852488,0.0018420112,9.1,0.0,0.1167100533,8.3,0.535,9126.0001496,75.304114433
13153,GA,Houston County,18.124332924,18.583563581,75266.0,4.1516718473,0.0291281244,0.178,0.9320216948,0.9185623733,0.1101989636,0.0005274862,0.0018956354,9.5,1.0,0.1238574423,7.9,0.28,9564.6548763,75.016285678
13157,GA,Jackson County,20.796852188,18.775695355,84439.0,3.8300446854,0.0207291794,0.096,0.8757088151,0.9152580071,0.1358682052,0.0005604962,0.000643232,9.2,1.0,0.111758794,7.9,0.53,9048.8280653,75.089027159
13169,GA,Jones County,22.180973395,18.236497363,65524.0,4.2815593847,0.0308370044,0.178,0.9169185812,0.8791198589,0.1219873611,0.0002464789,0.0004832752,8.6,0.0,0.1297271422,7.4,0.494,9118.9230672,75.631675922
13171,GA,Lamar County,24.218101301,19.142733938,63622.0,4.1265433976,0.0335097002,0.199,0.8970060814,0.8377142857,0.1294642857,0.0002620545,0.0005391893,8.5,1.0,0.1101321586,7.7,0.478,12812.989743,71.905996872
13175,GA,Laurens County,23.855124422,15.821179546,56867.0,6.641044949,0.0409782224,0.293,0.8609287406,0.8211548006,0.1424046591,0.00084768,0.00226267,9.3,0.0,0.1649870429,6.7,0.241,14998.455485,70.752850372
13177,GA,Lee County,16.446184999,24.294766043,80806.0,3.6302182456,0.0284965387,0.138,0.9155888986,0.8948160535,0.1150831991,0.0005088145,0.0004428436,9.4,0.0,0.0981489453,8.4,0.264,8772.6048946,75.073504084
13179,GA,Liberty County,21.347429414,22.282694169,57699.0,3.5743562268,0.032830016,0.217,0.9202349228,0.9305733573,0.1187480878,0.000395672,0.0040167606,8.8,0.0,0.1576147196,6.6,0.339,12510.195053,72.867088958
13185,GA,Lowndes County,8.9564854751,14.934859009,54984.0,5.1619150841,0.0348118253,0.231,0.8982168973,0.8117654915,0.1426172768,0.0005617224,0.0023030022,8.3,1.0,0.1681957187,7.3,0.169,11341.959548,73.476966671
13187,GA,Lumpkin County,30.98973465,26.492287726,72676.0,4.9607461827,0.0265878061,0.18,0.8908538012,0.9075962722,0.16035384,0.0003209055,0.0009926825,,0.0,0.1328828829,8.6,0.414,9955.9900267,75.283983267
13189,GA,McDuffie County,35.654492466,11.733569994,53389.0,4.7961415363,0.0486012328,0.299,0.85561897,0.7495782116,0.1296720061,0.0005084824,0.0007339786,9.2,1.0,0.124771759,8.5,0.325,13503.144445,71.926177823
13191,GA,McIntosh County,27.255382938,26.005525768,56573.0,5.0381908043,0.0304752882,0.319,0.8158133213,0.8285953177,0.1700130378,,0.0017389792,8.1,0.0,0.1944739639,7.3,0.598,13809.158004,74.31296999
13195,GA,Madison County,44.173894306,24.698932773,65296.0,4.0170759295,0.0289939535,0.17,0.8193312728,0.8699403396,0.176699634,0.0001942691,0.0002795812,8.8,1.0,0.1522359657,7.5,0.432,10544.980607,74.196389322
13199,GA,Meriwether County,20.699977708,21.929185021,54428.0,4.7001570606,0.0387323944,0.279,0.8224014094,0.8084455324,0.1696584393,0.0002885586,0.0009077445,8.2,1.0,0.122229259,7.5,0.62,15062.67204,70.77554767
13207,GA,Monroe County,26.68801708,23.889950565,80692.0,3.9970183606,0.0294164163,0.156,0.9079742447,0.8795932073,0.1237186285,0.0005224296,0.0004244898,8.7,0.0,0.1115479115,8.4,0.388,10716.475593,74.519748237
13213,GA,Murray County,21.584824208,17.570169791,63836.0,3.8538577406,0.0410375532,0.198,0.7866263193,0.8438196356,0.1816105591,0.000150184,0.0003899111,8.1,0.0,0.0935550936,7.4,0.402,12065.10564,72.520703041
13215,GA,Muscogee County,19.183859098,13.507821413,52492.0,4.8531169568,0.0422735677,0.257,0.8896401746,0.8736104218,0.1183744187,0.0010359066,0.0036457843,8.4,0.0,0.1935278379,7.0,0.175,13163.695708,71.987049397
13217,GA,Newton County,20.215380439,15.7940546,76151.0,4.1550500965,0.0380686757,0.183,0.8951641934,0.9369371592,0.1290614269,0.0002340601,0.001065468,9.1,1.0,0.1664972039,7.4,0.525,10380.493147,74.085719742
13219,GA,Oconee County,13.308803382,11.546076793,114230.0,3.9633439689,0.0243178834,0.065,0.9623684872,0.9466068881,0.0742694694,0.0011389257,0.0030329093,8.8,0.0,0.067311135,9.0,0.216,5598.6900562,79.810967637
13221,GA,Oglethorpe County,30.440076535,17.589021873,67249.0,4.8300291993,0.0282725474,0.197,0.8757125502,0.7901564288,0.162777599,6.60502e-05,0.0001904278,8.3,1.0,0.1374407583,8.5,0.526,9361.5518389,75.95696497
13223,GA,Paulding County,27.39934546,15.825724314,93773.0,3.1086480294,0.0286458894,0.107,0.9137576823,0.9486076986,0.1136115346,0.0001381057,0.0008189382,9.2,0.0,0.0968886463,7.9,0.66,7727.8314983,76.884831252
13225,GA,Peach County,28.258898609,17.772399733,68464.0,5.460790249,0.0384098168,0.253,0.8766981286,0.8457798522,0.154682807,0.0002111412,0.0013539316,9.2,0.0,0.1322233105,7.1,0.301,13589.075461,71.389291517
13227,GA,Pickens County,35.30207792,26.326407777,78032.0,4.3697782033,0.0274752475,0.163,0.8991324921,0.9174965528,0.1586860719,0.0004408653,0.0008618533,7.9,0.0,0.1174377224,7.5,0.481,10079.332302,75.144961563
13229,GA,Pierce County,30.167934837,22.617797473,56330.0,4.7386185559,0.0305785124,0.216,0.8673696718,0.7965581644,0.1574209246,0.0002503004,0.0003427173,8.3,0.0,0.0787836904,7.9,0.323,13349.537637,71.092206146
13231,GA,Pike County,18.775175804,17.378946324,80652.0,4.2550118257,0.0272678476,0.124,0.9001727635,0.8142966949,0.1271835367,0.0002053704,0.0006353551,8.4,0.0,0.0879032258,9.0,0.537,11051.159585,73.156613975
13233,GA,Polk County,40.755123227,22.386509776,56271.0,5.0049929304,0.0332313535,0.231,0.821246665,0.851039261,0.1528419085,0.0002299062,0.0006557674,8.6,0.0,0.1557562077,6.6,0.421,13660.509479,70.995657631
13237,GA,Putnam County,19.092658139,27.28934901,59068.0,4.7539270788,0.0379817957,0.254,0.8785610816,0.8524768107,0.1642835954,0.0003984946,0.0003891219,8.5,0.0,0.1594736842,7.2,0.445,12212.752791,73.978873945
13241,GA,Rabun County,34.885073065,21.860644288,60085.0,4.5944047758,0.0300051073,0.223,0.9014031096,0.8885139885,0.196928186,0.0007009755,0.0017773191,6.6,1.0,0.1548974943,7.9,0.284,11890.683056,74.308964336
13245,GA,Richmond County,43.457597104,14.606752841,52073.0,5.1491685766,0.0459049594,0.32,0.8784680138,0.8578036069,0.1243753889,0.0008897619,0.0035878762,10.7,0.0,0.1850468559,5.9,0.235,14035.731088,71.402295998
13247,GA,Rockdale County,21.071052303,13.131591501,76081.0,3.7270150083,0.0372343896,0.188,0.9000426224,0.9109514414,0.1489298416,0.0007015157,0.0020940336,9.3,0.0,0.1611715994,7.9,0.578,9531.5104056,75.673791186
13251,GA,Screven County,26.131990307,11.342725217,49034.0,5.0187799991,0.0518398048,0.323,0.8462349109,0.8158723494,0.1468782469,0.0001417937,0.0003527586,8.8,0.0,0.0892667375,7.3,0.487,15034.821697,70.882990858
13255,GA,Spalding County,24.480763016,20.882135026,56834.0,5.0137711409,0.0359335682,0.278,0.8536736173,0.8508008291,0.1521646505,0.0004123165,0.0016870157,8.7,0.0,0.1402321083,6.9,0.429,14238.15217,71.209621711
13257,GA,Stephens County,27.590012416,23.985267748,50685.0,4.46956176,0.0362186569,0.221,0.8381968641,0.8162709225,0.1444149578,0.0006700168,0.0010650801,7.7,0.0,0.1220727454,7.6,0.267,12942.813987,71.540153686
13261,GA,Sumter County,12.57976716,12.789394773,43835.0,4.4251771375,0.0452466514,0.447,0.8430074862,0.8484513274,0.1427444063,0.0005122426,0.0029075805,9.2,0.0,0.1454965358,7.4,0.277,13124.742152,71.957962413
13267,GA,Tattnall County,13.79671914,16.463421701,48998.0,4.8762761549,0.0317885048,0.312,0.8076244264,0.7896967289,0.1575976934,0.0001735207,0.0003292723,8.9,0.0,0.1039046989,7.2,0.348,11557.284299,72.535555656
13275,GA,Thomas County,14.730252256,13.617740275,54989.0,5.077481738,0.0354028001,0.249,0.8801923077,0.8423975176,0.1340439819,0.0009380045,0.0024973165,9.6,0.0,0.1366825709,6.7,0.211,12172.822302,72.777688732
13277,GA,Tift County,24.322417973,10.324176978,53295.0,4.4860353525,0.0288116967,0.273,0.8567270852,0.7393990091,0.1656575442,0.000655149,0.0011069933,9.3,0.0,0.1527641479,7.5,0.205,13127.035258,71.961238671
13279,GA,Toombs County,26.015534991,14.742952464,48866.0,5.4438609891,0.0377715602,0.333,0.8392608089,0.8191962082,0.1608181734,0.00078035,0.0006656805,8.9,1.0,0.1595092025,7.0,0.295,13738.362027,70.671376817
13285,GA,Troup County,21.891731112,13.905053942,60839.0,5.238959522,0.0282921675,0.279,0.8790230933,0.8606894974,0.1385139885,0.000502008,0.0018800712,8.7,0.0,0.1897679952,7.7,0.266,12478.040925,72.269652092
13291,GA,Union County,16.824776425,17.644459884,65505.0,4.6154597764,0.0276054862,0.187,0.8884815457,0.8833091173,0.1748235294,0.0007444849,0.0009585607,6.7,0.0,0.156833825,8.1,0.22,8285.3333402,77.623908839
13293,GA,Upson County,13.360377977,17.311539778,54439.0,5.711777541,0.0345538938,0.264,0.8550830254,0.8321287463,0.1406587473,0.0005050505,0.0003892014,8.5,0.0,0.146647371,6.9,0.387,13550.355008,70.43304461
13295,GA,Walker County,36.619270409,12.880260094,58363.0,4.1947674419,0.0295661356,0.201,0.8526707304,0.8597456171,0.1353037525,0.0001897533,0.000676366,8.5,0.0,0.1084666407,6.6,0.411,11808.703077,73.301731332
13297,GA,Walton County,23.34944445,17.391044388,79829.0,3.9884365469,0.0295300636,0.139,0.8726680968,0.9035506852,0.126729431,0.0002403533,0.0012370902,9.3,0.0,0.1232959709,7.5,0.558,9790.5794578,74.711761656
13299,GA,Ware County,38.149116522,19.477538413,40901.0,5.2545740943,0.0332626557,0.295,0.8153078889,0.7239235194,0.1545842217,0.0006105514,0.0014899429,8.4,0.0,0.1327849589,6.4,0.19,15079.747112,69.726357074
13305,GA,Wayne County,30.668462962,21.793397585,55797.0,5.1645454084,0.0329458985,0.271,0.8629609782,0.8362154821,0.1809140123,0.0003620803,0.00035062,8.5,0.0,0.1507607192,7.0,0.363,13793.546686,70.665581569
13311,GA,White County,32.82696792,26.594317529,66962.0,3.8846116677,0.0230298874,0.154,0.844032146,0.8667242372,0.1668676375,0.0001406371,0.0009991043,7.0,0.0,0.0995121951,,0.437,11237.259656,74.425953455
13313,GA,Whitfield County,19.043499873,15.148902424,63111.0,4.1155872327,0.0386681975,0.222,0.7538868182,0.8718318052,0.2135926805,0.0005347698,0.0014370172,8.6,0.0,0.1476176971,6.8,0.236,9692.9156495,75.069570842
13321,GA,Worth County,26.251025431,30.847497154,50830.0,4.6365129446,0.0323999074,0.313,0.8650027579,0.7421279837,0.138094336,0.000291914,0.0001479801,9.5,0.0,0.1165919283,7.9,0.473,12752.500661,72.935645666
15001,HI,Hawaii County,15.835157641,22.032004845,73092.0,5.3054721854,0.0300803264,0.206,0.9308874875,0.8961594342,0.0548292423,0.0007688289,0.0035402066,3.5,,0.2422969188,7.5,0.391,7850.7487298,79.522001185
15003,HI,Honolulu County,19.659810955,11.658278902,102382.0,4.2915175337,0.027077414,0.1,0.9289255801,0.9153892025,0.0395147238,0.0009311713,0.0032190967,3.9,,0.2640778462,8.3,0.429,6042.198537,81.707869269
15007,HI,Kauai County,23.275448965,16.864877659,90084.0,4.0671549836,0.0258524808,0.119,0.927179893,0.9382910718,0.0508951531,0.0008168377,0.00243734,3.3,,0.2529775033,8.1,0.324,5801.0485846,82.361863215
15009,HI,Maui County,19.537780428,18.843727678,83764.0,4.3052215489,0.0439533866,0.115,0.9279083066,0.8870145084,0.0467440845,0.0008342417,0.0023266721,3.9,,0.2710497033,8.3,0.322,6323.1994184,81.740477546
16001,ID,Ada County,19.603510799,19.012250703,90513.0,3.9246352175,0.027423875,0.075,0.9506528379,0.9441128622,0.0713040682,0.0008868383,0.0041397213,7.8,1.0,0.1219393415,8.7,0.229,5738.289616,79.739077472
16005,ID,Bannock County,27.384413392,31.89211019,67371.0,4.4463894168,0.0309485621,0.122,0.9375033074,0.874805039,0.0782305572,0.0007364354,0.0047013274,6.7,0.0,0.1169681847,7.6,0.132,9368.4978312,75.216144295
16011,ID,Bingham County,15.753316758,26.184593537,73409.0,4.0245214455,0.0306511803,0.134,0.891958379,0.8950590293,0.1062156163,0.0002864392,0.0014287132,6.7,1.0,0.1070971867,7.8,0.264,9872.1119019,75.107775813
16013,ID,Blaine County,13.687754934,22.201597019,94471.0,3.7622432665,0.0269840122,0.075,0.9117991632,0.9548971696,0.1452770748,0.0008075587,0.0025558085,,1.0,0.1324200913,9.2,0.206,4706.6757136,85.255488342
16017,ID,Bonner County,9.4772613423,26.788312989,68030.0,4.2915207213,0.043449168,0.144,0.91620187,0.8736670238,0.1108000317,0.0004849367,0.0024930063,12.7,0.0,0.1583001328,8.4,0.335,7635.8968421,78.77125024
16019,ID,Bonneville County,21.340499526,25.357126106,74948.0,3.9421933343,0.0260114279,0.12,0.9205954061,0.9245931117,0.0907105994,0.000383022,0.0034712178,6.6,1.0,0.133229404,7.9,0.148,7922.5052002,76.922477846
16027,ID,Canyon County,16.820903871,18.871539264,72059.0,3.383210292,0.0340411681,0.122,0.877155915,0.9277249469,0.1191243817,0.0003126093,0.001889985,10.5,1.0,0.1367487942,8.2,0.4,7365.5520429,77.448955324
16031,ID,Cassia County,21.306061575,24.035901135,68267.0,3.8172938351,0.0264181524,0.133,0.8537757895,0.8837096383,0.125445705,0.0008742648,0.001517746,7.2,1.0,0.1199250468,8.1,0.152,7762.348922,76.859928076
16039,ID,Elmore County,14.005929177,18.975841799,64247.0,3.943365862,0.0326043738,0.147,0.8811843672,0.9106747788,0.1154710386,0.0005550352,0.0018503566,7.4,1.0,0.1002352941,7.2,0.241,7344.3714112,77.387820805
16049,ID,Idaho County,21.377487562,28.837088627,57210.0,4.1382435632,0.0400809717,0.169,0.9184107002,0.8390437034,0.1143641354,0.0008215962,0.0008384572,9.0,1.0,0.1151135474,7.9,0.238,8110.9291001,78.429620165
16053,ID,Jerome County,13.413636303,17.773383793,62543.0,3.5496798895,0.0308299731,0.142,0.7339810924,0.8713100756,0.1606712405,0.0002838375,0.0003139841,7.2,0.0,0.1446620341,7.6,0.245,8174.6895303,76.383230243
16055,ID,Kootenai County,20.412176144,22.427749891,75235.0,3.9366665723,0.0362505411,0.108,0.9436544073,0.9105985182,0.0932466491,0.0008009389,0.0024214907,13.0,1.0,0.1356389124,8.3,0.281,6562.2739516,78.387966467
16069,ID,Nez Perce County,31.692456403,23.165162343,70340.0,4.7057829119,0.0277662661,0.13,0.9292970064,0.8651014493,0.0932640923,0.0006595374,0.0031172215,10.8,0.0,0.1789317507,7.9,0.128,10019.009423,75.093764263
16075,ID,Payette County,15.369442986,28.350409186,67532.0,3.4805368364,0.0381659615,0.143,0.8669251383,0.8646767219,0.1183840803,0.0003795066,0.0014663294,10.2,1.0,0.1370010787,8.1,0.265,7115.7069297,77.174090641
16079,ID,Shoshone County,37.005057358,38.525721081,59937.0,4.2898013836,0.0520851358,0.197,0.8876564567,0.8494453249,0.1071797278,0.0004407875,0.0012120348,11.1,0.0,0.0957642726,7.4,0.265,11527.69056,73.596254471
16083,ID,Twin Falls County,24.056861673,25.320926899,66664.0,3.8787440883,0.0320354301,0.127,0.8865262521,0.8996520406,0.1117161631,0.0006504559,0.0030055908,7.2,1.0,0.1281774765,8.4,0.172,8578.576522,75.988765947
17001,IL,Adams County,18.51261429,13.920679995,63424.0,4.2219893825,0.0362895401,0.141,0.9345111583,0.8426359381,0.0561031983,0.0010468947,0.0031656864,8.1,1.0,0.104323827,8.4,0.165,8698.9884441,76.456836199
17005,IL,Bond County,22.256393655,,66162.0,3.9229126152,0.042387429,0.148,0.8930949877,0.8511828645,0.0644670959,0.0005422993,0.0017629179,8.6,0.0,0.109926169,7.4,0.349,7669.7806249,77.019863209
17007,IL,Boone County,16.971525552,10.424004873,83129.0,4.2708701902,0.0704750451,0.158,0.8560501284,0.8901592274,0.0674139421,0.0005267217,0.0004511109,9.2,0.0,0.1365440593,8.1,0.362,6935.2202604,78.304849254
17011,IL,Bureau County,20.40524823,13.835114207,66854.0,4.2029336517,0.0569219067,0.154,0.9096390658,0.8352009136,0.0739977817,0.0004561628,0.0009471722,9.1,1.0,0.1073241479,7.6,0.226,8700.5588776,76.839950252
17019,IL,Champaign County,26.541113794,13.664294952,62169.0,5.8982173913,0.04140472,0.144,0.9513702779,0.8876899388,0.0572602019,0.0010439782,0.0036762561,7.6,1.0,0.1735809861,8.2,0.133,7180.1386012,78.794249148
17021,IL,Christian County,14.116745485,18.508532144,72650.0,4.7550419804,0.0505721669,0.162,0.9091170078,0.8372986552,0.0606262492,0.0003861921,0.0007824726,8.6,1.0,0.0810910431,8.4,0.337,8450.8408721,75.779214798
17023,IL,Clark County,21.835491408,17.495081553,66923.0,3.9055418078,0.0463293924,0.159,0.9203892493,0.8682734576,0.0592862466,0.0003267974,0.0003313892,8.6,0.0,0.0893416928,8.0,0.389,9614.9137236,74.857521679
17025,IL,Clay County,25.465379816,15.982857339,54837.0,4.6073038587,0.0532523851,0.191,0.8770883055,0.8560117842,0.0586737193,0.0002282584,0.0018462959,8.6,0.0,0.1037649219,7.6,0.307,8233.1904113,75.750494574
17027,IL,Clinton County,9.00090009,7.9351921192,88977.0,4.0491929709,0.0325255735,0.088,0.9203593495,0.8969093549,0.0571488164,0.000326149,0.0005980699,8.9,0.0,0.0961066293,8.9,0.398,5625.5482976,79.20497903
17029,IL,Coles County,16.726836816,12.420453172,57728.0,5.087839586,0.0441665209,0.186,0.9149533019,0.8644701254,0.0657405867,0.00079119,0.0060356057,8.6,0.0,0.1403552047,6.9,0.202,9240.855685,75.330380231
17031,IL,Cook County,39.211935606,8.8419091284,80547.0,5.4311047829,0.0442190389,0.172,0.8833847505,0.8919311247,0.0972378904,0.0009164636,0.0039850036,10.8,1.0,0.1974753749,8.7,0.509,8535.8650443,77.390350131
17033,IL,Crawford County,17.951065396,13.660780828,64168.0,5.0425835371,0.0401592319,0.169,0.8816847385,0.8863851032,0.0592359944,0.000482341,0.0024043716,8.7,0.0,0.1051930759,8.7,0.17,7129.2934078,76.670687275
17037,IL,DeKalb County,21.301907012,12.772887805,69439.0,5.2692439666,0.04678298,0.13,0.923567935,0.9272778145,0.0638941904,0.0002688868,0.0043873644,9.6,0.0,0.1572052402,7.2,0.409,7707.8182975,77.286414903
17043,IL,DuPage County,16.538394589,9.9784841575,107032.0,4.1064060162,0.0337090124,0.066,0.9319016267,0.9436361399,0.0589639191,0.0013493569,0.00446368,9.2,0.0,0.1406220764,9.2,0.397,4711.3568893,81.327487589
17045,IL,Edgar County,20.075886852,19.449371526,59330.0,3.7884311755,0.0372422966,0.179,0.9007826512,0.8631108776,0.0621636816,0.0002421308,0.0026937676,8.5,1.0,0.0881378396,7.1,0.22,11162.282879,73.962465353
17049,IL,Effingham County,14.588601439,14.383664827,72158.0,4.1093045336,0.0324476239,0.119,0.9316044697,0.8977191732,0.048472871,0.0007841998,0.0025924092,8.8,1.0,0.0921658986,8.5,0.175,6573.048719,77.415417022
17051,IL,Fayette County,17.200131346,18.620334578,61952.0,4.5666029318,0.0489560835,0.21,0.8730893932,0.8188202247,0.0758363321,0.0001870557,0.000992251,8.7,1.0,0.1070959264,6.5,0.336,7667.6998903,77.009543012
17055,IL,Franklin County,25.72198964,24.229053792,52533.0,5.0473628591,0.0548057518,0.23,0.8921372867,0.8251704898,0.0774499114,0.0003472037,0.0073509613,9.1,0.0,0.1469048352,7.0,0.41,12270.6227,72.450358496
17057,IL,Fulton County,12.011050166,13.952732416,62914.0,4.1349751949,0.0533937273,0.168,0.9089636431,0.8607394619,0.0634112284,0.0003614784,0.000860453,8.5,0.0,0.0820439007,8.1,0.381,8636.7355838,74.922802582
17063,IL,Grundy County,29.931920801,16.414842411,91254.0,4.0901998425,0.0455533107,0.086,0.9419331024,0.904035481,0.0471307829,0.0003208213,0.0018851021,9.4,0.0,0.1148313492,8.8,0.436,7576.1832311,76.491305069
17073,IL,Henry County,15.781853613,16.993596728,73198.0,4.0227131577,0.0494969989,0.127,0.9207369569,0.847095405,0.0597490963,0.0002249167,0.0005366579,8.9,0.0,0.0775733466,8.1,0.328,7545.4596318,77.363218073
17075,IL,Iroquois County,26.246391121,11.289211991,64995.0,4.6690489914,0.0460001549,0.161,0.8914228266,0.8432895085,0.0763411279,0.000298207,0.003520049,8.9,1.0,0.1129893238,7.5,0.369,9715.0037977,74.668757547
17077,IL,Jackson County,16.06356228,16.58863604,48289.0,5.9493978628,0.0439394497,0.228,0.9207332411,0.8536469161,0.072263163,0.0016170456,0.0047179763,9.0,0.0,0.1971102006,6.4,0.247,10751.021623,74.919669194
17081,IL,Jefferson County,31.670768785,16.704461192,60543.0,4.2653976215,0.0470812105,0.211,0.9137837629,0.8532252617,0.0598733448,0.0004881091,0.0031938326,9.0,0.0,0.1262833676,7.4,0.219,10088.642367,74.120151659
17083,IL,Jersey County,17.135290911,17.119129,70158.0,4.9677613739,0.0389646795,0.142,0.9370951586,0.8361723447,0.0515463918,0.0004687573,0.0013275805,7.5,0.0,0.074168798,8.7,0.439,9795.025836,74.667257522
17089,IL,Kane County,18.836735478,9.4380075245,97543.0,3.9693131056,0.0511184023,0.117,0.8700517978,0.9245671303,0.0941969664,0.0003995438,0.0039360599,8.8,0.0,0.1481532563,8.9,0.435,6046.1993743,79.770378976
17091,IL,Kankakee County,40.775798474,12.129261861,68451.0,4.4678543512,0.0584103156,0.158,0.9096036543,0.8697151241,0.0666611333,0.0003470887,0.002133283,9.3,1.0,0.152435246,7.9,0.318,10618.202385,74.582384052
17093,IL,Kendall County,13.655809057,11.35821317,114606.0,2.9478666754,0.0382915445,0.065,0.936079218,0.9518483583,0.0539781617,0.0002965885,0.0014431045,9.5,0.0,0.1079236553,9.2,0.528,4542.991685,80.46606729
17095,IL,Knox County,19.733126476,13.315341025,57569.0,5.1724069871,0.0549532524,0.212,0.8931777379,0.8027931616,0.0664120397,0.0004871316,0.0019417075,8.6,0.0,0.1377885784,7.4,0.224,9889.1719168,74.736773788
17097,IL,Lake County,18.353987877,10.146106153,108349.0,4.6557069148,0.0503572022,0.105,0.9058732448,0.9351944206,0.073892717,0.0010643398,0.003761499,9.1,1.0,0.1462628101,8.7,0.428,5609.8676602,80.432250505
17099,IL,La Salle County,33.270284091,18.34008335,72225.0,4.3242084754,0.057907022,0.159,0.9137672155,0.8646323073,0.0621424274,0.0003762676,0.001292598,9.6,1.0,0.1166573816,7.8,0.329,8942.6861728,75.803065293
17103,IL,Lee County,13.787126763,18.689934224,66598.0,4.2731353943,0.0439750074,0.139,0.9048513427,0.8551038709,0.0556098355,0.000734236,0.0074582516,9.3,1.0,0.1099185788,8.0,0.299,7353.8901581,77.391920458
17105,IL,Livingston County,37.523804163,15.665478203,68544.0,4.0376327197,0.0407783837,0.138,0.9028566888,0.8534282195,0.0577590664,0.0004766712,0.0022366931,9.0,1.0,0.115038115,8.2,0.28,9425.1686192,75.358211922
17107,IL,Logan County,14.29149894,12.513182004,64779.0,4.2634524019,0.0470691935,0.171,0.9149739716,0.8539830966,0.0536108969,0.0002857959,0.0013048206,8.5,0.0,0.0867787369,8.0,0.311,7077.9575666,76.728915274
17111,IL,McHenry County,18.627046687,10.817414372,101205.0,3.8180100886,0.0373275039,0.076,0.937193606,0.9511471774,0.0591117445,0.0004499843,0.0027749361,8.2,1.0,0.1111014024,8.8,0.467,5730.3529375,79.472428098
17113,IL,McLean County,13.247974813,12.752793499,79622.0,5.2833219877,0.0385506032,0.09,0.9580289899,0.878358814,0.0485314837,0.0006144339,0.0038664406,8.9,1.0,0.1237113402,8.2,0.171,6618.4676035,78.517526472
17115,IL,Macon County,28.99683967,12.645675761,61033.0,4.4268681903,0.0604344556,0.226,0.9304933052,0.8505792219,0.0544371879,0.0008883943,0.0018590132,8.6,0.0,0.1190338611,7.6,0.142,10948.534337,74.624427296
17117,IL,Macoupin County,23.270128661,15.65375868,70256.0,4.5689250289,0.0410646388,0.17,0.9083056894,0.8660432563,0.064746732,0.0002477143,0.0008632832,8.6,0.0,0.0949008499,8.1,0.441,9297.8558994,75.058121488
17119,IL,Madison County,39.949986662,16.282387105,73194.0,4.5688804554,0.0413018538,0.134,0.9369975879,0.8993372035,0.0545354606,0.0004763885,0.0026564974,10.9,1.0,0.1218182658,7.5,0.389,9158.9616081,75.376217185
17121,IL,Marion County,36.821165884,23.886697667,54774.0,4.6926519652,0.0487197724,0.206,0.9034130485,0.8490139024,0.0651762683,0.0003476865,0.0040356666,8.9,0.0,0.1180124224,7.1,0.245,12320.420379,72.411380628
17123,IL,Marshall County,31.746031746,19.721553877,70246.0,4.350817904,0.0518950437,0.158,0.9101070714,0.8372280419,0.0572367675,0.0001714825,0.0001711889,8.9,0.0,0.0920245399,8.2,0.424,8393.2264042,76.306813338
17127,IL,Massac County,28.921237829,20.003439249,58202.0,4.2832061069,0.0503904797,0.306,0.8925423393,0.77836556,0.065373299,0.0002148997,0.0040260596,8.7,0.0,0.0933211345,8.0,0.288,11124.178766,73.538301983
17133,IL,Monroe County,15.281173594,9.7745423493,103032.0,3.7830499926,0.03071781,0.045,0.9577442159,0.914967462,0.0383343409,0.0004007787,0.0016305747,8.4,0.0,0.0597181009,9.2,0.485,5616.5351036,79.617051286
17135,IL,Montgomery County,39.216152301,19.378784447,60599.0,5.3459935553,0.0506685433,0.182,0.8995154422,0.8231691079,0.0670174742,0.0003916821,0.0008314355,8.5,0.0,0.0928667564,7.7,0.344,11025.13,74.133372948
17137,IL,Morgan County,20.363488266,12.781852513,64268.0,4.2973356893,0.041722832,0.174,0.8962673611,0.8176,0.0595870206,0.000460038,0.0013067828,8.0,1.0,0.0955631399,7.2,0.232,8190.3296948,76.063927579
17141,IL,Ogle County,14.369129884,10.709384379,78109.0,3.8563513707,0.0538497081,0.12,0.9104012466,0.8642184102,0.0606951872,0.000563665,0.0018531162,9.4,0.0,0.112662494,8.5,0.382,7241.4052423,77.791451891
17143,IL,Peoria County,27.639425025,14.972202397,62873.0,5.3557145115,0.0546952744,0.221,0.9335243884,0.879687054,0.0583856186,0.0013375541,0.0030870978,8.2,0.0,0.1467153285,7.3,0.152,10362.346184,75.267453864
17145,IL,Perry County,22.494657519,21.476690713,62830.0,4.4804525553,0.0530126713,0.244,0.8534694148,0.8528896673,0.061803585,0.0006194901,0.0024874409,8.8,0.0,0.098027127,7.1,0.379,9279.1909288,75.394429268
17157,IL,Randolph County,20.751193194,15.244763096,70526.0,4.286548697,0.0400419916,0.149,0.8788059428,0.8408876703,0.0727112839,0.0004644682,0.0015763877,8.3,0.0,0.0736568458,8.1,0.324,8769.4186086,75.772556159
17161,IL,Rock Island County,15.046679974,16.011179473,63457.0,4.6112701909,0.0510858725,0.21,0.9022594671,0.8924042358,0.0742240092,0.0004898222,0.0029949871,8.1,1.0,0.1301589917,8.0,0.175,8428.7752509,76.435559792
17163,IL,St. Clair County,36.054253814,11.23686307,66007.0,4.9340690138,0.0463335987,0.173,0.9274493084,0.8812911635,0.0531610603,0.0005887063,0.0018922946,9.5,0.0,0.1317446043,7.6,0.338,11441.537893,74.132190766
17165,IL,Saline County,30.177183176,26.165789259,53318.0,4.8334817076,0.0497393118,0.243,0.8876100998,0.7589712919,0.0632001338,0.0006432247,0.0038910506,8.8,0.0,0.1296758105,7.1,0.308,11840.518909,72.45351822
17167,IL,Sangamon County,32.75315099,13.165656858,73004.0,4.5714010901,0.0427826158,0.167,0.9370809356,0.8781350101,0.0521265895,0.0012067744,0.0032301244,7.6,1.0,0.128855016,8.3,0.15,8879.8417711,76.787168546
17173,IL,Shelby County,20.684497764,13.526002493,68618.0,3.712541759,0.0435439976,0.131,0.9449236894,0.8624218306,0.0571554882,0.0002405118,0.0004861921,8.7,1.0,0.0957810718,8.2,0.324,7898.3241421,77.078188957
17177,IL,Stephenson County,13.690399227,15.798978219,64926.0,4.6059002973,0.0502337563,0.175,0.9147587964,0.8442652422,0.0549865555,0.000477045,0.0022967173,9.2,0.0,0.1194494936,8.4,0.276,9373.1916932,76.165967939
17179,IL,Tazewell County,24.290400689,14.167948007,73659.0,4.0997415279,0.0453739237,0.103,0.9400028285,0.8823310786,0.0497538575,0.000429405,0.0023235887,9.0,1.0,0.0989389427,8.1,0.236,7935.8512404,76.578715422
17181,IL,Union County,29.887622539,27.212926046,64452.0,4.8870415027,0.0544380363,0.195,0.8703552136,0.7102979462,0.0702559714,0.0007681853,0.0024599508,8.8,1.0,0.0917910448,7.5,0.468,10017.607027,74.652892987
17183,IL,Vermilion County,35.408353648,21.419357704,51813.0,4.5319359223,0.0581854662,0.287,0.9073455095,0.8527414279,0.0537096862,0.0003557015,0.0040752526,8.8,0.0,0.1146411162,7.5,0.247,12430.385006,72.521270274
17189,IL,Washington County,26.788758463,22.02487288,74848.0,3.5968564845,0.0276060981,0.105,0.9318297267,0.8544215309,0.047596607,0.0001464665,0.0015514184,8.8,0.0,0.0851979346,8.9,0.383,8640.6841131,77.082502471
17195,IL,Whiteside County,16.401508939,15.045105759,68641.0,4.4356218548,0.0465952424,0.157,0.9101236476,0.8399741546,0.0585079988,0.0005062833,0.001541341,9.1,0.0,0.1043328304,8.1,0.204,9513.2103705,75.477619075
17197,IL,Will County,22.182370777,10.147929002,103587.0,3.7865788573,0.0421194322,0.093,0.9150335464,0.9321412291,0.0592979329,0.000540694,0.0019451199,9.8,1.0,0.1241747348,8.8,0.492,6358.271706,78.546473926
17199,IL,Williamson County,24.501347574,15.392138013,60704.0,4.6985972818,0.0441294895,0.219,0.92436135,0.8683533746,0.0496340524,0.000792476,0.0049021078,9.0,0.0,0.1186954197,7.2,0.285,9023.3172271,75.533801627
17201,IL,Winnebago County,53.153666067,13.890651513,65795.0,4.7068620919,0.0616879919,0.203,0.8864668624,0.8768547151,0.0709748931,0.0007028847,0.0024028022,9.1,1.0,0.1440038181,7.6,0.229,11175.617656,74.53418613
17203,IL,Woodford County,10.485477614,10.655855018,90169.0,4.4305633315,0.0398118779,0.076,0.9479617048,0.8808487486,0.0509801342,0.0004447351,0.0004440381,9.0,1.0,0.0790459966,8.9,0.349,5802.5908305,78.693898024
18001,IN,Adams County,14.832943969,7.3107500232,66567.0,3.4013562387,0.0271878161,0.173,0.8696802339,0.7746456055,0.1387289044,0.0003893106,0.0003858025,8.1,1.0,0.1636807818,8.3,0.235,8648.2221597,77.026380163
18003,IN,Allen County,34.760342923,14.698404746,66194.0,4.0688655767,0.0313275009,0.174,0.9032914535,0.9075319588,0.0813709211,0.0007385334,0.0024661319,8.4,0.0,0.1104507513,7.4,0.202,9524.1042433,75.614121219
18005,IN,Bartholomew County,40.724740679,12.865313036,79870.0,4.3873334331,0.0278420694,0.124,0.9214559729,0.9212648557,0.0762684697,0.0007881176,0.0019642156,6.7,0.0,0.1100448847,7.4,0.223,9280.7350753,76.025874559
18009,IN,Blackford County,44.702726866,24.074651323,51799.0,4.9375342193,0.039624609,0.188,0.8951814396,0.8351778656,0.0787826462,0.0006616492,0.0004204154,8.0,0.0,0.1319234642,6.9,0.367,13646.608623,71.822476753
18011,IN,Boone County,27.705563739,14.885828168,103970.0,4.5968642099,0.0250432895,0.05,0.9499413375,0.9266852726,0.0510428709,0.0021080874,0.0015633211,9.7,1.0,0.0876387294,9.1,0.4,6188.6004713,78.208101712
18013,IN,Brown County,43.258208245,32.07973182,72141.0,4.0286395479,0.0325798712,0.13,0.9357752548,0.8790141897,0.0774752692,0.0003215021,0.0009582828,8.3,0.0,0.1403647898,8.6,0.577,9646.240555,76.657240414
18015,IN,Carroll County,22.865729172,14.558732934,71740.0,3.9786210237,0.0292989873,0.117,0.8972688202,0.7973579262,0.096766276,9.78282e-05,0.0008769793,8.8,0.0,0.0704761905,8.7,0.409,7472.8728297,78.26815597
18017,IN,Cass County,28.446720182,15.166790874,54436.0,3.9455613529,0.0373472549,0.165,0.8578067985,0.8278611632,0.0941306016,0.000452573,0.0022566771,8.5,0.0,0.1069643452,7.9,0.248,9871.0705275,74.936130812
18019,IN,Clark County,52.69754069,16.244672467,71718.0,3.6779661017,0.0306657168,0.111,0.9074964771,0.8785987313,0.0743495868,0.0003829295,0.0025743821,9.8,1.0,0.0981363783,8.3,0.284,11782.877761,73.194920246
18023,IN,Clinton County,40.768901482,21.353769107,66119.0,3.4701558009,0.0261047603,0.141,0.8635360413,0.834059374,0.098572851,0.0001512173,0.0005194012,8.9,1.0,0.0979827089,8.6,0.266,9708.8306051,74.365966115
18025,IN,Crawford County,63.133305976,26.376283406,56019.0,4.8789408562,0.0355213959,0.235,0.8558570483,0.6966980101,0.0998795181,,0.0006706266,8.6,0.0,0.1254480287,6.9,0.691,11674.83629,72.897882383
18029,IN,Dearborn County,32.283993728,20.035468015,82578.0,4.0424265414,0.0325970651,0.094,0.9124982466,0.8839587056,0.0695320843,0.0004526134,0.0018158743,9.2,0.0,0.088974359,8.0,0.531,8670.8873395,76.173935687
18031,IN,Decatur County,37.821482602,12.330773083,71150.0,3.5310058188,0.0270789059,0.123,0.9054315929,0.8690815744,0.0657140215,0.0006079027,0.0004545627,8.4,1.0,0.0791154791,8.2,0.29,10090.847237,74.008000106
18033,IN,De Kalb County,16.063151131,14.999380607,68933.0,3.7474805556,0.0295058336,0.123,0.9229363387,0.8520108184,0.0753057998,0.000461542,0.0007466401,8.2,0.0,0.0843731432,7.8,0.253,8444.6620838,75.847569923
18035,IN,Delaware County,63.434472782,18.375563218,55704.0,4.5361372871,0.0383537653,0.206,0.9094651378,0.8748970658,0.0866118853,0.001144175,0.0033742577,8.0,1.0,0.1561403509,6.5,0.25,12614.957794,72.606301168
18037,IN,Dubois County,11.563099836,17.95764689,74001.0,3.9846791637,0.02500682,0.08,0.892343934,0.8556402092,0.0780898717,0.0007577671,0.0014008175,8.4,0.0,0.0917510854,8.4,0.159,6416.4849647,77.762944579
18039,IN,Elkhart County,16.61365352,11.832659374,69262.0,4.185160293,0.0399319537,0.153,0.8220093426,0.8817028986,0.1284610636,0.000488109,0.0017925575,8.2,0.0,0.121522181,7.7,0.218,8847.3536559,76.243786114
18041,IN,Fayette County,77.585092168,21.251226616,60483.0,4.8386098029,0.043817527,0.203,0.8587629498,0.8422829412,0.0746065458,0.0004280822,0.0012841366,8.4,0.0,0.1312661499,6.7,0.369,15442.40888,70.154301533
18043,IN,Floyd County,49.14537034,14.99752598,79008.0,4.1058968818,0.0279240316,0.13,0.9254550345,0.8731594649,0.0688684386,0.0005593258,0.0017819797,9.6,0.0,0.0837896134,8.2,0.276,9964.088609,74.643260763
18045,IN,Fountain County,26.256261108,14.843108986,63747.0,3.9700571941,0.0307597282,0.139,0.8965813434,0.8679603151,0.0781226344,0.0002435016,0.0010758472,8.8,0.0,0.0949598247,7.9,0.419,10687.4986,73.750997149
18047,IN,Franklin County,32.055485131,20.80573301,77456.0,3.761226447,0.0314877056,0.102,0.8872457257,0.8297010185,0.072819736,0.0007004641,0.0003463803,8.8,0.0,0.0770095559,8.6,0.533,8834.8185413,76.562365047
18049,IN,Fulton County,29.638899409,22.46386825,60258.0,4.2089984991,0.0349166405,0.162,0.8729877314,0.8603507001,0.0944171283,0.0004905327,0.0008841733,8.4,0.0,0.1057631412,7.7,0.363,11507.630003,73.700709681
18053,IN,Grant County,65.313148701,17.467170835,53872.0,4.235904685,0.0347993579,0.243,0.8876396776,0.8686325074,0.071944507,0.0004225586,0.0029456193,8.2,0.0,0.1279467681,6.9,0.241,14895.226807,70.79221713
18055,IN,Greene County,21.277727539,17.644297064,59626.0,4.0727620333,0.0391127542,0.151,0.881415365,0.8058054925,0.0843304843,0.0002923407,0.0007052186,7.5,0.0,0.1291098637,7.3,0.429,10312.128622,74.070426322
18057,IN,Hamilton County,14.261467111,11.484474786,121231.0,3.8945333192,0.0254276772,0.045,0.9729097032,0.9606896396,0.0455395579,0.0013879153,0.0019938382,9.4,1.0,0.0812692886,8.9,0.426,4761.2420166,80.651193306
18059,IN,Hancock County,28.231019754,13.843155931,94581.0,3.4858118703,0.0280112045,0.058,0.9349214448,0.9265335235,0.0586745831,0.0008314076,0.0012533946,9.0,0.0,0.0697146563,8.3,0.436,7433.7478888,77.180291948
18061,IN,Harrison County,44.890019452,21.184076754,75443.0,3.664365735,0.0284716496,0.105,0.9178155202,0.8154942589,0.0684699915,0.0004778552,0.000499925,9.1,0.0,0.0762036716,8.8,0.557,12001.180076,73.651380822
18063,IN,Hendricks County,25.600777367,13.975641928,95323.0,3.3125896806,0.026561199,0.059,0.9348747655,0.9315147557,0.0586737032,0.0004850715,0.0014646944,9.9,0.0,0.0837704657,8.7,0.395,6172.2460475,78.605697938
18065,IN,Henry County,26.733752391,17.104897352,62048.0,3.964909828,0.0341246291,0.168,0.9063259297,0.8623510293,0.0720024379,0.0004087054,0.0010627644,7.3,0.0,0.0951735358,7.4,0.37,10369.205114,73.966123901
18067,IN,Howard County,51.60144484,19.966340557,61548.0,4.1095923427,0.0500296033,0.181,0.9206724954,0.8871587577,0.0702954665,0.0005496672,0.0023618948,6.7,0.0,0.101369863,7.1,0.224,12108.599388,72.955822249
18069,IN,Huntington County,40.929183417,14.295594394,67462.0,3.6867359798,0.0297554051,0.121,0.9303617877,0.8486241545,0.0698939446,0.0005447068,0.0011962698,8.3,0.0,0.0907568654,7.5,0.31,9432.2347872,74.798499748
18071,IN,Jackson County,44.659526023,17.174100437,69753.0,3.7230560951,0.0284153005,0.129,0.8916868442,0.8269371654,0.0858299809,0.0006729329,0.000990099,8.4,0.0,0.0981934732,7.4,0.306,9171.5451653,75.125168649
18073,IN,Jasper County,29.054622691,17.144120167,75027.0,4.0644975438,0.0357542594,0.1,0.9306731861,0.8955188304,0.0788565064,0.0002417576,0.0006262114,8.9,1.0,0.075230092,8.4,0.468,9160.8979619,75.254760154
18075,IN,Jay County,44.362656502,25.706311585,61030.0,3.8778554414,0.0306019505,0.206,0.8686680572,0.8031159693,0.0892582333,0.0002963256,0.0008985623,8.1,0.0,0.1086556169,7.0,0.275,12021.170059,73.138955771
18077,IN,Jefferson County,32.587553591,11.902386233,62153.0,4.1956466256,0.0310010621,0.164,0.886319597,0.8239231436,0.0740136942,0.0006034821,0.0012705712,8.6,0.0,0.1101960784,7.8,0.275,10875.402544,73.693623389
18079,IN,Jennings County,48.508367693,21.578677283,61695.0,3.6346153846,0.0336772292,0.161,0.8760161536,0.8550185874,0.0734483215,0.0004378124,0.0011946999,8.4,0.0,0.1189427313,7.0,0.368,12252.261526,72.726264349
18081,IN,Johnson County,37.294650154,15.269632228,91676.0,3.8668303314,0.0267337668,0.083,0.9274532541,0.9125875831,0.0668003491,0.0008034182,0.0013288126,9.6,0.0,0.0967633459,8.4,0.417,8086.4546261,76.213291567
18083,IN,Knox County,12.930994671,18.450893568,57242.0,4.5531506301,0.02982329,0.172,0.9009570167,0.8594970218,0.0784278406,0.000723106,0.002134738,8.7,0.0,0.1154864328,7.9,0.243,10555.747371,73.665229086
18085,IN,Kosciusko County,22.924308103,12.580169747,72726.0,3.7773294852,0.0336965344,0.11,0.8803275053,0.8620027089,0.0982789995,0.0004369211,0.0019038375,8.6,1.0,0.1010964205,8.2,0.221,9156.2157709,76.052169095
18087,IN,Lagrange County,12.344764585,11.447880346,81738.0,3.380215718,0.0309494334,0.105,0.6057018096,0.6619806311,0.3332274001,0.0002467673,0.0005866967,8.3,0.0,0.1015873016,9.0,0.302,6290.4643826,78.604507436
18089,IN,Lake County,39.44048357,11.795705809,69182.0,4.6856446842,0.050045635,0.2,0.9022313599,0.8807746777,0.0771620499,0.0005074635,0.0023032453,9.8,1.0,0.1446448289,7.3,0.426,10981.169466,74.354373816
18091,IN,La Porte County,46.145363889,21.158417808,64204.0,4.2524627349,0.0398087168,0.216,0.9049405168,0.8840685882,0.0793673377,0.0003736987,0.0012443378,8.1,1.0,0.1218356259,7.5,0.321,11091.480099,74.31503196
18093,IN,Lawrence County,33.876336642,14.611421221,64958.0,4.4446483409,0.0383179895,0.161,0.9035098676,0.8379097933,0.0799517653,0.0003993787,0.0010868601,8.3,1.0,0.1012016021,8.0,0.395,10599.805055,73.815448935
18095,IN,Madison County,47.678904252,20.408058816,62000.0,4.1632794542,0.0357295397,0.171,0.9048111124,0.8773725943,0.0795851143,0.0004817177,0.0015395762,8.3,1.0,0.135040405,6.5,0.403,11656.090537,73.158893548
18097,IN,Marion County,69.699812609,15.06364256,66653.0,4.4712874843,0.0329372679,0.207,0.8769776139,0.8926567203,0.0976821778,0.0007795268,0.0039041365,11.1,0.0,0.164638935,7.2,0.314,12609.648122,73.043484497
18099,IN,Marshall County,28.146448135,18.244642092,70390.0,3.4487691567,0.033952458,0.127,0.8611872441,0.8182655234,0.1260468227,0.0005203703,0.0012512944,8.7,0.0,0.1055440261,8.1,0.325,9236.6383382,75.868513444
18103,IN,Miami County,35.486491787,19.030432344,59297.0,3.9531077274,0.0393270096,0.192,0.8745328775,0.8614167295,0.0873655396,0.0002217233,0.0007626688,8.2,0.0,0.0954372624,7.0,0.286,10509.102116,74.090804582
18105,IN,Monroe County,35.293650181,12.728847552,60553.0,5.6130505991,0.0326317276,0.135,0.948269638,0.8985994782,0.0622431327,0.0005862377,0.0036457062,7.7,0.0,0.1996151155,7.7,0.186,8007.8598353,77.50899723
18107,IN,Montgomery County,34.001447241,17.505447193,69928.0,4.004026119,0.0277865821,0.146,0.8894149346,0.8784462767,0.0833553326,0.0002889946,0.0011147694,9.0,1.0,0.1057068742,7.9,0.299,9100.3011207,75.587429091
18109,IN,Morgan County,36.25394494,19.669899311,74193.0,4.0178423007,0.0302749378,0.119,0.9043935827,0.893623931,0.0751153722,0.0004016287,0.0010105562,9.5,0.0,0.0997214485,8.1,0.537,8539.0289939,75.322636776
18111,IN,Newton County,38.518946507,17.776695732,70836.0,3.7290677161,0.0388278388,0.129,0.8835740072,0.8742622071,0.0958791209,7.24218e-05,7.16332e-05,8.8,0.0,0.0919854281,7.6,0.46,10914.054965,73.629256314
18113,IN,Noble County,22.467807844,17.269821325,66072.0,3.7273120138,0.0366747074,0.109,0.826319577,0.8460853597,0.1023870484,0.0003387893,0.0010120177,8.5,0.0,0.0810734463,8.4,0.372,8646.9803076,75.811266676
18117,IN,Orange County,23.687060097,17.560440417,59750.0,5.1762110836,0.034287094,0.176,0.8575061764,0.8428821616,0.0852015032,0.0004034291,0.0007638252,8.5,0.0,0.0823899371,7.9,0.348,9621.4687214,74.172545551
18119,IN,Owen County,28.230422986,22.260215819,62247.0,4.2194281905,0.0367285928,0.178,0.8703964194,0.8029774366,0.0893428064,0.0001398862,0.0010217351,8.5,0.0,0.1148608644,8.1,0.537,12176.131582,72.824959682
18121,IN,Parke County,20.14220396,12.024335948,70989.0,4.17443399,0.0325728422,0.194,0.8406274374,0.7682539683,0.1193892105,0.000304748,0.0007279786,8.5,1.0,0.1367753623,7.5,0.478,7682.3056704,77.861248042
18127,IN,Porter County,27.499259635,15.613007096,79398.0,4.1421542267,0.0368756519,0.106,0.9380948454,0.9136504578,0.0691236401,0.0005624329,0.0023668977,7.5,0.0,0.1155051485,8.0,0.433,7441.3087096,76.991029908
18129,IN,Posey County,17.22904021,19.333084398,76228.0,4.0655058043,0.0270622508,0.116,0.9326526057,0.8993184031,0.057783855,0.0003185221,0.0001198083,8.7,1.0,0.0884691849,7.9,0.344,7520.5980771,78.343885285
18131,IN,Pulaski County,61.808018919,26.993433526,70303.0,4.1671828909,0.0288306747,0.145,0.895334174,0.8780138946,0.0923756679,0.0003241754,0.0005651998,8.5,1.0,0.0794633643,7.9,0.363,13374.841725,72.182142377
18133,IN,Putnam County,22.371564846,21.748998195,73137.0,4.0048619393,0.0315974254,0.127,0.9082196103,0.8610157368,0.0700965825,0.0003245085,0.0010381452,8.9,0.0,0.0868274583,8.3,0.421,8445.9448919,75.830163487
18135,IN,Randolph County,61.631171677,20.771182248,58725.0,3.8525528641,0.0324758568,0.186,0.9063252481,0.8379493223,0.0888496311,0.0001640218,0.0005368352,8.2,0.0,0.1013280866,7.3,0.365,11074.616577,73.792788153
18137,IN,Ripley County,33.481112035,17.047719271,66942.0,4.0410849748,0.0348231207,0.13,0.9062358219,0.8576083128,0.0729699761,3.43867e-05,0.0008211585,8.6,1.0,0.1366292135,8.5,0.423,9689.9272436,74.667495069
18139,IN,Rush County,20.002400288,15.97439149,65326.0,4.0958576187,0.027383592,0.136,0.908388521,0.8369924812,0.0883365773,0.0003598848,0.0013058705,8.4,0.0,0.1121987952,7.8,0.374,9853.8193008,74.971613076
18141,IN,St. Joseph County,33.826431189,14.80985972,65977.0,4.4573253408,0.0387452759,0.184,0.9119480607,0.8807251998,0.0804218121,0.0009000338,0.0027121328,9.6,0.0,0.1290322581,7.5,0.237,9845.7942349,75.054195941
18143,IN,Scott County,71.496335813,18.816836603,62584.0,4.602669841,0.0346646571,0.195,0.8403761387,0.8644806475,0.0860976334,0.000369534,0.000932798,8.6,0.0,0.132808399,6.6,0.372,15830.642695,69.081876653
18145,IN,Shelby County,39.288070511,19.714358151,71548.0,4.2762330953,0.0275401627,0.129,0.9036369386,0.8704877377,0.077374394,0.0003552477,0.0011054365,8.9,0.0,0.1057800224,7.9,0.38,9558.7900158,75.576072348
18147,IN,Spencer County,16.669444907,23.037034381,77467.0,4.0840325118,0.0294913672,0.102,0.9307860725,0.7998496052,0.0691668253,0.0003535711,0.0004520342,8.0,0.0,0.0724269377,8.8,0.376,9000.9519878,76.326730078
18149,IN,Starke County,60.276410396,18.673180451,61259.0,3.9777893137,0.041248837,0.184,0.8584749402,0.824046586,0.0858383071,0.0001283587,0.0003447384,8.5,0.0,0.1044247788,7.9,0.467,12709.574714,72.147844638
18151,IN,Steuben County,11.517641187,20.209657714,71355.0,3.6505332006,0.0268933391,0.13,0.9212707764,0.8447511805,0.0756451043,0.0002887503,0.0010882951,8.1,1.0,0.0913075237,7.6,0.263,8642.3510735,77.353982304
18155,IN,Switzerland County,39.318479685,,60219.0,3.8427847224,0.0324633991,0.214,0.8239426313,0.7690531178,0.0934742076,,0.0004990518,8.7,0.0,0.1147098516,7.5,0.571,12879.904127,74.025016623
18157,IN,Tippecanoe County,22.730928751,13.250706691,61681.0,4.9124479102,0.0293791239,0.127,0.9195068614,0.894658335,0.0874379509,0.0007002502,0.0019015636,9.4,1.0,0.158356546,6.5,0.122,7580.9641137,77.588312625
18163,IN,Vanderburgh County,38.917108404,20.410337067,60923.0,4.078223649,0.031646806,0.174,0.91371968,0.8965776315,0.0790995615,0.000777834,0.0026583616,9.1,0.0,0.1410842587,7.0,0.192,10888.475532,74.053918058
18167,IN,Vigo County,25.736955758,19.069055808,50665.0,5.1278501629,0.0378396144,0.211,0.9041202005,0.8599600892,0.0932586931,0.0008302357,0.0019405952,8.6,0.0,0.1528348398,5.7,0.179,10892.030875,73.705155221
18169,IN,Wabash County,34.621543255,14.29823943,60668.0,4.3589341121,0.0307980718,0.136,0.9181343318,0.8749402581,0.0814315574,0.0004218588,0.0028366482,8.3,1.0,0.0976874003,7.8,0.3,10985.444325,73.912068935
18173,IN,Warrick County,23.319928693,14.411388575,87293.0,3.7432259565,0.0293426504,0.089,0.9549465032,0.9151313925,0.0517957488,0.0015345506,0.0009261087,8.7,1.0,0.0793422405,8.4,0.295,7349.8514475,76.900316241
18175,IN,Washington County,47.315440211,23.920130908,55682.0,4.1898359077,0.0305245056,0.181,0.8807330109,0.8166272512,0.07956942,0.0002490926,0.0005672753,8.6,0.0,0.1043233083,8.0,0.49,13005.043921,72.493256857
18177,IN,Wayne County,76.067846474,18.167099946,52956.0,4.609214116,0.0344757656,0.229,0.8834499349,0.8759042434,0.0845234681,0.000601902,0.0050357645,8.5,0.0,0.134339482,6.2,0.217,12655.95968,72.273738441
18179,IN,Wells County,17.715001063,14.789521181,69833.0,3.5007693871,0.0268996118,0.107,0.9330956376,0.8290492958,0.0654299433,0.000461042,0.0007354229,8.2,0.0,0.0899280576,7.7,0.313,7314.1920013,76.67480608
18181,IN,White County,28.604898248,27.449144573,67077.0,3.7305967239,0.0268048871,0.149,0.9029674988,0.8769386721,0.0997503641,0.0003650968,0.0005217322,9.0,1.0,0.0999476714,8.7,0.315,9851.284548,75.339092621
18183,IN,Whitley County,21.269396239,6.7980848814,76326.0,3.4514195167,0.0274431058,0.103,0.9209327594,0.8848445689,0.0663791554,0.0005808888,0.0012089114,9.8,0.0,0.0655737705,8.7,0.334,7297.8388349,77.802834984
19013,IA,Black Hawk County,12.262791625,16.828783318,61558.0,4.2829539258,0.0321147424,0.151,0.9325246399,0.8807964272,0.0523790214,0.0009511537,0.0025829495,7.9,0.0,0.1453287197,7.9,0.095,7992.6564052,76.675217306
19033,IA,Cerro Gordo County,18.865254917,25.790573824,63161.0,4.0208754209,0.0306651635,0.131,0.9447400202,0.8724576489,0.0498608027,0.0014283707,0.0034664906,7.1,0.0,0.0975983648,8.6,0.128,9467.7170208,76.498073733
19045,IA,Clinton County,26.580650723,21.57163927,67095.0,4.0836595237,0.0374977136,0.18,0.9266453595,0.8575177524,0.0482432285,0.000473495,0.0018631656,8.5,0.0,0.1078251767,8.0,0.279,8790.038397,75.910481422
19049,IA,Dallas County,9.7158124848,11.887172999,102189.0,4.0041958629,0.0220939999,0.054,0.9608057646,0.9194479789,0.0378767841,0.0004239084,0.0004140712,7.6,0.0,0.0845404267,9.5,0.225,4244.0870554,81.881987825
19057,IA,Des Moines County,28.573407682,26.903439162,60599.0,4.3851088202,0.0416132091,0.209,0.939640141,0.8778217361,0.0504024145,0.0007534229,0.0026403158,8.4,0.0,0.1346830986,7.7,0.169,9423.8739462,75.926643867
19061,IA,Dubuque County,14.238012102,17.113075687,72749.0,4.0483485758,0.0290512205,0.102,0.9407460825,0.8915609215,0.045964315,0.0007698697,0.002012398,9.0,0.0,0.1233084609,8.7,0.128,6844.1982999,78.695630646
19099,IA,Jasper County,12.405848471,21.557323633,72394.0,3.9037119896,0.0303972551,0.118,0.9336962643,0.8990371576,0.0477587218,0.0003972037,0.0011603682,7.7,0.0,0.0887265136,8.8,0.378,7111.9518475,77.882742906
19101,IA,Jefferson County,24.148756339,20.850527993,58146.0,4.7204644537,0.0268429883,0.186,0.9538383066,0.8714742658,0.0781874319,0.0007669202,0.0022020725,8.0,0.0,0.1307922272,8.1,0.12,9327.0359755,77.122142899
19103,IA,Johnson County,10.109527046,11.105496801,74665.0,5.1101780316,0.0240360772,0.105,0.9624465031,0.8926608159,0.050163781,0.0019192494,0.0047927987,9.5,1.0,0.1683037557,9.0,0.191,4820.8871879,81.954359886
19111,IA,Lee County,15.070075853,31.686278845,60053.0,4.4952146231,0.04101616,0.185,0.9416322749,0.8604683677,0.0477148375,0.0006322445,0.0009826501,7.8,0.0,0.105899076,7.4,0.203,9251.0469339,74.828576846
19113,IA,Linn County,18.517816472,18.391035459,73079.0,4.0992018567,0.0346781619,0.115,0.9528008531,0.9130256389,0.0430576804,0.0006246205,0.0031051832,9.6,0.0,0.102991453,8.7,0.164,7000.9163789,78.501196543
19123,IA,Mahaska County,18.099547511,13.051941891,71332.0,4.0208526413,0.0259814769,0.143,0.9402954452,0.8619952761,0.0511383335,0.000727802,0.0014172076,7.8,0.0,0.1032331254,8.1,0.179,7887.4163047,76.621808286
19127,IA,Marshall County,10.9035705,17.348132543,64005.0,3.769106779,0.0634610971,0.157,0.8702914671,0.8608645311,0.0690550688,0.0004265676,0.002274204,7.7,0.0,0.1274509804,7.9,0.213,9260.6089912,74.905446549
19139,IA,Muscatine County,8.6302261904,19.702481101,66309.0,3.8093789531,0.0317891064,0.14,0.9048262481,0.9059405941,0.0539333061,0.0003748126,0.0008764034,8.0,0.0,0.1114089961,8.4,0.229,7717.2203599,76.729773068
19145,IA,Page County,22.020126396,14.045825946,60695.0,4.3982745352,0.0258751903,0.169,0.9318181818,0.8529459503,0.0577624256,0.0005264197,0.0023977621,7.4,1.0,0.1061588331,8.4,0.199,7340.388713,77.555106657
19149,IA,Plymouth County,13.063357283,20.289875221,74765.0,3.648582996,0.021088802,0.109,0.9419044345,0.8966689327,0.0460340633,0.000545809,0.0019827385,7.1,0.0,0.0775269872,9.3,0.249,6447.1963025,78.950757135
19153,IA,Polk County,26.135661507,16.173378179,79509.0,4.0496253694,0.0287041729,0.153,0.9249223439,0.9046560345,0.054806583,0.000931882,0.0035130776,8.0,0.0,0.1249071774,8.8,0.179,7653.2735593,77.173642641
19155,IA,Pottawattamie County,18.584371259,21.609110571,70768.0,4.258812616,0.0288826746,0.154,0.9104260055,0.8403986038,0.057004506,0.0004501415,0.0024147072,8.3,0.0,0.113891519,8.0,0.229,9293.2922517,75.491193852
19163,IA,Scott County,17.072375362,16.377113317,77100.0,4.5199363534,0.0346342577,0.129,0.9415629206,0.8901410389,0.057776555,0.0009990239,0.0019395191,9.2,0.0,0.1160031449,8.7,0.153,7235.501087,77.542043907
19169,IA,Story County,7.7341601038,14.693782729,71539.0,5.0104753648,0.0214267751,0.092,0.9709466149,0.7861940684,0.0462730374,0.0006433971,0.0026479719,7.7,0.0,0.1711687969,8.2,0.201,4947.2255238,81.505127479
19175,IA,Union County,30.503022572,,59066.0,4.196889816,0.0302064105,0.177,0.930398426,0.8492581602,0.0561415074,0.0009985022,0.0021837729,7.2,0.0,0.0932117528,8.3,0.163,8895.7164223,75.559316389
19179,IA,Wapello County,11.397743247,27.296525903,61642.0,4.5136154983,0.0348211081,0.169,0.8769051387,0.8315587734,0.0669101957,0.0005672793,0.0017630666,7.8,0.0,0.1526203966,6.0,0.194,9638.2148779,74.481769933
19181,IA,Warren County,15.000562521,18.157067345,92695.0,3.7246864059,0.0259928041,0.057,0.9671582147,0.9068203175,0.0382352941,0.0006179544,0.0002898288,7.5,0.0,0.0868562644,9.3,0.382,6397.6179586,78.366345497
19187,IA,Webster County,18.230377278,17.688991326,63557.0,4.297590623,0.0311645121,0.172,0.9232132072,0.8357521898,0.0573803656,0.0004307212,0.0033712485,7.3,1.0,0.1203703704,7.7,0.178,10249.456432,74.452312136
19193,IA,Woodbury County,12.72199888,20.837600362,65984.0,4.5442557929,0.0287143751,0.161,0.8710341559,0.856529146,0.0710945888,0.0006344276,0.0028409359,7.6,0.0,0.125047081,8.3,0.112,9159.067108,75.536037723
20011,KS,Bourbon County,23.120852697,18.062868813,54428.0,4.2307555997,0.0340103159,0.22,0.9100254345,0.8734835355,0.1012391247,0.0004189067,0.0008328706,8.1,1.0,0.1255411255,7.2,0.257,11704.563188,73.627887615
20015,KS,Butler County,22.154282423,23.084655255,76742.0,4.006112909,0.0266465257,0.104,0.9405243279,0.8856343656,0.0831912037,0.0007806861,0.0014716167,8.5,1.0,0.113525589,8.4,0.375,8909.0132814,75.308579085
20021,KS,Cherokee County,24.180037652,24.23936189,55853.0,4.2302671341,0.0268677587,0.199,0.9089820359,0.8413355765,0.1112786885,0.0002090957,0.0018368846,9.3,0.0,0.1172962227,6.3,0.255,12089.508546,72.090280699
20035,KS,Cowley County,14.48197959,23.377006525,57549.0,4.2733906085,0.0299382716,0.203,0.9158603096,0.8376190119,0.1020415851,0.0004058442,0.001727318,9.0,0.0,0.1194775259,7.3,0.221,10886.943742,73.680655718
20037,KS,Crawford County,15.395405327,22.005728682,52285.0,4.943509733,0.0284263428,0.191,0.9422337973,0.8599735799,0.1068215075,0.0006647916,0.0028376844,8.7,0.0,0.1511927789,6.5,0.154,11702.708472,72.487829831
20041,KS,Dickinson County,19.94379476,29.721406195,63417.0,3.5163652149,0.0284255714,0.126,0.9241622575,0.8968333752,0.0931157433,0.000487567,0.0006505828,7.8,0.0,0.0718911917,8.3,0.344,11197.276776,74.104892115
20045,KS,Douglas County,17.410192424,14.647836927,68561.0,5.0851156226,0.0258335837,0.097,0.9588636653,0.9137948297,0.0972039491,0.000862914,0.0036913225,8.9,0.0,0.1860535932,8.1,0.303,6185.1145657,79.227411099
20055,KS,Finney County,20.595662374,20.345774555,67640.0,3.4411788027,0.0206671854,0.151,0.7114803625,0.880815275,0.1737886479,0.0005773218,0.0013879251,6.7,0.0,0.1787234043,7.6,0.08,9166.9285877,76.241049508
20059,KS,Franklin County,21.88437327,12.983610284,67883.0,4.2485339381,0.0251366849,0.129,0.9222921272,0.8376907377,0.0878989995,0.0004233049,0.0024880383,8.3,1.0,0.1017964072,7.0,0.366,9277.1869281,75.03159278
20061,KS,Geary County,21.185828607,32.187737406,56899.0,3.5422946463,0.0383818362,0.146,0.9341399908,0.9324726191,0.0838177682,0.0003896032,0.0041943676,8.0,1.0,0.1559940432,6.4,0.166,12126.581648,72.707705297
20079,KS,Harvey County,15.700281624,16.013111975,67078.0,3.5954993708,0.0291273313,0.106,0.9182838284,0.8425582431,0.1101261507,0.0007392731,0.0048650907,7.8,0.0,0.1089332831,8.7,0.328,9762.4602335,75.55936327
20087,KS,Jefferson County,17.925323104,20.165543876,81301.0,3.8121770702,0.0247752057,0.094,0.9518671564,0.8833558863,0.0903221375,0.0005431535,0.0004910787,8.7,1.0,0.0626721763,9.2,0.494,9032.3777279,76.537134382
20091,KS,Johnson County,15.437853399,16.094575059,103085.0,3.8608736478,0.0241380971,0.049,0.9647081544,0.9572590562,0.0594283178,0.0011871778,0.0031724247,8.2,0.0,0.1005883589,9.3,0.225,4976.5763182,80.63713016
20103,KS,Leavenworth County,23.85554055,17.709502009,83086.0,3.9976811742,0.0270657159,0.09,0.9339957543,0.9080123681,0.0795216277,0.0004867127,0.002538375,8.9,0.0,0.1008198151,7.8,0.394,8273.8983922,76.968824406
20111,KS,Lyon County,13.410218587,18.179275977,55659.0,3.7348440259,0.026128266,0.149,0.8917334978,0.8853775709,0.1345260223,0.0005937871,0.0039164491,8.6,0.0,0.1452894438,7.8,0.142,7546.7220304,76.919046487
20113,KS,McPherson County,14.671692662,12.993606707,78908.0,3.8451483304,0.0196635599,0.085,0.9232765936,0.886922887,0.0964428968,0.0006966098,0.0010966734,7.6,0.0,0.0972906404,8.1,0.163,6867.94384,77.643835655
20121,KS,Miami County,12.524808756,18.937031992,85620.0,4.0687932061,0.0257171118,0.082,0.9476490753,0.8621785398,0.0758144476,0.0005781516,0.0016704417,8.1,0.0,0.1157120743,8.5,0.541,8637.6671219,77.124281091
20125,KS,Montgomery County,21.355201059,25.917167058,53379.0,4.330506678,0.0297990768,0.198,0.8987353853,0.8416595447,0.1130513945,0.0002246758,0.0023226904,9.1,1.0,0.1535756155,7.0,0.19,12899.137721,72.210440145
20155,KS,Reno County,31.939715141,21.105849882,62470.0,4.0025601639,0.0287956305,0.145,0.9118520964,0.8257181187,0.1006028074,0.0005861856,0.0021789681,7.7,1.0,0.1190809191,7.6,0.181,9624.1715539,75.253857903
20161,KS,Riley County,7.8515412114,11.768563264,63076.0,5.2005498102,0.0256475946,0.129,0.9611607513,0.9085013082,0.1024425208,0.0006924441,0.0034592869,8.3,0.0,0.1921701487,5.7,0.143,5337.0641135,79.688949485
20169,KS,Saline County,19.205749334,19.221293871,63587.0,4.400442312,0.0243068238,0.139,0.9289908507,0.8708013812,0.0988740657,0.0009649644,0.0039549512,7.5,0.0,0.120861678,8.0,0.113,9657.5940097,75.518392178
20173,KS,Sedgwick County,38.553203421,20.949001445,67435.0,4.4098603898,0.0294645829,0.175,0.8950568016,0.9066353207,0.1234951207,0.000889605,0.0028251421,6.7,0.0,0.1321999303,7.5,0.164,10292.25065,74.839780584
20177,KS,Shawnee County,31.782270759,22.007711599,63612.0,4.3023531805,0.027106164,0.134,0.9345386021,0.8603477888,0.1012707681,0.0007292555,0.0038875699,9.6,0.0,0.1331486861,7.6,0.125,10419.942121,74.952611831
20191,KS,Sumner County,19.27753722,25.745791421,63049.0,4.2701786597,0.0271614032,0.135,0.940249291,0.8457766882,0.1015381186,0.0002680366,0.0012536939,8.9,1.0,0.0926856505,8.0,0.473,10708.209996,74.019994825
20209,KS,Wyandotte County,32.727177813,18.817188953,61088.0,4.4032885363,0.0337141336,0.216,0.8190381895,0.8665926422,0.151225284,0.0005567329,0.0019179458,11.0,0.0,0.179369251,7.0,0.245,11750.940962,73.704342143
21001,KY,Adair County,38.224971331,16.135967828,45974.0,5.2396639763,0.050304878,0.278,0.8578791192,0.8468365302,0.0737123182,0.0002641031,0.0027512458,7.8,0.0,0.1248185776,7.2,0.313,13988.807907,71.659557623
21003,KY,Allen County,31.558185404,23.952911645,56483.0,4.1690686255,0.0399192644,0.215,0.8495460441,0.7882068263,0.0643470246,0.0001442516,0.0008720397,8.0,0.0,0.1664482307,7.1,0.413,12023.225565,73.105881698
21005,KY,Anderson County,45.012097001,17.815859767,78336.0,3.915337842,0.0331781141,0.122,0.9169763817,0.8755265375,0.0592717198,0.0002912419,0.0009344655,8.3,0.0,0.0910093767,8.1,0.513,9892.1302688,74.409024053
21009,KY,Barren County,18.698858622,22.731804421,51068.0,5.0688601763,0.043903819,0.226,0.8653447382,0.8497663031,0.0774097711,0.0006959411,0.00244401,8.1,0.0,0.1635365501,6.7,0.302,10308.087441,73.683211227
21011,KY,Bath County,105.01995379,,54247.0,5.8691857253,0.0564427915,0.266,0.8138716113,0.8357579591,0.0627670687,0.000156519,0.0027745665,7.8,1.0,0.101997897,7.1,0.349,16750.111254,68.829861137
21013,KY,Bell County,53.492072201,19.406635449,35566.0,6.0530209618,0.0561811357,0.384,0.7936800762,0.7694730212,0.0696347032,0.0005029759,0.0006004203,7.4,0.0,0.1428571429,5.6,0.349,19303.442423,67.291515354
21015,KY,Boone County,37.144847912,13.14470033,89313.0,3.5667622408,0.0355633901,0.085,0.9358580689,0.9285075783,0.0470988781,0.0005894682,0.0014875868,9.4,0.0,0.0867823765,8.3,0.326,7097.9996013,77.995222605
21017,KY,Bourbon County,61.438320907,10.008084338,61530.0,5.5998540279,0.0357066724,0.184,0.8656823911,0.8462106299,0.0747564327,0.0006426418,0.0013906824,8.3,0.0,0.1555009219,6.8,0.359,11509.108838,73.786911108
21019,KY,Boyd County,95.421855815,20.815102159,57112.0,5.4586749907,0.0559600705,0.23,0.8904756353,0.8638514935,0.0604542236,0.0010021086,0.0077991051,7.5,0.0,0.1113238512,6.3,0.267,13628.044269,71.627547341
21021,KY,Boyle County,46.729987611,17.084820431,62541.0,5.0836351242,0.0452661779,0.182,0.9143781071,0.8592241233,0.0601591655,0.000585423,0.0027752678,8.1,0.0,0.1447028424,7.5,0.273,10411.34779,74.627199958
21023,KY,Bracken County,59.57818644,34.148947411,64458.0,5.0942877919,0.0465489567,0.195,0.8816466552,0.8620901011,0.0618675918,0.0001184975,0.0001186803,8.1,0.0,0.096,8.0,0.583,13860.045796,71.457858014
21025,KY,Breathitt County,63.364931312,22.486316229,40093.0,6.1021446247,0.0754358162,0.373,0.8062757202,0.7850686913,0.0665284583,0.0004427064,0.002393268,7.3,1.0,0.1471389646,4.9,0.426,18853.303253,67.508539243
21027,KY,Breckinridge County,27.361542547,15.224256212,59267.0,5.3310662989,0.048799085,0.221,0.8640817469,0.79560612,0.0816054323,0.000242119,0.0008994509,8.5,0.0,0.0889774236,7.1,0.52,12214.588407,72.354705012
21029,KY,Bullitt County,51.017128901,20.527877091,75402.0,3.8273735461,0.0407725322,0.106,0.8957363557,0.9016706444,0.0487200542,0.0001809016,0.0010487492,9.4,0.0,0.1095620797,7.7,0.498,10263.280952,75.72756828
21031,KY,Butler County,29.496943044,,56395.0,5.0446428571,0.0451202544,0.192,0.8196589076,0.7864503398,0.0929691452,8.13405e-05,0.0015353535,8.3,0.0,0.0817253121,7.1,0.483,11443.182472,72.748711358
21033,KY,Caldwell County,26.39845833,30.989761728,52719.0,5.4757830762,0.0388519426,0.216,0.8984667802,0.8465394255,0.0680167741,0.0002376426,0.0008764242,8.1,0.0,0.1017110266,7.6,0.386,12822.07905,73.007959041
21035,KY,Calloway County,21.825483434,24.182218061,51424.0,4.8865893657,0.0438699111,0.195,0.9138152267,0.8248044545,0.0714914288,0.0004792332,0.0013322884,7.8,0.0,0.1422708618,7.2,0.184,10108.460998,74.143607941
21037,KY,Campbell County,47.793986518,11.117968287,80573.0,4.7450796626,0.0363346614,0.119,0.9310856042,0.9033951876,0.0483437071,0.0005373455,0.001792918,7.9,0.0,0.1456744675,7.7,0.312,8182.5316493,77.131799591
21041,KY,Carroll County,70.701792137,33.473131594,62710.0,5.38227699,0.0353479853,0.225,0.8394751535,0.8022999755,0.0682548476,0.0002761668,0.0009101666,8.5,0.0,0.1582125604,,0.301,14552.796149,70.717734446
21043,KY,Carter County,81.916596302,17.541646928,50853.0,5.5316737398,0.0758412335,0.244,0.8278522572,0.7849773407,0.0754403943,0.0001893079,0.0018205264,5.6,0.0,0.1154454402,6.6,0.433,15654.588305,70.374404247
21045,KY,Casey County,22.98754493,27.547381889,42914.0,5.3243359303,0.0411629686,0.276,0.7786736728,0.7857487534,0.0921621401,0.0001260557,0.0010051514,7.9,0.0,0.1144321093,6.7,0.391,12947.038465,72.127568244
21047,KY,Christian County,37.349219816,20.356462962,54934.0,4.1170437406,0.0507060595,0.232,0.8688098561,0.820610687,0.0738198313,0.000608096,0.0053864949,8.5,0.0,0.1616438356,6.4,0.198,13574.234951,71.491378916
21049,KY,Clark County,75.184564518,21.207806417,72386.0,4.7541895353,0.0377227091,0.163,0.8994112441,0.8875050221,0.053938442,0.000461067,0.0012599185,8.3,0.0,0.1311088642,7.6,0.4,13319.838141,72.753779537
21051,KY,Clay County,56.90376569,11.855371425,36330.0,5.6321080943,0.0636955236,0.536,0.7407279983,0.8287823906,0.0834433589,0.000395922,0.0011197068,7.3,0.0,0.1525302922,4.9,0.35,16673.937012,68.257961774
21053,KY,Clinton County,49.126254474,,39877.0,4.9789658661,0.0518950437,0.333,0.7924901186,0.7908027645,0.0824842987,0.0005396654,0.0019676432,7.1,0.0,0.1134564644,7.2,0.224,12682.703943,71.714171224
21059,KY,Daviess County,23.356679199,20.966350292,63213.0,4.6797562369,0.0431299509,0.211,0.9090175044,0.8933352771,0.061606306,0.0005530598,0.003238029,7.9,0.0,0.1376677749,7.7,0.215,9961.9769439,74.932682497
21065,KY,Estill County,123.09149012,26.390682883,45129.0,5.6801872075,0.0498248346,0.262,0.7811915313,0.7589830508,0.0784801136,0.0002128867,0.0012916188,7.5,0.0,0.1392857143,6.8,0.506,16583.462761,69.463871398
21067,KY,Fayette County,49.954751131,12.66902262,67320.0,5.0803797694,0.0337734688,0.182,0.9238338853,0.9095302715,0.0758054568,0.0012026365,0.0059939904,7.9,0.0,0.1608433286,7.9,0.199,9020.9230393,76.733811579
21069,KY,Fleming County,35.464922975,,50804.0,5.7643312102,0.0480801903,0.219,0.8341858894,0.7906212147,0.0768608414,0.0003284288,0.0005828261,7.8,0.0,0.1154855643,7.2,0.45,11529.322796,72.560050206
21071,KY,Floyd County,88.381198563,20.489967223,40604.0,6.0920978186,0.0598730801,0.306,0.8106281739,0.828077455,0.0714643752,0.0005669899,0.0371263399,7.3,1.0,0.1442307692,6.2,0.315,19361.15859,66.955242249
21073,KY,Franklin County,57.63987384,19.245242487,66920.0,4.17641734,0.0355175011,0.153,0.924778639,0.8552864999,0.0644502914,0.0003676328,0.0021106034,8.3,0.0,0.1272195999,7.4,0.246,11856.056233,72.996457275
21077,KY,Gallatin County,91.195804993,,66789.0,3.8736068137,0.0402429765,0.182,0.8444111278,0.8406153846,0.0658883521,0.0004558405,0.0007961783,8.5,0.0,0.1247920133,,0.487,12176.765607,71.581033442
21079,KY,Garrard County,68.350104424,18.448382785,62980.0,4.6396989281,0.0392355398,0.242,0.8582549465,0.857509434,0.0874902985,0.0002303882,0.0003926188,7.9,0.0,0.1121281465,,0.552,11374.148533,73.671747019
21081,KY,Grant County,70.928506692,18.8125723,68309.0,4.5697674419,0.0404949381,0.179,0.8879734383,0.8776394153,0.0656080234,0.0003961337,0.0008197041,8.0,1.0,0.1022664456,8.1,0.486,12411.430161,72.045569167
21083,KY,Graves County,12.745231918,16.500042637,53947.0,5.260594947,0.0419834926,0.239,0.887009282,0.8128179763,0.0725233645,0.0002731121,0.0009873564,8.3,0.0,0.1171297925,6.9,0.261,10917.038763,73.030009153
21085,KY,Grayson County,28.88177309,20.773033351,54543.0,5.4132383831,0.0458706661,0.238,0.8504754618,0.8017805976,0.0748221906,0.0006032273,0.0012674744,8.3,0.0,0.1287234043,6.6,0.296,13588.727912,71.040319407
21089,KY,Greenup County,64.201214158,21.796948126,59151.0,4.50220597,0.0653426791,0.172,0.9029362186,0.8198630137,0.061249131,0.000504923,0.0021861957,7.9,0.0,0.0973201693,7.1,0.346,12736.904766,72.509889353
21093,KY,Hardin County,39.429114219,19.571790721,65472.0,4.0887210065,0.0411412425,0.176,0.9242163557,0.8915258135,0.0593047693,0.0006003208,0.0045603128,7.4,0.0,0.1114920785,7.5,0.295,10822.215988,73.714392395
21095,KY,Harlan County,59.437667976,17.042084952,36916.0,5.3586526203,0.0660451888,0.351,0.7924971332,0.8204761905,0.0660949283,0.0003439841,0.0005923235,7.0,1.0,0.1504339441,5.9,0.304,20676.676408,65.66415795
21097,KY,Harrison County,66.69826058,19.180147552,63689.0,5.4436104076,0.0376025524,0.168,0.8911425099,0.7802182622,0.0620249903,0.0005277045,0.0005665722,8.2,0.0,0.1335168617,7.6,0.434,12273.085916,72.350387288
21099,KY,Hart County,29.273500594,12.848689739,51921.0,4.6592822331,0.043986711,0.22,0.7893699295,0.8265023539,0.0789802549,0.0002569373,0.0012167917,8.1,0.0,0.1316348195,7.0,0.37,10749.573176,73.225580772
21101,KY,Henderson County,23.28813432,16.561055559,58742.0,4.7378751942,0.0398374789,0.173,0.8911225474,0.886553256,0.068643193,0.0005188477,0.0014959541,8.7,0.0,0.1291563616,7.4,0.293,11101.431194,73.323170621
21103,KY,Henry County,61.059058848,15.08002212,66530.0,4.6885448177,0.0366144201,0.188,0.860911271,0.8182853424,0.0765751716,0.0005748228,0.0005634508,8.6,0.0,0.1651299246,8.0,0.483,12702.269712,72.690322478
21107,KY,Hopkins County,17.08614388,24.119089779,55080.0,4.7737355029,0.0442618461,0.193,0.8772611465,0.8794650228,0.0681120598,0.0009969427,0.001379955,8.4,1.0,0.1124761125,6.7,0.249,11560.283458,72.278422026
21109,KY,Jackson County,35.626129221,32.699414865,44713.0,5.8813345715,0.0563654033,0.284,0.7328842756,0.8259222333,0.0744700984,0.0002310536,0.0003052503,7.5,1.0,0.1089808274,6.7,0.621,13111.550107,71.127002019
21111,KY,Jefferson County,70.642271076,17.220643613,64977.0,4.6708838941,0.0391120399,0.216,0.9151565716,0.9006047506,0.0629692419,0.0009153153,0.0040653039,9.8,0.0,0.1414961568,8.0,0.236,12651.592031,73.299649372
21113,KY,Jessamine County,61.134885789,17.264755447,75155.0,4.1237085697,0.0349795013,0.137,0.9050674928,0.8980402138,0.0751445087,0.0007459068,0.0017449152,8.4,1.0,0.1469430596,7.7,0.384,9935.1268728,75.686154924
21115,KY,Johnson County,35.927068052,14.086356162,45126.0,5.7661891117,0.0657087262,0.283,0.8234884898,0.8652041163,0.0668438613,0.0005763433,0.0019442937,7.3,0.0,0.1217910448,6.8,0.25,16084.194478,69.363025251
21117,KY,Kenton County,53.175042392,15.335527724,79604.0,4.2036900995,0.0368060749,0.138,0.9246257099,0.9137780539,0.0539408678,0.0008731821,0.0023056134,9.6,0.0,0.1161940299,7.9,0.272,8771.1135387,76.307475632
21119,KY,Knott County,117.81615966,23.672884069,42345.0,5.6766697045,0.0667293233,0.316,0.727930683,0.796071953,0.0716198126,0.0002134775,0.0005856944,7.1,0.0,0.1648351648,6.5,0.404,20880.826114,67.113046842
21121,KY,Knox County,42.988470272,12.61761325,37640.0,6.4721152236,0.0584747495,0.433,0.7573281135,0.8360409677,0.0731860407,0.000267478,0.0009397865,7.4,0.0,0.1470985155,4.4,0.307,15275.421715,69.530801696
21123,KY,Larue County,31.37465824,27.857910478,66310.0,5.1161554012,0.0441100156,0.219,0.8597694579,0.8588669125,0.0905540639,0.0001330849,0.0007188133,8.2,0.0,0.1185436071,7.1,0.431,12354.828797,72.709290615
21125,KY,Laurel County,34.818195453,14.493609255,52093.0,5.633276565,0.0449793338,0.277,0.8308735632,0.8792531991,0.0717961714,0.0003836256,0.0010269211,7.7,0.0,0.1216245409,6.4,0.248,11683.959262,72.480017385
21127,KY,Lawrence County,62.715584823,19.74666019,46200.0,4.653596379,0.0573829103,0.249,0.7979573712,0.7996747967,0.0765039902,0.0003683241,0.0150625,7.3,0.0,0.1366515837,6.2,0.491,14424.408913,70.506982658
21129,KY,Lee County,104.64058235,,37939.0,5.2456372874,0.0580046404,0.365,0.7422568375,0.7455871067,0.0673671199,,0.0012340601,7.4,0.0,0.1357552581,6.2,0.456,16473.256415,68.266899629
21131,KY,Leslie County,43.321780858,22.253409356,39855.0,6.130030347,0.0690894569,0.306,0.8139216224,0.792018419,0.0535737118,0.0001945904,0.0006082725,6.9,0.0,0.1612466125,5.7,0.585,16776.780672,68.694172702
21133,KY,Letcher County,58.397386322,14.459365935,41737.0,4.8085155088,0.062594395,0.289,0.7980363732,0.8276562687,0.0708675911,0.0005646262,0.0009303237,6.8,1.0,0.1308744795,,0.403,18645.980475,67.682326583
21135,KY,Lewis County,63.770629799,25.673393585,46340.0,4.9404669261,0.08030679,0.294,0.8064480634,0.8161060143,0.0755616065,0.0001540002,0.000462499,7.6,0.0,0.0982048574,6.8,0.546,15648.997645,70.033723231
21137,KY,Lincoln County,60.217055112,19.601822563,51359.0,5.1256799037,0.0514049227,0.229,0.8319796051,0.8334365964,0.0757283525,0.0002474941,0.0010494026,8.0,0.0,0.1094814039,7.0,0.427,14551.402225,70.466571552
21141,KY,Logan County,20.466146586,15.289376984,61186.0,4.24964993,0.0411512453,0.175,0.8698914013,0.8450833181,0.0661695763,0.0002160527,0.0005657109,8.2,1.0,0.1079069767,7.9,0.435,10817.256264,73.799810133
21145,KY,McCracken County,19.941372365,21.415006456,60801.0,4.9608863122,0.0404521517,0.212,0.9284033613,0.8912669037,0.0659398995,0.0010080944,0.003203417,8.8,0.0,0.1385809313,6.7,0.144,11387.19156,73.794984253
21147,KY,McCreary County,35.528185694,16.894738314,36348.0,6.1526403363,0.0592927986,0.417,0.7746218487,0.7747989276,0.0803600389,5.91996e-05,0.0012903226,7.2,0.0,0.1210526316,6.3,0.53,14729.70965,69.594078236
21151,KY,Madison County,78.840481772,15.846568189,65438.0,4.5403598212,0.0385503034,0.165,0.912533478,0.8779205926,0.0608216693,0.0004753555,0.0020158164,8.2,0.0,0.1251059023,7.0,0.394,11055.100874,73.828346266
21153,KY,Magoffin County,91.766797626,,40162.0,5.9115305704,0.098334401,0.348,0.7489204195,0.8304119194,0.0761348612,0.0003479168,0.0017812611,7.2,0.0,0.1613259669,5.6,0.454,18906.463502,68.147268595
21155,KY,Marion County,59.509640562,15.459819169,54466.0,4.709384801,0.0344497608,0.173,0.8630894552,0.8500658762,0.0618949472,0.0005069708,0.0021175759,8.1,0.0,0.1220968812,6.8,0.211,12580.975011,73.169031425
21157,KY,Marshall County,15.841500507,15.292377828,61426.0,4.3342568273,0.0396884024,0.173,0.9231970163,0.8447148289,0.0621921182,0.0004094746,0.0003465222,8.4,0.0,0.0892924707,8.1,0.31,9526.8186096,74.800307464
21159,KY,Martin County,72.145734383,,35522.0,8.8260698553,0.0832575068,0.532,0.7372850348,0.8114358323,0.0662816643,0.0003590664,0.0006405564,7.1,1.0,0.1389270977,6.5,0.453,14340.516625,70.597751746
21161,KY,Mason County,47.15498271,14.840961852,56706.0,6.6361240397,0.0515081206,0.209,0.8516220974,0.8195467013,0.0731815494,0.0005315693,0.0049284484,7.9,0.0,0.1138088012,7.1,0.265,12340.344996,72.223066492
21163,KY,Meade County,37.183936539,19.154619932,69228.0,4.1336750544,0.0457884845,0.139,0.9057981389,0.8961844786,0.0626637035,0.0002323189,0.000730145,8.9,0.0,0.1074540174,7.6,0.497,9457.390339,75.075555919
21165,KY,Menifee County,58.05974876,,44734.0,6.1077318618,0.062310688,0.359,0.7835904315,0.7607875995,0.0673469388,0.0004843397,0.0033407572,7.4,0.0,0.0962441315,6.7,0.651,16657.394026,70.009218172
21167,KY,Mercer County,53.222158159,17.1885821,67348.0,4.0999512263,0.0405856918,0.176,0.9108587918,0.8556418956,0.0647606671,0.0002625821,0.00129887,8.3,0.0,0.093714927,8.0,0.406,10738.084164,73.411193631
21173,KY,Montgomery County,80.215165385,12.053199462,54848.0,4.608682673,0.0478373702,0.185,0.8495310729,0.8908675799,0.0658923005,0.0004961196,0.0046271953,8.0,1.0,0.1246511628,7.1,0.388,13179.622783,71.888312759
21175,KY,Morgan County,38.946497249,16.457833728,44587.0,4.909636373,0.0512585812,0.274,0.8109370439,0.8203075627,0.0858921162,7.23589e-05,0.0024504656,7.3,0.0,0.1321388578,6.8,0.463,11957.93984,73.004036632
21177,KY,Muhlenberg County,18.557736393,19.530078278,52291.0,4.6461545143,0.060995347,0.254,0.8461573546,0.8370612382,0.0687842183,0.0003257966,0.0008505627,8.3,0.0,0.1086861632,7.2,0.36,12122.998172,72.904494169
21179,KY,Nelson County,46.828437633,22.33354839,65928.0,3.9242983517,0.0358274536,0.162,0.9189639737,0.8921062437,0.0542819903,0.0005308081,0.0015503876,8.5,1.0,0.1037709882,8.7,0.399,10516.376491,74.235038575
21181,KY,Nicholas County,52.744934289,,52978.0,5.4868657203,0.0427013931,0.254,0.8374203514,0.7632058288,0.0705809832,0.000129668,0.0003903201,7.9,0.0,0.1135531136,7.7,0.645,11023.98269,72.679113366
21185,KY,Oldham County,16.088535699,15.828311839,120818.0,3.8003418496,0.0338348154,0.05,0.941405141,0.9474551365,0.0364521132,0.000596928,0.0013821011,9.2,0.0,0.0718030545,9.1,0.461,5388.8566122,79.714395933
21187,KY,Owen County,50.593732329,18.901688146,64868.0,5.0569527897,0.0373524289,0.189,0.8409494796,0.7563952124,0.0764097431,0.0003541704,0.0005303633,8.3,0.0,0.1104441777,7.9,0.632,12546.413964,72.641591315
21189,KY,Owsley County,81.879963973,,35000.0,6.2150336574,0.0660550459,0.42,0.7298115747,0.7284196547,0.0638573744,,0.0017495626,7.3,0.0,0.095890411,5.8,0.276,23920.396795,64.495247653
21191,KY,Pendleton County,56.98785019,17.610171417,71116.0,5.6349087051,0.0398133294,0.175,0.8474492811,0.7592349522,0.0679442509,0.0002738413,0.0005401756,8.1,0.0,0.1915303176,7.9,0.643,13014.59782,72.098030657
21193,KY,Perry County,94.122309464,9.5642523656,42519.0,5.3852555812,0.0560010023,0.37,0.7950609694,0.8664659524,0.0661239711,0.0011457625,0.0082924852,7.3,0.0,0.0853333333,6.7,0.28,21360.107996,65.678984073
21195,KY,Pike County,68.5276512,19.195762248,46402.0,5.9505162673,0.0566197481,0.277,0.8082315144,0.8037138533,0.0704611379,0.0007492464,0.0018223072,6.6,1.0,0.1433661706,6.8,0.316,16442.455614,69.327587604
21197,KY,Powell County,78.055888016,17.48859447,46014.0,6.7676842889,0.0439945493,0.284,0.826490216,0.7720890041,0.0623584906,7.61441e-05,0.0011563367,,0.0,0.1596998928,7.3,0.479,16951.625863,68.561898247
21199,KY,Pulaski County,47.776851607,21.885922397,54487.0,5.1727673486,0.0482866044,0.224,0.8490675865,0.8323302469,0.0791320017,0.0007184018,0.0048193863,7.3,0.0,0.1455157395,6.6,0.223,12730.824151,72.132216154
21203,KY,Rockcastle County,65.163825931,28.605444767,49406.0,5.0348469999,0.0465655941,0.26,0.8136419001,0.7892034848,0.0683210547,0.0004964319,0.0005558987,7.7,0.0,0.1173671689,7.2,0.375,16971.463533,69.202219468
21205,KY,Rowan County,78.451529129,11.74328273,51712.0,5.9537349652,0.0520730988,0.232,0.8729434536,0.9209202782,0.0617053924,0.0006435783,0.0060633373,7.4,1.0,0.1060090703,7.3,0.255,13748.940412,71.803158674
21207,KY,Russell County,22.086431569,25.814052254,47397.0,5.4467032967,0.053213327,0.251,0.8178837079,0.8048543689,0.0752975981,0.0003855475,0.0019147656,7.7,1.0,0.1103151862,7.0,0.255,12997.235266,72.080457835
21209,KY,Scott County,44.363301312,14.91446769,81956.0,3.6094011903,0.0334410659,0.126,0.9430028889,0.9077263891,0.0447250879,0.0005836709,0.0013296104,8.5,0.0,0.0876083392,8.2,0.297,8790.0696612,75.681537499
21211,KY,Shelby County,40.827991671,18.423668223,76693.0,3.7406646023,0.0348205855,0.135,0.881727437,0.9175910364,0.0702068166,0.0003507975,0.0018580228,8.7,0.0,0.1070695219,9.0,0.438,8676.2924079,76.216977123
21213,KY,Simpson County,29.158519433,23.164672116,60371.0,4.6915597044,0.0375990182,0.18,0.8916049936,0.8573286513,0.0587687147,0.0002535754,0.0009903441,8.1,0.0,0.1177285319,7.7,0.243,11054.795175,73.040605654
21215,KY,Spencer County,25.123523993,22.230228139,97726.0,3.8869013272,0.0369694642,0.079,0.9326978211,0.8858680261,0.0538929156,0.0003012653,0.0001948273,8.8,0.0,0.0834542816,,0.628,8169.9976089,76.223435299
21217,KY,Taylor County,54.882640493,12.924432484,52832.0,4.5481475084,0.0380095024,0.228,0.8869030349,0.8566450971,0.0637283805,0.0007242234,0.0026850206,7.9,0.0,0.0757420676,7.7,0.216,13038.254049,71.656637684
21219,KY,Todd County,40.390984732,17.545914366,57288.0,5.6986010183,0.0376098418,0.227,0.7981308411,0.7401894452,0.1264593348,0.0001628002,0.0005602689,8.1,0.0,0.1308840413,7.6,0.378,11429.77289,73.005812123
21225,KY,Union County,29.305460584,23.171319776,60771.0,4.8099222953,0.0485503517,0.199,0.9203144921,0.8898205928,0.0687359248,0.0002215003,0.0008393102,8.5,1.0,0.0658561297,5.3,0.28,10035.050989,73.34532542
21227,KY,Warren County,23.32559863,15.404034193,62108.0,4.5732200497,0.0393491615,0.147,0.8892481907,0.9123561098,0.0923537998,0.0006559193,0.0035857666,8.3,0.0,0.1585963537,7.7,0.182,9208.1630268,75.346133211
21229,KY,Washington County,33.076074972,22.589963541,59071.0,4.8462284958,0.0332526231,0.165,0.8916617386,0.812688172,0.0667909289,0.0003313453,0.0016303905,8.2,0.0,0.1099137931,7.7,0.345,10519.175185,74.202198536
21231,KY,Wayne County,30.287733468,22.069436392,42721.0,5.6809442223,0.0559225011,0.357,0.7940027002,0.8244892875,0.0785561211,0.0005117707,0.0016853933,7.1,0.0,0.0948440484,5.9,0.308,13029.295951,72.655321067
21233,KY,Webster County,28.599656804,22.725008676,59260.0,4.097594967,0.0420930682,0.192,0.8661164603,0.8504065041,0.0915871122,0.0001560915,0.0004714757,8.4,1.0,0.0945378151,6.4,0.443,15678.857738,70.092942035
21235,KY,Whitley County,60.763810163,23.105569236,43910.0,5.9308480543,0.0478070175,0.333,0.8310407475,0.8019896831,0.0674168763,0.0008662931,0.0180312288,7.6,1.0,0.1510763209,6.9,0.297,16850.03563,68.536368817
21237,KY,Wolfe County,99.935042223,35.916839054,40949.0,4.9445062808,0.0630331754,0.395,0.6598579041,0.7972495088,0.0755652519,0.0003073613,0.0022285896,7.3,0.0,0.1356275304,5.2,0.537,22193.406371,65.455137251
21239,KY,Woodford County,43.262218487,16.091060434,78344.0,4.4372137794,0.0311863025,0.127,0.9138684575,0.9090570604,0.0584056451,0.0007756233,0.0013202288,8.5,0.0,0.0851370851,7.7,0.359,9362.7605143,76.684202948
22001,LA,Acadia Parish,43.762432509,17.367025763,43133.0,6.1334486667,0.0371332775,0.315,0.8068257036,0.7952993636,0.0835958117,0.0003665689,0.0014870152,8.3,0.0,0.1254929251,6.9,0.371,14439.606763,70.606976923
22003,LA,Allen Parish,51.102247079,26.340095878,47937.0,5.9703195113,0.0419992632,0.234,0.7925916687,0.7712495104,0.0721925134,0.0001763124,0.0010853835,7.9,1.0,0.1171112557,6.4,0.376,13700.71989,70.659983085
22005,LA,Ascension Parish,51.35589896,12.821001481,89558.0,4.5177505415,0.0296692462,0.127,0.8866705534,0.9096914887,0.0647766739,0.0004440324,0.0012458977,8.7,1.0,0.1125124461,8.0,0.475,9275.6785968,76.318923382
22007,LA,Assumption Parish,44.505197571,12.789845231,54511.0,5.3995221781,0.0433792554,0.267,0.7821775453,0.8043942993,0.0969045251,0.0001450046,0.0003472222,8.2,0.0,0.1025331725,8.1,0.498,12175.033347,73.994663742
22009,LA,Avoyelles Parish,52.563309115,23.142734887,44650.0,5.9964274115,0.0421961326,0.373,0.7704079714,0.7588033012,0.0931500274,0.0002803548,0.0019787544,7.9,1.0,0.1502249913,5.6,0.451,14474.526044,71.074164537
22011,LA,Beauregard Parish,23.416039987,16.847437742,57108.0,4.9900921322,0.0358050993,0.195,0.8723360823,0.8845957198,0.0890604027,0.0004373497,0.0007874657,8.3,1.0,0.0917602996,6.0,0.441,11152.101882,73.41021837
22015,LA,Bossier Parish,14.778516704,14.956422312,71061.0,4.7972531066,0.0323392953,0.19,0.9069134458,0.8271883369,0.0829689417,0.000472341,0.0023344505,9.5,1.0,0.1569487983,7.0,0.267,8647.0678914,75.944593972
22017,LA,Caddo Parish,12.435748632,13.006466912,50773.0,5.8476256462,0.0405524044,0.317,0.875025113,0.8288399338,0.0823371323,0.0012570144,0.0078494253,9.6,1.0,0.1951012618,6.2,0.208,14192.521052,71.430548568
22019,LA,Calcasieu Parish,34.532986367,16.207181326,63912.0,5.40261213,0.0344509483,0.252,0.8939433194,0.8512111176,0.0805603147,0.0007891583,0.0028808261,7.5,1.0,0.1332812703,6.8,0.215,11760.695434,73.467422067
22033,LA,East Baton Rouge Parish,57.160975131,12.119303492,60205.0,5.7070376432,0.0339963245,0.25,0.9082483455,0.8997024081,0.0761406308,0.0008669736,0.0047495133,8.3,1.0,0.1759848264,7.2,0.306,12989.898247,73.187707433
22037,LA,East Feliciana Parish,47.075233197,13.787068441,58360.0,4.6246205516,0.0351098762,0.231,0.8469139239,0.7960526316,0.0664815672,0.0003102699,0.0045244162,8.1,0.0,0.0912576687,8.6,0.623,14292.444807,71.06038077
22039,LA,Evangeline Parish,28.724724807,24.627342884,46178.0,5.6191016978,0.0392622951,0.284,0.7912014823,0.7814542484,0.0817407684,0.0006518702,0.0007873024,8.0,1.0,0.1954451346,6.0,0.388,13358.55969,71.135148229
22043,LA,Grant Parish,22.559783426,17.310564391,58560.0,4.799864881,0.0371009491,0.254,0.8148689901,0.7766504517,0.0785504282,4.49721e-05,0.000775866,8.0,1.0,0.0737642586,7.0,0.324,11306.902456,72.880692792
22045,LA,Iberia Parish,33.447572143,14.885937589,51770.0,5.459004428,0.041164075,0.332,0.8318338796,0.8529532175,0.0862727517,0.0004639362,0.00159624,8.3,1.0,0.1590185428,7.0,0.307,13642.223654,71.685627385
22047,LA,Iberville Parish,50.328227571,11.680619046,54265.0,5.0156582788,0.0417596659,0.316,0.8102585881,0.8386511965,0.0785320582,0.0003017704,0.0029712665,7.5,1.0,0.1335162323,8.2,0.319,13473.15316,71.891074879
22049,LA,Jackson Parish,24.288458566,12.884243719,51215.0,5.1106820435,0.0327455919,0.277,0.8566304861,0.7361656551,0.073645497,0.0002016671,0.001152855,8.3,1.0,0.1109040075,6.0,0.329,11806.535306,73.346100637
22051,LA,Jefferson Parish,66.025862323,14.202042917,61168.0,5.0199442173,0.0346731554,0.232,0.865504896,0.8696959082,0.1090153123,0.000922322,0.0032552747,8.1,0.0,0.170500986,7.6,0.333,10824.921551,75.182297337
22053,LA,Jefferson Davis Parish,54.405256385,13.062288129,62563.0,5.906928991,0.0376894715,0.231,0.8274042951,0.7632433356,0.0834192735,0.0003710002,0.0019966406,8.2,0.0,0.1061674009,7.2,0.5,13402.696625,71.335254725
22055,LA,Lafayette Parish,45.76293446,14.325938485,64181.0,5.5719475277,0.0319157177,0.213,0.899163566,0.9094276196,0.0866728662,0.001076964,0.0042282282,8.2,1.0,0.1448669003,7.3,0.259,9850.2817447,75.759984478
22057,LA,Lafourche Parish,37.460906623,12.39038281,60107.0,5.3078199363,0.0316852789,0.257,0.8285011688,0.8502821082,0.0820255202,0.0005025435,0.0021040229,8.5,0.0,0.1235924197,7.1,0.369,10655.661585,74.560347861
22061,LA,Lincoln Parish,9.1015381599,12.588519734,47851.0,7.2968674366,0.037736738,0.273,0.8939078414,0.7958671828,0.0803731511,0.0006645622,0.0046495142,8.5,1.0,0.1700507614,5.5,0.211,10121.571138,74.971476925
22063,LA,Livingston Parish,78.083617966,16.724270111,73745.0,4.3608836948,0.0297258538,0.181,0.8755863672,0.9058837273,0.0709776313,0.000205719,0.0013320457,8.7,1.0,0.1043837029,7.7,0.584,11381.527813,73.889545914
22067,LA,Morehouse Parish,42.063556677,20.01431662,37255.0,5.8333980834,0.059369783,0.45,0.8307100592,0.7151037938,0.078731098,0.0002397602,0.0040075141,8.5,1.0,0.1845238095,5.8,0.402,17460.434734,68.173509542
22069,LA,Natchitoches Parish,26.045408823,15.175096186,47476.0,7.3812805978,0.040641033,0.295,0.8733107345,0.8069180607,0.0745219749,0.000540161,0.0043536965,8.4,1.0,0.1652742463,6.1,0.263,15749.999313,70.401656064
22071,LA,Orleans Parish,90.125295284,10.292348702,53729.0,7.8737468862,0.0445859147,0.326,0.8914638151,0.8351863795,0.0797533143,0.0011167968,0.0067996573,7.9,0.0,0.2513970048,7.0,0.271,13811.44426,73.670927903
22073,LA,Ouachita Parish,33.481976247,17.890233536,52904.0,6.7090844821,0.0378371414,0.294,0.879532859,0.8065916716,0.0760751832,0.0009384763,0.0055087327,7.3,1.0,0.1754850842,6.1,0.216,13454.831145,71.951383919
22075,LA,Plaquemines Parish,53.676086578,15.50220418,71460.0,4.6937630521,0.03267773,0.195,0.8564115856,0.887195122,0.0847881656,0.0002145646,0.0019208434,8.3,1.0,0.1635572139,6.1,0.421,9581.9004032,75.828962944
22077,LA,Pointe Coupee Parish,43.52311561,14.567591733,57045.0,6.2654417108,0.0375510204,0.278,0.8153739612,0.8000487686,0.0769681578,0.0002947534,0.00125,7.9,0.0,0.1412190706,6.5,0.494,13129.346381,72.280266365
22079,LA,Rapides Parish,53.848755235,16.976518905,52379.0,5.3526687351,0.0349305048,0.259,0.8741758947,0.8536374846,0.0793241667,0.0008394609,0.0058926026,7.3,1.0,0.1500513875,6.0,0.221,15366.004809,70.449233202
22083,LA,Richland Parish,33.531729399,15.166634134,45093.0,5.285118288,0.0457940492,0.371,0.7951360569,0.6803199559,0.0890945142,0.0006563999,0.0061891234,8.3,1.0,0.1701388889,6.9,0.383,13499.055009,71.539745654
22087,LA,St. Bernard Parish,87.986860629,11.420497149,52139.0,5.5296830251,0.0420324021,0.257,0.8126802142,0.8547111308,0.089668616,0.0002485426,0.0032836291,7.9,0.0,0.1700064641,5.8,0.492,13012.842913,73.155863421
22089,LA,St. Charles Parish,45.435056666,13.028058869,81482.0,4.7885315265,0.0320892495,0.19,0.8906579322,0.9256256041,0.0545139959,0.0003442868,0.0015013829,8.6,0.0,0.1239270386,7.6,0.427,9796.1029537,75.321733304
22091,LA,St. Helena Parish,53.43391482,,46835.0,6.5387618081,0.0528531338,0.351,0.811016271,0.6827603024,0.0833636695,0.0001832845,0.0008353443,7.8,0.0,0.1165413534,6.7,0.59,19091.822802,69.983794037
22093,LA,St. James Parish,38.402457757,10.706258692,64089.0,5.2139254744,0.0446801309,0.23,0.8862292718,0.8554330285,0.0595982878,0.0002532671,0.0008337241,8.5,1.0,0.0723375754,8.1,0.46,11081.801064,74.524663265
22095,LA,St. John the Baptist Parish,31.331844401,9.2459099196,63183.0,4.1446756509,0.0441246495,0.279,0.8673784363,0.8940490551,0.0692631318,0.000332589,0.003662356,8.6,0.0,0.1303772336,7.4,0.531,11024.332993,73.628950202
22097,LA,St. Landry Parish,39.545995662,21.136598289,43051.0,6.0660513593,0.0447686117,0.299,0.805813605,0.7063341551,0.0853583025,0.0006701515,0.0023691447,8.3,1.0,0.156167979,6.4,0.405,16088.88905,69.647799499
22099,LA,St. Martin Parish,39.170358955,16.296859548,54516.0,5.5448376151,0.035662366,0.27,0.8287860252,0.8160597105,0.0787168532,0.0002134265,0.0014689465,8.5,1.0,0.129255183,7.5,0.396,11427.199442,73.313374288
22101,LA,St. Mary Parish,48.492909644,16.878759009,51179.0,5.8495902298,0.0419705157,0.311,0.8058614726,0.8702485966,0.09313324,0.0004353956,0.001402614,8.0,1.0,0.1535146782,6.5,0.256,13601.367694,71.826945749
22103,LA,St. Tammany Parish,50.73831065,18.422066737,78484.0,4.5134978061,0.032631438,0.145,0.9140412922,0.925256085,0.080252259,0.0007721205,0.0029609954,9.0,1.0,0.1325847223,7.6,0.474,8688.3345327,76.543544781
22105,LA,Tangipahoa Parish,66.49878982,15.316685632,55432.0,5.4644381543,0.0428885247,0.264,0.8386994771,0.8793209938,0.0842488197,0.0003993581,0.0024771121,7.5,1.0,0.1543707378,6.0,0.443,13159.996441,72.060958773
22109,LA,Terrebonne Parish,55.048198099,12.103178158,62566.0,4.9066714836,0.0337901962,0.221,0.8326575128,0.8585836859,0.0954699531,0.0004783457,0.0025671711,7.4,0.0,0.1248808389,6.9,0.283,11983.559617,73.186461338
22111,LA,Union Parish,25.007033228,18.830882681,52753.0,6.4185303514,0.0416666667,0.287,0.8638814016,0.6461743664,0.0741637464,0.0001896544,0.0017433414,8.5,1.0,0.1323337679,5.7,0.52,14498.521572,71.11736144
22113,LA,Vermilion Parish,33.422845091,16.380457793,53711.0,5.2632647537,0.0363590981,0.236,0.8406701968,0.8861914758,0.0814637149,0.0004195511,0.0005790286,8.3,1.0,0.0915199259,7.3,0.442,10383.585135,74.077740485
22115,LA,Vernon Parish,20.954403219,20.135241206,55872.0,4.6674917492,0.0458338446,0.211,0.8756409403,0.8701701025,0.0756939674,0.0002706811,0.0020540541,8.1,0.0,0.1036779612,5.0,0.29,11102.121827,72.958113719
22117,LA,Washington Parish,76.509405507,21.889039072,45073.0,5.6105504587,0.0427046263,0.311,0.8408695091,0.707438672,0.0742825639,0.0001994106,0.0016271035,8.8,0.0,0.1295709761,6.8,0.408,17972.497506,68.932705153
22119,LA,Webster Parish,15.486927211,20.11416169,47088.0,5.3199092456,0.0440646847,0.288,0.86242308,0.607411422,0.0803629294,0.0006356401,0.002554061,8.8,1.0,0.1790289953,5.4,0.326,15963.932924,69.532801441
22121,LA,West Baton Rouge Parish,44.784429543,13.757741943,73173.0,4.0572338364,0.0328243185,0.194,0.8940220187,0.9120192308,0.0576678507,0.0001799079,0.0009905894,8.6,0.0,0.1086065574,7.9,0.376,11218.285045,74.485588312
22123,LA,West Carroll Parish,37.018340905,,47030.0,5.2323439099,0.0621387283,0.303,0.8368804882,0.6384516129,0.090080429,0.0005211591,0.0006435697,8.3,1.0,0.1054054054,7.3,0.344,12773.807622,71.743159075
22125,LA,West Feliciana Parish,71.21277514,20.860221385,74368.0,4.5779924599,0.0264365706,0.19,0.8459494213,0.8780363078,0.0525700935,0.0005163289,0.0011059788,,0.0,0.1246753247,7.3,0.515,14259.278443,73.719790582
22127,LA,Winn Parish,37.007796309,20.009493729,48430.0,6.2823129252,0.0421074466,0.307,0.843526855,0.7689944706,0.0802261115,0.0004448399,0.0006809927,7.9,1.0,0.0634920635,7.1,0.379,15957.979451,70.103239306
23001,ME,Androscoggin County,54.419068923,17.19015233,63456.0,4.2942728335,0.0295966962,0.166,0.9246509604,0.8914908218,0.081118308,0.0007385125,0.0050894388,5.1,0.0,0.126939043,8.2,0.365,10327.025011,74.996987652
23003,ME,Aroostook County,51.762410536,18.82789702,56361.0,4.7850492511,0.0389587701,0.152,0.9118232881,0.800667026,0.1041454575,0.0011217637,0.0065774821,5.7,1.0,0.1119557706,7.4,0.196,10576.074499,74.99417416
23005,ME,Cumberland County,34.475451612,13.266539222,96255.0,4.3191202101,0.0239970635,0.073,0.965015732,0.9154327208,0.066900255,0.0016577608,0.0084034426,7.6,1.0,0.1360479422,8.8,0.309,6232.1380827,79.543597172
23007,ME,Franklin County,37.716174692,22.33676644,56509.0,4.4283583802,0.0353853963,0.156,0.938439612,0.8395279762,0.0888296895,0.0010442281,0.0032438043,5.4,1.0,0.1052412646,7.9,0.376,9716.3201592,76.241970091
23009,ME,Hancock County,35.718325287,17.083729775,72647.0,4.5250136874,0.0323377889,0.132,0.9495393537,0.8908050576,0.1149737909,0.0010499715,0.0047057991,2.8,1.0,0.1182327318,8.5,0.375,7939.8037574,78.127151808
23011,ME,Kennebec County,44.238178352,17.957167137,64643.0,4.3027903599,0.0261452586,0.147,0.948388305,0.8979531296,0.0811641751,0.0011085584,0.0058227709,6.0,0.0,0.1142180095,8.3,0.332,9352.6717525,76.132641394
23013,ME,Knox County,40.916865113,22.62149703,70533.0,4.0214440411,0.0287100485,0.13,0.9429517382,0.8989376495,0.1026923077,0.0010709765,0.0054908851,5.1,1.0,0.1158014832,8.7,0.215,7638.3532559,78.887239047
23015,ME,Lincoln County,40.255387669,23.396385031,74569.0,3.9742756566,0.0278586279,0.138,0.9485613071,0.8679711129,0.1008230453,0.0010885341,0.0021091845,5.8,0.0,0.1112556929,8.8,0.373,7244.9253644,78.853132707
23017,ME,Oxford County,39.147603486,25.091703016,60220.0,4.6389411718,0.0318950059,0.194,0.9261008753,0.8564193467,0.1103090957,0.0006651998,0.0030548368,5.1,0.0,0.1316772917,7.7,0.436,9427.7428066,76.083703251
23019,ME,Penobscot County,63.301638858,17.639543021,65215.0,4.7175473171,0.0306417163,0.13,0.9453120066,0.8762525282,0.0880363085,0.0013550224,0.0066833213,4.6,1.0,0.123626811,7.8,0.27,10048.752098,75.248730081
23021,ME,Piscataquis County,54.286711389,26.373825397,51787.0,4.4359224537,0.041971831,0.2,0.9199791961,0.8359018617,0.0908288534,0.0005825808,0.0024019215,4.7,1.0,0.1358885017,7.8,0.318,9532.358546,75.439627512
23023,ME,Sagadahoc County,25.337532124,16.613817741,83180.0,4.3327229445,0.0230453103,0.109,0.9477371643,0.925935085,0.0779685012,0.0006474063,0.0023725109,6.3,0.0,0.1161838791,8.6,0.356,5913.7592907,80.097030753
23025,ME,Somerset County,49.893320204,25.149250714,56422.0,4.4755497624,0.0417421224,0.18,0.9285245213,0.8534547214,0.0968986268,0.0005732132,0.0020856887,5.5,1.0,0.1296596434,7.5,0.411,10674.779938,74.388435627
23027,ME,Waldo County,42.47310037,21.283817082,68345.0,4.2749006761,0.0302523489,0.185,0.9370451966,0.8876173037,0.1043734544,0.0008017639,0.0032496307,5.1,1.0,0.1295381934,8.1,0.377,9085.4519766,76.498092407
23029,ME,Washington County,75.507013644,28.36644408,48104.0,5.3366798499,0.0412686567,0.207,0.9115757706,0.827292873,0.1162478762,0.0004177244,0.0070036444,4.3,1.0,0.1282051282,7.2,0.265,13436.696513,72.340642529
23031,ME,York County,39.038771747,19.512948715,85445.0,3.9161519941,0.0259565233,0.089,0.950962645,0.9131301939,0.0708628521,0.000675704,0.0046389064,6.9,1.0,0.128874481,8.6,0.414,7330.5357898,78.642641154
24001,MD,Allegany County,58.521455429,14.950273119,54759.0,4.8214301334,0.0280203903,0.223,0.8972502712,0.8383510716,0.0611052621,0.0005315301,0.0040729565,6.3,1.0,0.1166334119,6.7,0.202,11358.291688,73.48711096
24003,MD,Anne Arundel County,41.723302606,12.090013854,116956.0,3.7078482589,0.018370455,0.069,0.9377947167,0.9485514441,0.0518538311,0.0006724984,0.0028339237,7.1,0.0,0.1206328882,8.8,0.455,7000.582826,78.817704558
24005,MD,Baltimore County,50.922191367,10.315536803,86807.0,4.4207173732,0.0218823044,0.103,0.9169863554,0.905073739,0.0598936036,0.0008642249,0.004355377,7.5,0.0,0.1549567186,8.4,0.441,8667.4891944,76.889873471
24009,MD,Calvert County,33.739030376,9.6282891445,124486.0,3.4777584222,0.0187890175,0.064,0.9490818675,0.929042855,0.0437114915,0.0004790904,0.0025124567,6.2,0.0,0.0932824427,8.9,0.611,6741.5169341,78.668802593
24011,MD,Caroline County,47.851182821,11.808526783,63491.0,4.1353829914,0.021274067,0.163,0.8400770713,0.8628191446,0.0869596936,0.0002995267,0.0006846664,6.5,0.0,0.1541997493,7.9,0.514,10060.635868,74.462060408
24013,MD,Carroll County,35.502730237,11.745682716,113885.0,4.0115259677,0.0170637003,0.058,0.9487405407,0.9147699529,0.043188175,0.000442852,0.0027174067,7.9,0.0,0.0937127414,8.7,0.579,6289.288408,78.239522776
24015,MD,Cecil County,90.307622348,14.935844342,87592.0,4.3233364574,0.0220263513,0.128,0.9154195416,0.9068007567,0.0539573741,0.0003945912,0.0026875615,5.6,1.0,0.1304628911,7.8,0.481,11662.405953,73.702899116
24017,MD,Charles County,35.768506228,11.24117461,105141.0,3.5155249487,0.02171808,0.09,0.9432447107,0.928686523,0.0491738241,0.0003793762,0.0021515005,7.1,0.0,0.139748882,9.2,0.688,8696.4466685,76.714927876
24019,MD,Dorchester County,57.691515226,15.086358391,63087.0,5.2020550727,0.0227747084,0.232,0.8681754251,0.8556739718,0.0700032185,0.0003385761,0.0027373095,4.4,0.0,0.1474285714,7.6,0.392,12186.56914,74.159078955
24021,MD,Frederick County,24.156476279,12.230958141,114089.0,3.6394800473,0.0195036629,0.073,0.934170605,0.9259972301,0.0516291982,0.0005610449,0.0031221135,7.7,0.0,0.115812119,8.7,0.485,5696.5979753,80.01802129
24023,MD,Garrett County,25.541894512,16.194180009,65991.0,4.3459032577,0.02316058,0.146,0.8985021862,0.8315161162,0.083973732,0.0004877709,0.0027090736,4.6,0.0,0.107748184,7.7,0.296,8313.8327851,76.813367064
24025,MD,Harford County,42.621122467,12.342879698,104553.0,4.1057411273,0.0197777051,0.077,0.9462798891,0.9226795385,0.0463712557,0.0005399712,0.0027773159,5.8,1.0,0.1182415102,8.6,0.527,7205.2736273,77.872771708
24027,MD,Howard County,15.228324684,7.4198431734,140113.0,,0.0170542225,0.063,0.9525118654,0.9615211634,0.0429645849,0.0018354164,0.0042648683,7.0,0.0,0.1247087728,9.2,0.444,4573.2871421,82.493536741
24029,MD,Kent County,31.151569693,14.768448997,69781.0,4.2578854475,0.0236092816,0.191,0.9180421989,0.8121922626,0.0708850932,0.0007265179,0.0021240222,4.6,0.0,0.138721351,8.4,0.353,8862.8813013,76.754948357
24031,MD,Montgomery County,14.244274751,7.9789981868,125076.0,,0.018644006,0.071,0.912479471,0.9527251915,0.077231982,0.0013471403,0.0043326525,5.9,0.0,0.1684928648,8.9,0.517,4785.2791443,83.171724821
24033,MD,Prince George's County,24.147468126,6.1354941918,97171.0,3.9621172582,0.0224828738,0.139,0.8673856583,0.9286244943,0.1090987809,0.0004961761,0.0023695682,5.9,0.0,0.195870941,9.1,0.611,8436.2903437,77.595857156
24035,MD,Queen Anne's County,37.091022671,10.230733604,112527.0,4.2485672617,0.0178034191,0.079,0.9359355807,0.8700412487,0.0599701981,0.000314973,0.0016188009,6.3,0.0,0.1226539783,8.6,0.513,6443.6581138,79.611291636
24037,MD,St. Mary's County,35.17114687,12.612033072,102345.0,3.9400292448,0.0197497904,0.105,0.9236940469,0.9093021584,0.0533622872,0.0003669148,0.0015180299,6.3,1.0,0.1308562197,8.5,0.39,8104.5214359,76.953682296
24039,MD,Somerset County,61.676253302,14.794344129,51841.0,5.735462423,0.0315789474,0.267,0.8495325454,0.8351012536,0.0613870362,0.0003660918,0.0032918507,6.3,0.0,0.1983980283,7.4,0.398,10152.218259,73.968631585
24041,MD,Talbot County,42.655291922,12.730495033,80371.0,5.1126322152,0.0219666475,0.139,0.9196773062,0.8921102955,0.0750932481,0.0011694041,0.0049176427,6.0,0.0,0.1458461538,8.1,0.322,8048.8948849,78.899352024
24043,MD,Washington County,65.414265075,13.77121846,71685.0,4.7108571429,0.0231367448,0.154,0.8867542228,0.8712023026,0.0763661438,0.0005486101,0.0032539005,6.6,0.0,0.1351697083,7.6,0.396,10710.38039,74.507730598
24045,MD,Wicomico County,37.743815452,10.688814449,70975.0,4.3161349693,0.025409254,0.198,0.8939784229,0.8863715842,0.0803748359,0.0006443547,0.004351145,6.7,1.0,0.1602027883,7.5,0.267,9976.7592131,74.909138131
24047,MD,Worcester County,31.994780459,10.985488653,75459.0,4.3106856964,0.0332173981,0.143,0.936963175,0.900365132,0.0707009555,0.0008469472,0.0031382105,6.8,0.0,0.165227021,7.8,0.264,7635.04356,78.527657982
24510,MD,Baltimore city,144.06427483,9.5903768558,58616.0,6.4622551721,0.0291641601,0.262,0.8720281969,0.8311546319,0.0657210826,0.0011587204,0.0066856675,6.5,0.0,0.2148063456,7.9,0.41,15997.640846,70.612938747
25001,MA,Barnstable County,41.001014701,14.752747443,89448.0,4.658597098,0.0419334701,0.115,0.9638265609,0.937473903,0.0297910471,0.000899269,0.0054588215,5.9,0.0,0.1647226608,8.6,0.289,7271.5884668,79.492382397
25003,MA,Berkshire County,49.594974376,15.06067091,74535.0,4.9951817933,0.0361783481,0.165,0.9369589507,0.8926163809,0.0280164688,0.0010959373,0.0101168604,7.8,0.0,0.15047276,8.4,0.253,8525.3160627,77.651376502
25005,MA,Bristol County,50.897598548,11.861767821,81047.0,5.383401387,0.0409776802,0.184,0.8624790141,0.8862283701,0.0336052355,0.0005050296,0.0059896088,6.3,1.0,0.1639049229,8.6,0.408,7889.6046169,77.363279094
25007,MA,Dukes County,33.655302393,18.994175361,94059.0,4.655846493,0.0435586604,0.116,0.9524586051,0.9243412116,0.0412087912,0.000474001,0.0062442961,5.5,0.0,0.1970588235,8.7,0.112,4473.343756,83.066813322
25009,MA,Essex County,37.129402412,8.013244464,96303.0,5.3974760004,0.0347461629,0.125,0.9014012204,0.9144367869,0.034847725,0.0007409482,0.0068548024,5.6,1.0,0.1982725029,8.9,0.424,5853.428871,79.665190533
25011,MA,Franklin County,44.302842923,12.07481406,71256.0,4.4994145395,0.0285405623,0.146,0.9392193789,0.8985649883,0.0256555903,0.0006336689,0.0097266926,8.4,0.0,0.1573562845,8.4,0.342,6666.4881196,79.295952345
25013,MA,Hampden County,51.954789965,9.918837518,67155.0,5.5477647059,0.0425680803,0.264,0.8717729885,0.872753329,0.0327297576,0.0006656322,0.0116687052,8.6,0.0,0.1738584911,8.1,0.284,8991.5883688,76.294570856
25015,MA,Hampshire County,27.390997218,9.2782846479,80839.0,4.835768039,0.029490221,0.117,0.9548463877,0.9153472559,0.0251080037,0.0012811626,0.0112490923,6.8,0.0,0.1497414005,8.2,0.371,5587.2528869,80.185190071
25017,MA,Middlesex County,24.332679367,7.2884859968,123288.0,4.9388341056,0.0286262274,0.076,0.934359601,0.9420356009,0.0238718066,0.0012460195,0.0071874046,6.7,1.0,0.1601624128,9.4,0.467,4415.9245222,81.54482622
25019,MA,Nantucket County,24.821286736,,108671.0,,0.0579443832,0.066,0.9599043062,0.9504754358,0.0376680865,0.0004140501,0.0043616727,5.3,0.0,0.1836228288,9.5,0.117,4854.8684321,82.841520086
25021,MA,Norfolk County,25.191658042,7.6830981578,123449.0,,0.0307343574,0.066,0.9435940236,0.9423896975,0.0235085703,0.0011966791,0.007146657,5.3,1.0,0.1581781062,9.5,0.513,4629.1034326,81.187887697
25023,MA,Plymouth County,37.551657116,10.159511941,107828.0,4.7315361555,0.0353212544,0.085,0.9323548724,0.9204159307,0.0243209029,0.0006341428,0.0064785133,7.6,1.0,0.1504801202,9.3,0.49,6525.1401894,78.783263559
25025,MA,Suffolk County,42.065519612,6.2872379605,91386.0,7.6494989074,0.0323119985,0.203,0.8760720139,0.902648797,0.0305834492,0.0015740783,0.0110928197,8.5,0.0,0.2398394619,8.8,0.486,6117.1976561,80.102604018
25027,MA,Worcester County,39.504057681,8.5223141772,93561.0,4.9909919777,0.0349672565,0.134,0.9131005679,0.9183192158,0.0322700659,0.0009338433,0.0060643744,8.1,1.0,0.15330557,8.8,0.445,6707.3115843,78.754918404
26005,MI,Allegan County,14.677903109,15.767871717,78772.0,3.7215470499,0.0341156657,0.122,0.9205231993,0.9000088921,0.0572876624,0.000206697,0.0010825085,6.0,0.0,0.0959538879,8.4,0.322,6999.4565183,77.553383824
26009,MI,Antrim County,18.179021409,13.359357291,72369.0,3.8457878198,0.0535611442,0.157,0.9439662262,0.8794634765,0.0676543781,0.0006719019,0.0006145274,6.6,0.0,0.1112759644,8.4,0.397,7258.8386924,78.77828533
26011,MI,Arenac County,24.435213364,,56213.0,3.8236618872,0.0692346007,0.228,0.8862433862,0.8483102321,0.0644751181,0.0004006678,0.0019148234,6.1,0.0,0.1041335453,7.7,0.351,11697.476357,73.925770789
26015,MI,Barry County,15.906090442,15.457932018,75377.0,3.7427519305,0.0354161015,0.106,0.9308438932,0.8607071162,0.054901343,0.0003016256,0.0013007773,7.7,1.0,0.103669915,8.8,0.48,6873.1547747,77.898107168
26017,MI,Bay County,34.718504314,14.966147269,59523.0,4.3800434164,0.0492809435,0.161,0.9182945654,0.8786650934,0.0570078936,0.000446667,0.0029365854,4.7,0.0,0.1154316187,7.4,0.278,9514.906422,75.148229796
26019,MI,Benzie County,25.748547046,18.937049286,65594.0,3.7082739791,0.0495060373,0.141,0.9391765887,0.9195017412,0.0678353659,0.0006036328,0.0017894908,6.6,0.0,0.100513573,,0.389,9354.1417802,77.121465185
26021,MI,Berrien County,25.706604855,13.421306569,62758.0,4.8312681944,0.042089966,0.17,0.9232258662,0.8585096856,0.0694386975,0.0007968596,0.0031656169,8.8,1.0,0.1455721158,7.2,0.222,9398.491409,75.975996443
26023,MI,Branch County,12.035504739,16.936893374,57641.0,3.8711555322,0.0388627936,0.204,0.8864786463,0.8377260371,0.0823623715,0.0003556741,0.0017914409,8.0,0.0,0.1112781955,7.5,0.259,8391.2320508,76.063902228
26025,MI,Calhoun County,43.175737731,17.365399374,58617.0,4.4370967742,0.0434156911,0.194,0.9091424583,0.8821657839,0.0615341441,0.0005754041,0.0040190153,8.0,0.0,0.1272676003,7.0,0.228,10979.176653,73.577767444
26027,MI,Cass County,16.18437237,19.004982686,68720.0,4.6404279835,0.0443244135,0.167,0.9019491388,0.8779932666,0.0687924567,0.0002136628,0.0010650246,8.7,1.0,0.1031151896,8.0,0.373,9385.339612,76.09176432
26029,MI,Charlevoix County,26.757046022,18.323574224,78405.0,3.9953370675,0.0456899178,0.13,0.9531757305,0.8968727035,0.0619784833,0.0008433643,0.0032111319,6.5,0.0,0.0960067969,8.5,0.244,7719.4893402,78.010469213
26031,MI,Cheboygan County,16.870628236,22.59044158,61488.0,4.1994768828,0.081987697,0.229,0.8969056679,0.8537696384,0.0753563043,0.0005436471,0.0014204545,6.1,0.0,0.1180880975,7.4,0.354,10234.47089,75.394751662
26033,MI,Chippewa County,11.810987853,20.590434031,59852.0,4.2388588331,0.0591075795,0.175,0.9283814441,0.8557726978,0.0748695794,0.0007062147,0.0044948158,5.8,0.0,0.1403126136,6.8,0.196,7384.9540265,77.19160878
26035,MI,Clare County,27.900588059,22.054509481,47793.0,4.1291043109,0.0631206868,0.288,0.8817916431,0.809218107,0.0830357527,0.0002897151,0.0012453698,6.9,0.0,0.1369276851,6.8,0.421,10912.275442,73.673931039
26037,MI,Clinton County,11.300522754,13.49100116,91911.0,3.9948510574,0.0333135603,0.073,0.955165727,0.8979689596,0.0441108403,0.0003021681,0.0014801806,7.5,0.0,0.0886979082,7.8,0.29,5259.9455335,79.857388417
26041,MI,Delta County,10.075197611,23.551596868,58072.0,4.6455514208,0.0520169851,0.168,0.9243419845,0.8525786164,0.063091716,0.0008146418,0.0017396032,6.3,0.0,0.1006690029,7.4,0.161,8625.0124869,76.485994201
26043,MI,Dickinson County,24.748283902,19.497730214,61704.0,3.9775671406,0.0379936809,0.144,0.9578859148,0.8636478838,0.0505747126,0.0007368054,0.0038873066,5.9,0.0,0.0881965774,7.6,0.162,8875.8372619,76.802442098
26045,MI,Eaton County,23.469599249,18.319216621,73130.0,3.591507899,0.0361206306,0.12,0.9451221081,0.8998337582,0.0479038439,0.000330445,0.002168719,7.8,0.0,0.1014589598,7.8,0.272,7898.0743163,77.066233764
26047,MI,Emmet County,13.761918805,15.375474733,77292.0,4.3825329354,0.0573282856,0.106,0.9601277804,0.9040673788,0.0645072634,0.0011687363,0.0046010023,6.3,0.0,0.0990896359,7.8,0.226,6729.748135,78.691491944
26049,MI,Genesee County,51.858610965,14.782949108,60192.0,4.5597836366,0.0496566211,0.248,0.9089138716,0.8754680691,0.051969318,0.0008287812,0.0036461265,6.1,1.0,0.1411418696,6.8,0.349,12111.510458,73.085697666
26051,MI,Gladwin County,35.231024179,18.255694051,51395.0,4.2452881514,0.0586759313,0.221,0.8891620462,0.843761302,0.0771880719,0.0001569551,0.001508529,6.5,0.0,0.1404573028,7.2,0.443,11069.466488,73.981412551
26053,MI,Gogebic County,35.275857203,18.135618272,48043.0,4.7125671628,0.0474501857,0.261,0.9582366589,0.8361750497,0.0610058526,0.0008355964,0.0022497188,5.3,0.0,0.0989660266,7.5,0.183,9301.0236058,76.602151514
26055,MI,Grand Traverse County,18.536912939,16.243763878,82824.0,3.8289012233,0.0338639991,0.091,0.9512586961,0.9085766239,0.0573378473,0.0013248487,0.005673038,6.9,0.0,0.1329524799,8.0,0.208,6589.1386424,78.720786589
26057,MI,Gratiot County,13.829345872,16.362860314,60251.0,3.9881496881,0.0437252827,0.194,0.9186584426,0.8439115154,0.0511327989,0.0004814173,0.0023448076,6.9,0.0,0.0962314939,6.4,0.307,8638.4508961,75.506616283
26059,MI,Hillsdale County,19.712921455,23.211540433,58676.0,3.980534406,0.0424175081,0.189,0.904941759,0.836207862,0.0658627882,0.0001976024,0.0017548863,8.0,0.0,0.1218546791,7.8,0.36,8806.5909786,75.33581386
26063,MI,Huron County,12.882032785,12.428776326,59319.0,4.3370063541,0.0433639104,0.181,0.91885122,0.8078201792,0.0703586219,0.0005759631,0.0015843761,6.3,0.0,0.0886827458,7.4,0.222,7757.4943558,76.612541577
26065,MI,Ingham County,41.572003992,14.901083198,63483.0,4.9069829323,0.0386104426,0.167,0.9349916531,0.8943945919,0.0579094991,0.0011547913,0.0051925786,7.0,0.0,0.1628606293,6.7,0.192,9800.7777333,75.426501713
26067,MI,Ionia County,17.627002553,14.724164213,70177.0,3.6853643786,0.0361877577,0.148,0.9136557824,0.8718361312,0.0575798831,0.0002529875,0.0016298935,7.5,0.0,0.0882352941,7.9,0.44,6909.7889656,77.462451535
26069,MI,Iosco County,42.088649217,25.24721067,52734.0,4.6413712426,0.0596089652,0.272,0.8907571589,0.8302035112,0.0641562854,0.0003153455,0.0021676585,6.1,0.0,0.1,7.0,0.247,12006.43598,73.511624688
26071,MI,Iron County,32.048480611,35.293455363,49137.0,4.4527775277,0.0560292326,0.255,0.9344262295,0.8115427718,0.0767778477,0.0006875806,0.0011925043,5.4,0.0,0.1297935103,7.1,0.211,10774.286347,74.63431584
26073,MI,Isabella County,20.124368598,14.639350049,53213.0,5.223787696,0.0451549313,0.163,0.9195171026,0.8145698019,0.0661744915,0.0004937281,0.0038834649,6.8,0.0,0.175549227,7.1,0.212,9503.4766112,74.914330295
26075,MI,Jackson County,24.736078619,18.895641932,64070.0,4.0622025493,0.0402557015,0.189,0.9278817488,0.9008608183,0.0563069348,0.0004311153,0.0034938278,8.2,1.0,0.1250909679,7.2,0.29,9855.1066445,75.056371108
26077,MI,Kalamazoo County,20.805080499,16.302420843,67671.0,4.6701393497,0.0367703001,0.145,0.943293164,0.8986738948,0.0507181412,0.0009880969,0.0054230307,7.7,0.0,0.1303893637,7.7,0.208,7810.5065073,77.111987178
26081,MI,Kent County,17.511565984,11.198988485,79715.0,4.0641145176,0.0318217003,0.13,0.9228306972,0.9102997724,0.0547347619,0.0009361048,0.0052150588,7.8,1.0,0.1217676727,8.4,0.212,6629.5750983,78.461954322
26087,MI,Lapeer County,22.647662761,14.471366127,71515.0,3.9100200512,0.0410889902,0.123,0.9233229828,0.8761565011,0.0565522565,0.0003615288,0.0016296346,7.4,1.0,0.1077262693,8.3,0.54,8509.7512778,75.825929403
26091,MI,Lenawee County,26.41104388,15.44370208,65707.0,3.8676113233,0.0418089844,0.132,0.9137727652,0.8798154972,0.0543090124,0.000222321,0.0027276456,8.2,1.0,0.1134100608,7.4,0.412,8420.4051199,76.042132199
26093,MI,Livingston County,18.508680228,14.923057094,103737.0,3.795546728,0.0273142406,0.057,0.9615109611,0.922321122,0.0380841225,0.0004922723,0.0024243102,8.6,1.0,0.0886709503,8.9,0.509,5583.6767259,79.679314092
26099,MI,Macomb County,36.273094061,14.157698574,73929.0,4.1386548539,0.035132204,0.143,0.9075524203,0.9245481531,0.0552883296,0.0005428882,0.0024362902,6.0,0.0,0.1380379,8.1,0.412,8359.8396553,76.277484881
26101,MI,Manistee County,45.107794362,27.273460548,57434.0,3.7954924295,0.057349834,0.204,0.9030406454,0.8537388609,0.0704974572,0.0005128205,0.0017604256,5.1,0.0,0.1033057851,7.9,0.266,10236.690776,75.208217858
26103,MI,Marquette County,14.602362562,22.045024953,62319.0,4.2279029463,0.0461936663,0.134,0.9550384806,0.8378455911,0.0589333387,0.0011497209,0.0050448514,5.6,1.0,0.1239236241,7.7,0.187,7010.8337697,78.006929841
26105,MI,Mason County,27.286370458,18.696764312,59543.0,4.1759056564,0.0491522903,0.215,0.9336165445,0.8411395461,0.055381352,0.0007827655,0.0036009465,6.7,0.0,0.0997115781,7.1,0.193,8894.7796933,76.504377027
26107,MI,Mecosta County,13.637311685,14.290370671,59260.0,4.1222906596,0.053314349,0.241,0.917326363,0.8044384502,0.0679785331,0.0004746322,0.0018735249,6.9,1.0,0.1525316456,6.3,0.337,8229.6730614,76.292141355
26111,MI,Midland County,13.968041122,11.500430059,73722.0,4.9064879977,0.0396942076,0.141,0.9503442485,0.8817036523,0.0479331904,0.0010065063,0.0036054689,6.5,1.0,0.1079495453,8.0,0.317,6297.9777305,79.029114555
26115,MI,Monroe County,32.289452185,14.516762446,73617.0,4.3833217596,0.0419170944,0.129,0.9175526616,0.8746740469,0.0490573004,0.0003542126,0.0020832661,9.1,0.0,0.1063795205,8.1,0.417,8571.189529,76.411640274
26117,MI,Montcalm County,18.169980164,23.25099103,64912.0,3.6994669404,0.0426871216,0.184,0.8825638445,0.8295035813,0.0730319191,0.000312407,0.0029932212,7.3,0.0,0.1186404898,8.2,0.491,8729.9238907,75.970267121
26121,MI,Muskegon County,36.245704125,18.079100892,61223.0,4.122372857,0.0444934476,0.163,0.9249396667,0.8645547741,0.050554403,0.0005608716,0.0026959063,7.3,0.0,0.1158499698,6.6,0.246,9657.8381901,75.080422899
26123,MI,Newaygo County,21.922540357,18.481089143,61951.0,4.0616748056,0.0429648241,0.179,0.8974711226,0.826590488,0.0704711413,0.0003578813,0.002250137,7.1,0.0,0.1278454209,7.8,0.44,8616.2875146,76.582708505
26125,MI,Oakland County,18.587326291,11.879427232,92230.0,4.6190042128,0.0291540019,0.095,0.9493149963,0.9363453576,0.0467945195,0.0013779343,0.0045976704,7.5,1.0,0.1221572075,8.6,0.409,6101.1576438,79.092645331
26127,MI,Oceana County,16.127631595,12.532469339,61907.0,3.8042550308,0.0572995781,0.207,0.9059275637,0.8114570118,0.073548449,0.0004848033,0.0004818205,6.8,1.0,0.1281920327,7.4,0.305,8787.3076027,76.90794955
26129,MI,Ogemaw County,31.939187786,32.131393885,51390.0,4.44848539,0.066224381,0.227,0.8967446592,0.8442227582,0.0736673987,0.0001447457,0.0009528347,6.2,1.0,0.1255555556,7.4,0.352,11752.29781,73.561395548
26133,MI,Osceola County,22.907867421,18.231527639,55388.0,4.0391173901,0.0475262003,0.217,0.8965664973,0.7980599647,0.0666741059,0.0003029647,0.0014144878,6.8,0.0,0.1106628242,7.8,0.343,7958.7391485,76.861498378
26137,MI,Otsego County,15.85246638,22.673671344,69029.0,3.9195513569,0.0478440638,0.153,0.9394253878,0.9065114587,0.0668311845,0.0008699435,0.0031848371,6.4,0.0,0.119138756,7.1,0.239,9433.8336835,75.508251476
26139,MI,Ottawa County,11.065594384,10.829607305,81772.0,3.8452581884,0.0304135245,0.075,0.9410412348,0.9156691117,0.0463313208,0.0006618598,0.0027754704,7.4,1.0,0.1046446558,8.3,0.241,5205.8375237,80.078677619
26143,MI,Roscommon County,39.255821779,29.830617652,54305.0,4.1983140561,0.0722877894,0.271,0.9079748164,0.8737254902,0.0672835936,0.0004654509,0.0011733646,6.9,0.0,0.1184748071,6.6,0.332,12762.451709,73.241012815
26145,MI,Saginaw County,33.28701331,13.463791215,59188.0,4.7617167036,0.0518650299,0.226,0.910676561,0.8800299023,0.0550187,0.00086502,0.003615895,6.6,0.0,0.1258414001,6.7,0.25,10741.795022,74.489371895
26147,MI,St. Clair County,34.202508045,20.76336741,68831.0,4.0792154622,0.0379681089,0.143,0.9209202075,0.8964844336,0.0485484111,0.0004373551,0.0028522461,6.8,0.0,0.1101591187,7.1,0.425,9609.1068581,75.021444895
26149,MI,St. Joseph County,19.18018413,23.531799202,65540.0,4.0058405195,0.0436452997,0.142,0.8630634998,0.8660313427,0.0768026035,0.0002797985,0.0020697132,8.4,0.0,0.1089987326,7.6,0.282,10115.54307,74.905863803
26151,MI,Sanilac County,18.866376835,16.144129926,57382.0,3.9595307709,0.0484628199,0.201,0.9069847499,0.8347945676,0.0665440346,0.0003209401,0.0020808561,6.9,0.0,0.1079894644,7.3,0.398,9590.7359607,75.282169753
26155,MI,Shiawassee County,21.607075335,14.551250623,63988.0,4.1123097086,0.0433549312,0.166,0.926683261,0.8667897748,0.0553612839,0.0003683133,0.0020727674,7.3,1.0,0.1088251218,7.3,0.449,8144.6259628,76.034603429
26157,MI,Tuscola County,17.70459877,17.529782582,64273.0,3.8134749304,0.0500020765,0.197,0.9220045605,0.8247019374,0.0586586733,0.0003023603,0.0028584409,6.4,0.0,0.1026722925,7.3,0.416,9015.5989273,75.269704214
26159,MI,Van Buren County,28.656579551,16.699393272,66174.0,4.291915013,0.0472748749,0.183,0.8883264188,0.8794059998,0.0726793075,0.0005022602,0.0015303834,8.0,1.0,0.1269296741,8.0,0.332,9266.665256,75.527953659
26161,MI,Washtenaw County,23.134728494,11.354287919,84704.0,5.0229767968,0.0329107122,0.139,0.9576989663,0.9368668596,0.0429063394,0.0017759008,0.00762442,8.3,1.0,0.1642830451,8.1,0.31,5792.1636674,80.475429704
26163,MI,Wayne County,49.293672316,12.629675053,57418.0,5.6705280782,0.0435139412,0.292,0.8789949372,0.877840524,0.0572580067,0.0007014812,0.0036512752,10.7,1.0,0.1789508995,7.6,0.349,12684.175978,72.937655588
26165,MI,Wexford County,29.457973291,21.527818788,59697.0,4.1023255814,0.0476033494,0.187,0.900332926,0.8633452487,0.0692693809,0.000855432,0.0031651134,6.8,0.0,0.1192307692,7.2,0.302,10388.520197,74.901826048
27001,MN,Aitkin County,37.608909133,26.677752791,59844.0,4.638575152,0.047777482,0.161,0.9356230032,0.8327325162,0.0684605876,0.0008812236,0.0009315613,4.6,0.0,0.1387414708,7.5,0.343,8647.781729,77.903080798
27003,MN,Anoka County,20.167858639,13.808422039,96661.0,3.549591378,0.0275912825,0.076,0.9421561847,0.9361538066,0.0518680368,0.0004713665,0.0023090906,6.2,0.0,0.1061406156,9.3,0.395,6214.0598452,79.860061297
27005,MN,Becker County,13.327494621,21.265882228,71719.0,4.0135893739,0.0298262697,0.146,0.9331614276,0.8797556234,0.0701017906,0.0007950254,0.0026358303,4.2,1.0,0.1204644412,7.8,0.255,7442.3522037,77.87417194
27007,MN,Beltrami County,54.045981752,24.26523244,65855.0,4.1164399431,0.0349058852,0.196,0.9279460114,0.9018874246,0.0794732322,0.0010780509,0.0045592705,5.7,0.0,0.1577898035,7.0,0.183,12759.035929,74.051535092
27009,MN,Benton County,24.216984178,14.276510847,74677.0,3.8096806893,0.0361020754,0.14,0.9232276322,0.899296714,0.0544926064,0.0002170819,0.0002884615,6.1,0.0,0.1128440367,8.5,0.247,6370.0911814,77.273432109
27013,MN,Blue Earth County,16.895805978,14.039909376,67236.0,4.3297641769,0.0231233654,0.106,0.94979059,0.8760990325,0.051560115,0.0009237875,0.0050709939,6.8,0.0,0.1575291025,7.4,0.143,5842.6072969,79.697399071
27017,MN,Carlton County,28.470143085,14.934482092,75512.0,3.5956996551,0.0369024639,0.084,0.9352189074,0.8592184369,0.0542026432,0.0008789036,0.0022539036,1.3,0.0,0.1063673169,8.5,0.303,7923.2215896,76.279094311
27019,MN,Carver County,11.684218618,9.8325001278,129437.0,3.9064472695,0.0244616594,0.038,0.9631189559,0.9425070219,0.0325693223,0.0008469427,0.0023051226,7.0,0.0,0.0849143007,9.8,0.372,3990.2942272,82.334228571
27021,MN,Cass County,37.020502826,25.955853538,61490.0,4.1453986526,0.0439523682,0.207,0.9444223548,0.8614505013,0.0770101925,0.0002937433,0.0008904153,4.4,0.0,0.1331456154,8.4,0.327,12950.915242,74.649470253
27025,MN,Chisago County,12.191511225,11.609455791,91338.0,3.5767992818,0.0331775546,0.058,0.9556607515,0.9177959721,0.0454516438,0.0004872192,0.001759631,6.5,0.0,0.1004133236,9.3,0.522,5871.863228,79.357373538
27027,MN,Clay County,20.897789422,15.481584104,72172.0,4.4393746704,0.0207391441,0.13,0.9500037329,0.8802189753,0.0479811463,0.0001982493,0.0033354463,6.4,0.0,0.145,8.7,0.178,7319.054283,78.047761501
27035,MN,Crow Wing County,15.931335942,20.553778679,74540.0,3.9125117592,0.0343200849,0.105,0.9456808829,0.8778928348,0.0614054012,0.0010108518,0.0038650738,4.2,0.0,0.1131082062,8.7,0.252,7320.5609207,78.651156201
27037,MN,Dakota County,14.576529055,11.714619821,100012.0,3.830480898,0.0255124032,0.064,0.9549893899,0.9379304317,0.044482165,0.0006040205,0.0024494904,7.6,0.0,0.1051921578,9.5,0.34,5146.0465018,80.906074817
27041,MN,Douglas County,15.353907569,16.323801117,76508.0,3.8146176995,0.0264298893,0.085,0.9602583209,0.8709807074,0.0479736983,0.0011213619,0.0024528821,5.7,1.0,0.1136230182,8.8,0.174,6113.1556989,79.392590685
27047,MN,Freeborn County,20.690180876,19.638761037,66215.0,4.3309854244,0.0272595942,0.125,0.89865389,0.848661234,0.082790259,0.0006504277,0.001409143,6.7,0.0,0.107045543,8.5,0.223,7898.8107272,78.081512369
27049,MN,Goodhue County,20.379623188,14.505508579,83979.0,4.3100274889,0.0264278047,0.072,0.9366533161,0.9080535887,0.0521861031,0.000813042,0.00135318,7.5,0.0,0.1031664964,9.2,0.34,6295.679209,78.683019683
27053,MN,Hennepin County,32.297622858,10.829888383,93642.0,4.5804699889,0.0258148241,0.112,0.9396493453,0.9224259362,0.0522245246,0.0012024466,0.0060959091,8.7,0.0,0.1470498348,9.2,0.259,6600.4713752,79.466692509
27059,MN,Isanti County,15.865209183,22.668754044,85799.0,3.6411556133,0.0377212188,0.078,0.9229344583,0.9010393701,0.0579538066,0.000692025,0.0020842018,6.4,0.0,0.1156862745,8.6,0.518,6605.108428,78.514397628
27061,MN,Itasca County,24.346517341,23.165275839,65386.0,4.3795356079,0.0460039524,0.161,0.946524226,0.8693679092,0.0602621145,0.0010206346,0.0034608178,4.8,0.0,0.1386600769,7.9,0.287,9837.8453149,76.459930118
27065,MN,Kanabec County,20.392348791,24.457971521,70384.0,3.9067159656,0.0502727564,0.125,0.9116174694,0.8389189189,0.0686856072,0.0009901603,0.0022888809,5.4,0.0,0.1221020093,8.6,0.433,7423.588034,77.359155499
27067,MN,Kandiyohi County,8.4139028271,13.503016915,69160.0,3.8793605498,0.0291581284,0.146,0.9082891224,0.8740401146,0.0648161604,0.0008453858,0.0054778262,5.9,1.0,0.129985229,7.9,0.141,6131.6333153,79.827172622
27085,MN,McLeod County,11.90923332,16.987399786,75691.0,3.8273445075,0.0322880612,0.086,0.9348990683,0.8746910694,0.053390411,0.0007349939,0.0026641294,6.2,0.0,0.0971604516,8.2,0.313,5843.3697591,78.966374323
27087,MN,Mahnomen County,111.00832562,,54177.0,5.1019289883,0.04743255,0.271,0.867281106,0.8359166221,0.0798507463,0.0001847063,,5.3,0.0,0.1608579088,6.3,0.239,19800.318222,68.521359257
27091,MN,Martin County,20.32210537,13.851376791,59843.0,4.1631905692,0.0283086357,0.151,0.9467320959,0.8575791855,0.0587393526,0.0008034145,0.0010174493,6.6,0.0,0.0892448513,8.1,0.153,6227.0002868,79.179631019
27095,MN,Mille Lacs County,46.081227504,26.005926749,70512.0,4.2868088159,0.0505578529,0.128,0.9129737531,0.8668404879,0.0661217407,0.0006327465,0.0027345317,6.0,0.0,0.1231953802,8.6,0.454,11137.356449,73.887673018
27097,MN,Morrison County,14.789253143,17.271975853,68639.0,4.1730738194,0.0444746993,0.109,0.928295712,0.8458874459,0.0540006708,0.000558955,0.0013430657,5.6,0.0,0.1038433112,8.1,0.424,7366.9990491,78.307264942
27099,MN,Mower County,24.076780021,18.574807425,66578.0,3.7406801927,0.0260767239,0.172,0.896899838,0.8766859345,0.0717367686,0.0004233279,0.0016725748,6.8,1.0,0.1160628407,8.7,0.26,6954.9272406,78.756271505
27109,MN,Olmsted County,22.804126931,13.19458108,89431.0,4.1464228603,0.0213808269,0.086,0.9503319023,0.9137312582,0.0414596273,0.0023128319,0.0055163123,5.6,0.0,0.1246711035,9.5,0.129,5664.7069928,80.991035339
27111,MN,Otter Tail County,8.9232931413,20.263140244,69107.0,4.1550268611,0.0327972648,0.121,0.9396655549,0.8585044279,0.0658441733,0.0005329248,0.0016164682,5.8,1.0,0.1103059581,8.7,0.258,6919.3654652,78.932076123
27115,MN,Pine County,31.779540786,16.113513187,69619.0,4.0840753368,0.0488970839,0.136,0.9138981808,0.8526819441,0.0684552621,0.0001706368,0.0022518793,5.4,0.0,0.1241410902,8.5,0.451,8533.7778781,76.855687285
27119,MN,Polk County,11.906308179,14.834420568,68136.0,4.7644864375,0.0292235757,0.119,0.9321390837,0.8918701799,0.0562114245,0.0005527197,0.0026963041,6.6,0.0,0.1237363526,8.2,0.218,7265.5000127,76.902639501
27123,MN,Ramsey County,36.803264738,12.565768625,77764.0,4.4239720714,0.0268827521,0.151,0.9147455202,0.9173707634,0.0672707229,0.0011007681,0.0056186168,7.9,0.0,0.1698108835,8.7,0.258,7827.019454,77.62159982
27131,MN,Rice County,9.4041249462,12.927600583,81824.0,4.2869172599,0.0258493353,0.111,0.9297708507,0.9197686871,0.0608237259,0.0008622997,0.0021192677,7.2,0.0,0.1254332756,9.0,0.332,5293.5376399,79.890968019
27137,MN,St. Louis County,32.482101358,23.397227365,67311.0,4.561185798,0.0320061439,0.124,0.9498428971,0.8756723546,0.0579547457,0.0012350514,0.0037304128,7.3,1.0,0.13007132,8.0,0.202,8681.3254601,76.834821821
27139,MN,Scott County,13.086806972,10.897434355,111370.0,3.6856391082,0.0253282308,0.057,0.9495308445,0.9444485416,0.0440251105,0.0004893389,0.0014440294,5.8,1.0,0.1002676353,9.7,0.391,4773.5816174,81.083259873
27141,MN,Sherburne County,12.051863185,13.161520598,101487.0,3.3393479639,0.031734469,0.063,0.9438413841,0.9298446396,0.0466049276,0.0003734582,0.0023481987,6.7,0.0,0.1015521064,9.5,0.499,4934.4988601,79.371317591
27145,MN,Stearns County,16.410810362,13.155879581,75116.0,4.1937758838,0.0278922872,0.121,0.9278738019,0.8919211645,0.0522164195,0.0009751678,0.0042614783,5.8,0.0,0.1365224626,8.5,0.243,6211.1001291,80.018256762
27157,MN,Wabasha County,15.429955716,12.124918725,81349.0,4.1844318572,0.02727937,0.078,0.9490297542,0.8451089933,0.0469831249,0.0007903668,0.0003689526,7.3,0.0,0.1188501935,9.3,0.41,6281.5336038,80.806144805
27163,MN,Washington County,13.273618438,12.443676118,111118.0,3.722756294,0.0243852206,0.052,0.9625482105,0.9407123033,0.0394706912,0.0010431359,0.0033807038,7.8,0.0,0.1000050687,9.5,0.371,4820.1457633,81.281824463
27169,MN,Winona County,16.043531449,12.655928409,71907.0,4.2927756654,0.0234951184,0.112,0.9385054156,0.909158123,0.0561782688,0.0003626839,0.0025140283,7.7,0.0,0.1367478866,9.0,0.211,5475.3290073,80.206353745
27171,MN,Wright County,9.4667014549,13.029444833,104303.0,3.2954446196,0.0293268422,0.048,0.9494934603,0.9208635821,0.0435055215,0.0003935241,0.0013364208,6.2,0.0,0.094352754,9.7,0.511,5105.847374,80.004268626
28001,MS,Adams County,20.589076351,12.327058835,44385.0,6.691554559,0.0441219441,0.323,0.8361381754,0.8167285924,0.1540562954,0.0007654304,0.0013567105,7.7,0.0,0.1316600616,5.6,0.176,14567.808164,71.041332601
28003,MS,Alcorn County,18.019385065,21.223313183,48556.0,5.1570197044,0.0300353357,0.233,0.8342417308,0.7412646173,0.1392395718,0.0004366939,0.0032224989,7.5,0.0,0.0983957219,6.1,0.257,12635.166989,72.148360952
28007,MS,Attala County,20.655337527,9.1570182495,52128.0,6.3588303416,0.0355082113,0.278,0.8520735357,0.7862996753,0.1406386702,0.0005072709,0.000518463,8.9,0.0,0.1641673244,5.7,0.358,13490.397366,70.969939272
28011,MS,Bolivar County,15.586729014,11.007937033,39920.0,7.0467274891,0.0361456563,0.454,0.8323977141,0.761148904,0.1416500994,0.0004949188,0.000932063,8.6,0.0,0.1737435009,3.9,0.218,19769.124267,66.985641325
28013,MS,Calhoun County,24.975024975,,46966.0,4.728372591,0.0335791925,0.255,0.790166431,0.7737008427,0.1710513154,0.0001536334,0.0001576665,8.4,0.0,0.10670194,7.0,0.417,15132.359214,70.532783892
28023,MS,Clarke County,26.09206149,15.86452339,47811.0,5.3353376225,0.036293294,0.265,0.8637630015,0.7769772654,0.1327274286,0.0001945399,0.000525348,8.8,0.0,0.1408094435,6.4,0.503,14176.202931,71.554842938
28027,MS,Coahoma County,15.981844625,9.9310056258,35552.0,5.908523461,0.0492658158,0.426,0.8197284101,0.7542242704,0.1443616748,0.0004324844,0.0056781392,8.7,1.0,0.1759036145,4.9,0.252,22826.092934,65.288146971
28029,MS,Copiah County,17.932502062,15.876191268,47870.0,5.854617206,0.0354563362,0.308,0.8634760432,0.7685241268,0.1286845369,0.0002500447,0.0006868132,9.0,0.0,0.1277033986,6.2,0.477,15985.124009,70.704249619
28031,MS,Covington County,23.681573914,17.652681538,48382.0,7.1250154952,0.0272234541,0.298,0.8470973017,0.6249470264,0.1289158268,0.0004376607,0.0012182291,9.5,0.0,0.1537335286,,0.42,15926.675721,68.910213085
28033,MS,DeSoto County,33.237723585,13.291652615,81956.0,4.0685526243,0.0277218844,0.123,0.9143441965,0.9163673605,0.1064406241,0.0002597637,0.0014333987,8.2,0.0,0.1251025737,7.4,0.406,10785.387715,73.854833863
28035,MS,Forrest County,21.645583868,12.582161745,51328.0,5.2193229901,0.0298159583,0.209,0.9083813261,0.8449633268,0.118810749,0.0008731942,0.0052552169,9.7,0.0,0.1524337433,6.1,0.212,13611.101885,71.427880047
28039,MS,George County,25.540037369,22.025791409,63349.0,5.0741482033,0.0390849523,0.187,0.8788308565,0.8050027189,0.1384834123,0.0004442291,0.0005464694,9.1,0.0,0.1620991254,6.2,0.48,13727.691698,70.425706449
28043,MS,Grenada County,28.542885686,14.774762748,49210.0,4.4368982118,0.0354916067,0.292,0.8447200713,0.79543058,0.1393778635,0.0003744442,0.0006171374,8.4,0.0,0.1552723059,6.7,0.224,16291.288674,69.24281749
28045,MS,Hancock County,43.525105424,20.410872647,61126.0,4.7086605663,0.0327179869,0.203,0.8974267968,0.8516900206,0.1245026061,0.0004342634,0.0004766134,8.4,1.0,0.1364961569,5.9,0.522,11582.802199,74.289645736
28047,MS,Harrison County,36.869816175,18.892252243,56692.0,4.7525697504,0.0294479657,0.202,0.891638189,0.8710936538,0.1409001385,0.0005587499,0.0026494217,9.6,0.0,0.1623347878,5.7,0.275,11924.743409,72.963807822
28049,MS,Hinds County,24.387507013,12.884397817,50965.0,4.8573503074,0.0308530665,0.299,0.8845544839,0.8830472581,0.1294408128,0.0008936631,0.0043654303,10.2,1.0,0.1776615864,6.4,0.284,16086.316076,70.805680637
28059,MS,Jackson County,53.14674973,16.546510025,66751.0,4.617359691,0.0326631442,0.176,0.8876226717,0.8780402266,0.125358287,0.0004583747,0.0017965831,8.7,0.0,0.1445049368,6.2,0.352,11606.65437,73.521179921
28065,MS,Jefferson Davis County,30.200531529,,39794.0,4.828456052,0.0400311931,0.383,0.8757210936,0.7531371207,0.1374319644,0.0002694449,0.0012763242,9.2,0.0,0.1823461092,6.5,0.514,17891.608026,70.949463437
28067,MS,Jones County,15.896197828,19.011369393,50310.0,5.3251370096,0.031637469,0.25,0.8708652417,0.7156504065,0.1320073369,0.0004944265,0.0017056604,9.8,0.0,0.1426198879,6.4,0.286,13749.081389,71.501944714
28071,MS,Lafayette County,15.393086136,11.737835176,72838.0,5.8883465791,0.0247992864,0.147,0.9192230895,0.9009724473,0.1394694718,0.0007031854,0.0070638138,8.4,0.0,0.1794939378,6.3,0.234,8272.6533893,75.972557873
28073,MS,Lamar County,25.601507417,13.295317992,63079.0,4.5687415738,0.0245722086,0.15,0.9137718537,0.8860815072,0.1308462238,0.0012394228,0.0005889726,9.0,0.0,0.1243481749,6.6,0.306,8656.5683669,77.235803658
28075,MS,Lauderdale County,9.2275183051,14.091513791,51437.0,6.2618466899,0.0322259373,0.334,0.8521781594,0.8289146499,0.1320236119,0.0010126512,0.0036014576,9.2,0.0,0.1683655536,5.3,0.22,14388.526749,71.261934317
28077,MS,Lawrence County,27.773920289,19.884627267,49431.0,5.5593281779,0.037848182,0.256,0.8209829386,0.685172334,0.1333405196,0.0001693193,0.0003406865,8.8,0.0,0.1790540541,6.0,0.505,14241.595447,70.329557877
28081,MS,Lee County,21.487576997,14.923815389,64744.0,4.9298279983,0.0278361614,0.183,0.8781091829,0.8288344908,0.1300339711,0.0011823896,0.0085749828,8.6,0.0,0.1433307024,7.3,0.205,12356.529547,72.140175758
28083,MS,Leflore County,14.637537966,17.497046306,33945.0,7.0006380603,0.0487889674,0.389,0.8281304601,0.5962097664,0.1238608712,0.0007983452,0.0053832739,8.8,0.0,0.190875721,4.8,0.145,21369.192034,65.624398869
28085,MS,Lincoln County,18.340476466,17.527486484,52040.0,6.3680316887,0.0314150681,0.242,0.8705200867,0.8254260709,0.1392323637,0.0004006525,0.0014696559,8.6,0.0,0.155984556,6.6,0.29,13025.410656,71.683951349
28087,MS,Lowndes County,18.958761821,13.885273878,53883.0,5.9555520153,0.0327072005,0.268,0.8806976744,0.8510666258,0.1125415374,0.0004815133,0.0029502645,9.1,0.0,0.1481066547,6.3,0.175,13169.542947,72.512669311
28089,MS,Madison County,14.033075348,9.9233447074,82057.0,4.8062401218,0.0254900851,0.13,0.9217925356,0.9218043019,0.0969949971,0.0012931074,0.0025953018,10.2,0.0,0.1191245066,8.2,0.286,8220.1039148,75.520940351
28091,MS,Marion County,34.308142008,12.495465064,47020.0,4.5097071249,0.03152927,0.269,0.8254337328,0.7994347212,0.1427658895,0.0003691853,0.0008669089,9.1,0.0,0.183106267,6.4,0.381,17139.609196,68.885761315
28093,MS,Marshall County,19.391870928,15.715806083,52334.0,5.174850466,0.0359125983,0.305,0.8159233509,0.7887951242,0.1393070207,0.000148258,0.000351669,8.0,0.0,0.149122807,6.6,0.511,16966.838749,69.721871507
28095,MS,Monroe County,16.571946619,19.271816628,50639.0,5.0182586247,0.0382183118,0.236,0.8530007597,0.8444379434,0.1365920512,0.0005017265,0.0002677854,8.7,0.0,0.0935759376,7.4,0.306,13062.187556,71.824100167
28099,MS,Neshoba County,16.154716023,22.073542855,49446.0,5.45713212,0.0352626709,0.282,0.8223007887,0.7833738454,0.1524344069,0.0005518573,0.0013894196,9.5,0.0,0.1456359102,6.4,0.332,20814.861866,66.472421932
28107,MS,Panola County,16.103059581,9.5836055235,46097.0,5.4260461342,0.0389156827,0.359,0.8369466205,0.7521402035,0.1429395256,0.0002130833,0.0011325722,8.3,0.0,0.1143210896,6.4,0.449,14531.493546,70.477884651
28109,MS,Pearl River County,73.095967932,14.643207855,54266.0,5.2378289474,0.0303286306,0.234,0.8781477013,0.8314486481,0.1516124034,0.0002477745,0.0006209252,9.0,0.0,0.1197165893,6.7,0.494,14930.085052,70.672186783
28113,MS,Pike County,35.408973646,6.8387418557,41815.0,5.9978881445,0.0395824271,0.341,0.8296270423,0.7555497176,0.1453821501,0.0003752533,0.0047469158,8.4,0.0,0.1617250674,6.1,0.3,15463.391189,69.692084478
28115,MS,Pontotoc County,22.036832992,13.979954095,51490.0,4.139029052,0.0270022561,0.187,0.7886091943,0.7346344804,0.1501386304,0.0001908093,0.0004122404,8.6,0.0,0.0921456779,6.7,0.38,11380.927114,72.742862109
28117,MS,Prentiss County,24.063849414,17.29646328,50292.0,4.725765422,0.0277291571,0.236,0.8386068335,0.7868204635,0.1300957664,0.0003200512,0.0015118361,7.8,0.0,0.0781078108,7.1,0.355,13054.734361,71.97873419
28121,MS,Rankin County,24.944509037,12.796975082,70794.0,3.9890739847,0.0232329069,0.113,0.9033826081,0.9146820072,0.109265261,0.0005629491,0.0025184363,10.1,1.0,0.0982931641,7.5,0.38,8368.567462,76.909514273
28127,MS,Simpson County,20.521765898,14.561120664,53352.0,4.1229293474,0.0300371889,0.278,0.8174007056,0.770813747,0.1419627329,0.0003106796,0.0012444099,9.2,0.0,0.1116611661,7.0,0.419,15238.392078,70.599599756
28129,MS,Smith County,27.234351595,24.151197315,53814.0,5.2908036454,0.0282975104,0.235,0.8229807298,0.5793959607,0.1384559293,7.04672e-05,0.000141854,9.1,1.0,0.0912476723,6.9,0.44,13495.048403,72.779416847
28131,MS,Stone County,30.535448063,16.525566259,56686.0,5.0648873763,0.0341207349,0.221,0.8796683904,0.7892986699,0.1524163569,0.0003218194,0.0004265302,8.9,0.0,0.1539657854,5.6,0.585,13552.60953,71.513551651
28137,MS,Tate County,32.914457676,13.782707691,62784.0,4.500949502,0.0327229569,0.198,0.8448219358,0.8367537313,0.1342139669,0.000247928,0.0004599979,8.6,0.0,0.1445783133,6.3,0.617,14232.921568,70.84163155
28141,MS,Tishomingo County,24.71576866,28.958396008,47264.0,6.5797242814,0.0321260233,0.181,0.8328975872,0.7418047029,0.1659813596,0.0002666667,0.0011347058,6.9,0.0,0.1712328767,,0.342,14574.178606,69.670383015
28145,MS,Union County,14.126954229,19.979593471,55304.0,3.9662357129,0.0225886918,0.195,0.7857142857,0.7759,0.1337201805,0.0003577434,0.0004242681,8.3,0.0,0.1093117409,7.1,0.33,11353.010786,73.378213153
28147,MS,Walthall County,28.645771168,17.038102878,48909.0,7.2128373842,0.0408968237,0.309,0.8003412969,0.7831481481,0.1649600752,0.0005059266,7.21345e-05,8.4,0.0,0.1951447246,6.0,0.484,16709.860149,70.219382112
28149,MS,Warren County,13.733224485,17.742861741,55783.0,5.4855443293,0.0343072273,0.321,0.8805332077,0.8062559467,0.1173880708,0.0006654581,0.0062177881,8.7,0.0,0.1492100644,6.8,0.244,14893.007008,70.926672633
28151,MS,Washington County,9.2995861684,9.983390101,39081.0,5.5293531015,0.0494435836,0.469,0.7920922342,0.5527369826,0.1411950545,0.0004120219,0.0018356935,8.9,1.0,0.2094964029,4.8,0.176,20281.670131,66.902160964
28153,MS,Wayne County,20.098145946,18.828247716,45573.0,5.923840076,0.0363926345,0.307,0.8396826644,0.8011012624,0.163405774,0.0003044294,0.000659798,8.7,0.0,0.0990691489,6.5,0.431,15308.043194,70.943167211
28163,MS,Yazoo County,25.21972687,11.136905758,42434.0,5.827902767,0.0342017675,0.342,0.7468192024,0.7354925776,0.1306228374,0.0002275054,0.0021321135,9.0,0.0,0.1457489879,4.6,0.466,14590.131725,70.331517718
29003,MO,Andrew County,20.525834562,15.489606512,75926.0,4.1571803853,0.0259561394,0.097,0.9400502197,0.8213620072,0.0936935686,0.0001110988,0.0002206653,7.8,1.0,0.0835755814,8.3,0.25,6537.7406419,78.483972949
29007,MO,Audrain County,17.508181708,17.029912497,55957.0,4.4007869124,0.033467617,0.191,0.8844563508,0.8417306195,0.1376853356,0.0004002882,0.0023366402,7.8,1.0,0.0941306755,6.7,0.315,10222.632502,73.874298639
29009,MO,Barry County,15.172204521,18.328730658,53303.0,4.15296143,0.0349112851,0.202,0.8517063589,0.8178892216,0.141640239,0.0007490205,0.0011909826,8.3,1.0,0.147752395,6.8,0.278,10327.962347,74.536059091
29013,MO,Bates County,28.85170225,14.684598703,56178.0,4.6817030114,0.031950965,0.164,0.8900547036,0.8082008368,0.1338127247,0.000124185,0.0007388253,7.4,1.0,0.1353383459,6.7,0.513,9360.0111913,74.728057653
29019,MO,Boone County,24.976595672,15.501151227,70153.0,5.0207401529,0.0247571232,0.121,0.9458329643,0.9033082947,0.0839042328,0.001183814,0.0045813694,7.9,0.0,0.1634411543,7.4,0.155,7519.3434406,78.245289885
29021,MO,Buchanan County,35.137034434,19.853896442,60575.0,4.8145854398,0.0287254833,0.19,0.898006993,0.8399904186,0.1208231304,0.0006559097,0.0022300979,8.2,0.0,0.1508497518,6.7,0.149,11767.076465,73.435249798
29023,MO,Butler County,45.865030287,19.474512858,48059.0,4.7277785913,0.0437064932,0.246,0.8448222352,0.8216494845,0.1377653064,0.0009500962,0.0034804997,8.1,0.0,0.1247660636,6.3,0.176,15691.173201,70.149713513
29027,MO,Callaway County,26.808253964,18.327532429,64214.0,4.0951245448,0.0283554741,0.156,0.9069377218,0.8973029686,0.0982460299,0.0003808414,0.001922604,7.7,0.0,0.0825165982,7.9,0.331,8701.7909488,75.950228022
29029,MO,Camden County,19.458456196,21.631836443,63903.0,4.5300395687,0.0376596832,0.17,0.9235588597,0.8309842749,0.1392632819,0.0007597385,0.0021115248,7.3,1.0,0.1181005242,7.4,0.266,9230.6554336,76.804762824
29031,MO,Cape Girardeau County,15.540396853,18.795063448,67445.0,4.4279601596,0.0274292743,0.136,0.9282630418,0.8957718781,0.0983140051,0.0009011971,0.00303673,9.0,0.0,0.1352094453,7.4,0.195,8898.1319487,75.811117752
29037,MO,Cass County,18.663680478,24.832658773,85283.0,3.7511284008,0.0296588068,0.086,0.9366514634,0.9111578549,0.0891608585,0.000246265,0.001414098,6.2,1.0,0.0920588593,8.0,0.484,7908.4086557,77.048154193
29043,MO,Christian County,20.707092724,19.408947028,79714.0,3.6688752295,0.025172908,0.091,0.9334573393,0.9115775339,0.1092247111,0.0004153051,0.0011226197,8.3,0.0,0.104045357,8.0,0.382,7781.1220499,77.169452327
29047,MO,Clay County,21.017892623,19.237783622,84816.0,3.6469492878,0.0270945276,0.089,0.9442397052,0.9092250119,0.0773763795,0.00059487,0.0017438369,6.2,1.0,0.1082266537,8.2,0.286,7072.7972543,78.025096999
29049,MO,Clinton County,22.163120567,11.805430022,76875.0,3.7778499814,0.0303001964,0.109,0.9372085164,0.8584607915,0.0985405654,0.0006107014,0.0003712642,7.7,0.0,0.1164254248,8.0,0.514,8619.8517553,75.541830367
29051,MO,Cole County,17.797842554,16.87451166,74002.0,4.2603665629,0.0249646964,0.113,0.9360387598,0.878683406,0.0904899427,0.0006994366,0.0025233572,7.7,0.0,0.0758412858,7.9,0.17,8215.5644652,77.132339268
29055,MO,Crawford County,50.574380464,27.491031644,55253.0,4.1393843098,0.0341735108,0.211,0.8494517068,0.7842205323,0.1518603738,4.38462e-05,0.0004401602,7.2,0.0,0.1348435814,7.4,0.371,15077.181065,70.772039713
29065,MO,Dent County,58.584948175,23.153104483,49324.0,4.6801130755,0.0351412067,0.229,0.8563212789,0.7672246696,0.1394101877,0.0002771619,0.0015020141,6.9,0.0,0.1316455696,6.8,0.294,14445.940543,71.142777893
29069,MO,Dunklin County,17.856930275,20.231180311,45570.0,5.0217759101,0.0503819571,0.291,0.7998910082,0.8630541872,0.1329105261,0.0002525526,0.0024785439,8.4,0.0,0.1392745186,6.5,0.377,16343.065601,68.885887343
29071,MO,Franklin County,48.482313462,22.072254418,70389.0,3.8623477004,0.0280807438,0.106,0.9104874246,0.8955213287,0.1022961092,0.0005986829,0.0015694899,8.4,1.0,0.1019453337,8.4,0.439,10165.065735,74.888642033
29073,MO,Gasconade County,47.592067989,25.927928633,62203.0,3.7598296422,0.026962412,0.137,0.8987672768,0.8326983601,0.1296394486,0.0004732608,0.0006120367,7.5,1.0,0.0826235094,8.0,0.407,13353.217991,72.277327595
29077,MO,Greene County,39.926375319,23.223170251,59740.0,4.3066584748,0.02553178,0.16,0.933446704,0.8492574483,0.1110249018,0.0009339737,0.0048356757,7.5,1.0,0.1665056236,7.3,0.189,10396.93712,75.043830683
29083,MO,Henry County,28.477218225,27.744518586,55216.0,4.2153318918,0.0309756338,0.224,0.9005482596,0.8480752595,0.1159503562,0.0007655589,0.003780298,7.1,0.0,0.1039173014,6.1,0.3,9883.5530075,74.297179608
29091,MO,Howell County,10.755534964,20.62896,48727.0,5.0757649344,0.0367838946,0.203,0.8593475717,0.8235294118,0.1303393707,0.0008755472,0.0026021849,7.5,1.0,0.1537471856,6.1,0.219,11728.441534,72.595044839
29095,MO,Jackson County,34.450231335,21.068478325,66102.0,4.6029503428,0.0337644033,0.147,0.9168383769,0.8969199871,0.1107952869,0.000843956,0.0031034291,10.1,0.0,0.1499559352,7.6,0.318,11090.272764,74.755235642
29097,MO,Jasper County,21.687387158,17.89215994,55152.0,4.5302350694,0.0300046882,0.181,0.8876426628,0.8890772634,0.1403315241,0.0008201047,0.0026947927,9.1,1.0,0.1300286594,6.8,0.169,10590.304797,73.82333577
29099,MO,Jefferson County,49.733050538,25.128054825,81517.0,3.7217211375,0.0281747994,0.109,0.9145108983,0.9082562482,0.0947573364,0.0002546417,0.0011546945,7.6,1.0,0.0926109524,7.8,0.537,9680.3857792,74.981077165
29101,MO,Johnson County,11.675279746,18.114325748,68326.0,3.5126698169,0.0326053923,0.132,0.9314267952,0.8937137331,0.1049555501,0.0003508772,0.0023288818,7.2,0.0,0.1134648162,7.3,0.33,8477.9404668,75.531424261
29105,MO,Laclede County,22.152278454,28.455060106,52211.0,4.0871902183,0.0324253442,0.2,0.8584038399,0.7744412925,0.1170432603,0.0005535106,0.0017448201,7.2,0.0,0.0900556328,6.0,0.262,12371.240121,72.262874964
29107,MO,Lafayette County,19.23388403,23.795180616,67178.0,3.4863642411,0.0290525317,0.138,0.908014453,0.8442675671,0.1185947132,0.0002437761,0.0015664538,7.4,0.0,0.0877120397,7.8,0.411,9689.911424,74.914139206
29109,MO,Lawrence County,19.100704121,19.954704805,58128.0,4.5087386645,0.0309079202,0.201,0.8550338724,0.8422485368,0.1511863334,0.0003914303,0.0012090965,8.3,0.0,0.1250863856,7.4,0.387,10632.409825,73.599512688
29113,MO,Lincoln County,36.243643839,19.553580639,79954.0,3.6463290512,0.0312806466,0.1,0.9108689376,0.9149866191,0.0975618842,4.87124e-05,0.0010046523,7.8,1.0,0.1144592385,8.2,0.547,9036.202407,75.723256585
29117,MO,Livingston County,27.541886619,15.619924814,59389.0,3.9758193736,0.0238265088,0.18,0.8797981797,0.7613615789,0.1250957121,0.00074551,0.0009617366,7.2,0.0,0.0928961749,8.0,0.182,8155.2957272,76.112213816
29123,MO,Madison County,39.980809212,19.991954882,52339.0,4.0099932377,0.0369944412,0.207,0.8808301973,0.8431798436,0.1081351189,0.0003161555,0.0017325563,7.5,0.0,0.1281216069,6.9,0.343,11890.974327,72.259660241
29127,MO,Marion County,25.767460383,20.629627487,60780.0,4.17150705,0.0311724339,0.149,0.903546982,0.8878521283,0.1045486915,0.0010169016,0.0032467532,7.9,1.0,0.1088286713,7.4,0.195,11134.631311,73.866151018
29139,MO,Montgomery County,29.257731356,37.25636527,57686.0,4.9616152651,0.0302207131,0.195,0.8850819057,0.8073654391,0.1197089947,0.0001752081,0.0004363382,7.7,0.0,0.1132686084,7.3,0.458,10164.740183,73.748339371
29141,MO,Morgan County,15.65435191,26.478172203,52072.0,5.0379771456,0.0373409442,0.204,0.8005035447,0.7618931447,0.214398446,0.0002806492,0.0004551661,7.3,1.0,0.1520158625,7.3,0.416,11279.45835,73.827893881
29143,MO,New Madrid County,28.911880718,20.669392008,53843.0,4.6826589053,0.0367844093,0.26,0.8338912512,0.8621247793,0.1252631579,6.23636e-05,0.0003241701,8.3,1.0,0.1181217902,7.4,0.29,15902.093401,68.988004657
29145,MO,Newton County,19.679726508,20.059593513,63292.0,3.6741468426,0.03024401,0.166,0.8933701108,0.859128781,0.1335507593,0.0001178729,0.0004120177,9.2,0.0,0.1199270406,7.5,0.273,10427.642642,74.313504961
29159,MO,Pettis County,11.625113345,15.065289645,55021.0,3.8776209401,0.0311768514,0.162,0.8723671363,0.886284466,0.1399580523,0.0005557099,0.0012405238,7.2,0.0,0.1167971102,7.4,0.202,10078.528399,74.6678121
29161,MO,Phelps County,54.208994238,18.528545542,53151.0,4.7702459771,0.030963132,0.17,0.9159571837,0.8836998413,0.1171977055,0.0008233749,0.0036657539,7.2,0.0,0.139261745,6.9,0.186,12368.584927,73.145698863
29163,MO,Pike County,30.201785681,20.777174468,59147.0,4.732944951,0.031730636,0.187,0.8731878156,0.8449852736,0.1307910253,0.0001689094,0.0007248397,7.9,1.0,0.1120556414,7.0,0.28,8950.9021762,75.534704769
29165,MO,Platte County,19.039722389,13.81338905,96353.0,3.9852920707,0.0257424437,0.063,0.967003007,0.9278557577,0.0739583221,0.0008105444,0.0015812042,9.0,1.0,0.1163563041,8.2,0.331,6419.6345926,79.128702295
29167,MO,Polk County,15.427971942,23.194213587,56628.0,4.8151977255,0.0308467742,0.181,0.8877541326,0.8088985531,0.1313204941,0.0008114097,0.0023184869,,0.0,0.1418134938,7.7,0.439,10394.662758,74.586415715
29169,MO,Pulaski County,55.463462665,17.557186152,71856.0,3.8537609899,0.0362541898,0.119,0.9405227203,0.8476938055,0.1001035465,0.0002787275,0.002843232,7.3,1.0,0.1396323767,5.7,0.273,10132.79367,73.729049851
29175,MO,Randolph County,17.617324606,21.997803981,59692.0,3.8628954568,0.0350527783,0.183,0.8975077336,0.8326848249,0.1139247283,0.0002827141,0.0015346966,7.4,0.0,0.0920383964,7.1,0.26,10097.153257,73.668217979
29177,MO,Ray County,18.832391714,31.55220937,70993.0,4.2520132322,0.0329499817,0.128,0.9023321816,0.8269953571,0.1201758148,0.0002173157,0.0003882322,7.3,0.0,0.0981987217,8.1,0.529,11052.231471,73.096775953
29183,MO,St. Charles County,26.992133257,14.45013558,98765.0,3.586853989,0.0254817729,0.056,0.9545152652,0.9435789819,0.0622302789,0.0004683144,0.0023520433,9.4,0.0,0.0822642249,8.8,0.369,6249.5154175,79.082650235
29186,MO,Ste. Genevieve County,41.699905722,19.244909478,71557.0,4.3297370867,0.0280085197,0.121,0.927250682,0.8414171236,0.1039802747,0.0004303852,0.0010728463,8.3,1.0,0.0860366714,7.2,0.36,8845.2198483,76.508425652
29187,MO,St. Francois County,56.220303988,18.4476011,55578.0,4.7275413205,0.0387478452,0.159,0.8671951375,0.8533156389,0.13617708,0.000666262,0.0032061797,7.7,1.0,0.1180614859,6.6,0.288,12666.979517,71.863535252
29189,MO,St. Louis County,40.682568308,14.145171575,81631.0,4.6693080357,0.0295369903,0.126,0.9442346489,0.9239714616,0.0725092734,0.0012144162,0.0038376632,7.7,0.0,0.1300077508,8.5,0.299,9306.5780209,76.345893331
29195,MO,Saline County,15.90652746,13.627945809,53943.0,4.1399644058,0.0295528689,0.216,0.8758644068,0.8601398601,0.1113669914,0.0005152647,0.0014317324,7.2,0.0,0.0800256082,6.8,0.185,9576.1465697,74.802150952
29201,MO,Scott County,16.671346343,17.89772361,60088.0,4.4598524939,0.0298228793,0.219,0.8642782122,0.8622963793,0.126390626,0.0005021142,0.0021378236,8.9,1.0,0.129,7.2,0.231,12349.744633,72.596518143
29207,MO,Stoddard County,18.635638329,17.379475842,51741.0,4.5872463768,0.038961039,0.179,0.8236851306,0.8502589309,0.1390292999,0.0004915903,0.0007395147,8.5,1.0,0.0938468349,7.3,0.353,10921.502066,73.49425074
29209,MO,Stone County,20.801048373,23.981384396,62394.0,4.1191471884,0.0464960571,0.201,0.9178638098,0.8798723501,0.1357231377,0.0002535818,0.0005205463,,1.0,0.1144602851,7.5,0.475,11533.156926,76.042086481
29213,MO,Taney County,34.846909847,18.020957166,54514.0,4.3352501438,0.0490532567,0.185,0.9070324575,0.8872883269,0.1399370319,0.0007980563,0.0009511229,8.1,1.0,0.1522352941,5.8,0.247,11525.103749,74.928963239
29215,MO,Texas County,50.374494598,22.097060732,47273.0,4.8438129682,0.0376712329,0.257,0.8564420637,0.8020352497,0.1395804958,0.0004002081,0.0003903353,,1.0,0.1359015516,6.7,0.343,13044.016445,72.59187488
29219,MO,Warren County,41.67723698,19.605438516,77075.0,3.6977744958,0.0293030623,0.109,0.8923841718,0.9029372298,0.107880542,0.00021907,0.0006348199,8.0,1.0,0.1113288906,8.2,0.536,9824.9191183,75.591441749
29221,MO,Washington County,60.100353614,25.577681171,49510.0,4.4950135596,0.0380277473,0.254,0.831828167,0.7952391697,0.136821366,0.000297847,0.0011047846,7.3,1.0,0.1238636364,6.7,0.517,15931.117734,69.667841217
29225,MO,Webster County,14.175053573,20.896793367,69841.0,3.833605167,0.0273603947,0.197,0.8848037311,0.801978038,0.1264820963,0.0003775009,0.0008198302,7.6,0.0,0.0996350365,7.8,0.484,9242.6037444,74.744101648
29229,MO,Wright County,19.610989285,21.903739629,47612.0,4.1336004736,0.0349686848,0.249,0.828166519,0.7652211373,0.1495499047,0.0001612037,0.001339999,7.3,0.0,0.1480654762,6.4,0.396,12150.226352,72.889319341
29510,MO,St. Louis city,101.7625548,14.193225235,55231.0,5.9894306868,0.0368469963,0.271,0.9047435657,0.8569470405,0.0956793201,0.0009682588,0.0060265338,10.3,0.0,0.1942122414,7.6,0.249,15768.408217,71.5212902
30013,MT,Cascade County,15.555138979,28.693425987,65018.0,4.1754523997,0.0287168579,0.127,0.9389778007,0.8735856083,0.10950709,0.0007454651,0.0040636042,5.9,1.0,0.1229711946,7.8,0.122,9758.4173968,75.503762317
30029,MT,Flathead County,15.63846326,28.204887356,74150.0,4.2017639542,0.0347499675,0.098,0.9562239275,0.9003856041,0.1150222322,0.0009220499,0.0038265643,6.9,1.0,0.1521579205,8.9,0.252,7948.4241606,77.399583009
30031,MT,Gallatin County,7.1354864206,20.965182589,90942.0,4.1611572314,0.0209886426,0.058,0.9716415082,0.92296776,0.0803502667,0.0007823132,0.00477023,2.3,0.0,0.1480163864,9.1,0.16,4276.0431884,81.959516956
30035,MT,Glacier County,29.225523624,39.400089298,51416.0,7.5037389056,0.0542757417,0.304,0.8557518933,0.8411595592,0.1265146847,0.0007979688,0.002718789,6.4,0.0,0.1535580524,5.7,0.201,21840.168068,66.896537593
30041,MT,Hill County,20.574015019,23.740522063,51435.0,4.0123182332,0.0248138958,0.218,0.9122019355,0.8101509798,0.1258101102,0.0006798937,0.0040550504,5.8,0.0,0.1232986389,6.5,0.079,12044.234102,72.943315083
30047,MT,Lake County,30.248664887,34.831857138,60882.0,5.1948240519,0.035921448,0.18,0.9298959947,0.83137577,0.1554205174,0.0007492274,0.0029095927,8.5,1.0,0.159081242,8.3,0.255,11702.548985,75.757086733
30049,MT,Lewis and Clark County,13.870651551,24.235460582,76816.0,4.2218419051,0.0258317834,0.096,0.9485044353,0.8892187245,0.0953263013,0.0009415283,0.0059058005,7.6,1.0,0.111796068,8.8,0.129,6948.0591572,78.319761072
30063,MT,Missoula County,16.841338031,22.612537973,72882.0,4.5136410991,0.0285032883,0.094,0.9657812234,0.9236086906,0.0902161905,0.0011544929,0.0065901238,8.7,1.0,0.1603115202,8.5,0.155,6796.2140165,78.569755887
30067,MT,Park County,26.911173904,39.713643033,63958.0,4.4453004622,0.0285352552,0.125,0.9668874172,0.8814339348,0.1024444444,0.001087392,0.0039099592,5.1,0.0,0.1382575758,7.9,0.392,8307.4900798,78.087854423
30081,MT,Ravalli County,13.019043968,33.157249933,70624.0,3.9941543614,0.0305237132,0.14,0.9325071662,0.8800788114,0.118665626,0.0006092387,0.0026184591,5.8,0.0,0.1421333333,9.0,0.311,6194.5137493,78.877957035
30085,MT,Roosevelt County,33.995735081,36.251937966,51596.0,6.8369633728,0.0384074941,0.262,0.9182144021,0.6857429719,0.1344361297,0.0006468903,0.0020350809,5.3,0.0,0.1137820513,6.5,0.265,32695.459261,60.434540366
30093,MT,Silver Bow County,45.003234607,36.810110326,58406.0,4.9340883855,0.0336573174,0.156,0.9400812041,0.8498729393,0.0974089636,0.0007907147,0.0059405941,6.5,0.0,0.1333998669,8.3,0.087,10493.081452,74.112969697
30111,MT,Yellowstone County,24.200580814,26.417207837,70221.0,4.2213964231,0.0260401315,0.104,0.9526820721,0.9087943181,0.0921227621,0.0010769028,0.0045480353,7.1,1.0,0.1344029851,8.5,0.141,9697.5921536,75.909624386
31001,NE,Adams County,12.859255449,22.625989835,66695.0,5.202515421,0.0208418234,0.125,0.9186729301,0.8819379845,0.0799073538,0.0009024398,0.0043367099,6.2,1.0,0.1370458136,7.1,0.154,7989.2806737,76.780800319
31019,NE,Buffalo County,9.2691291653,14.537965148,76686.0,4.4158569634,0.0184375328,0.086,0.9346724055,0.9075882413,0.0793658621,0.0008740738,0.0046945579,6.2,0.0,0.1375097479,7.5,0.156,5530.0582423,79.862093143
31055,NE,Douglas County,17.070838826,13.939178654,77747.0,4.4764810134,0.0256337421,0.124,0.9148081697,0.9153181896,0.0794665005,0.0010871646,0.0052854768,7.3,0.0,0.14086762,8.4,0.178,7599.3089494,77.726567974
31079,NE,Hall County,8.1035525975,14.427378696,69725.0,4.1628508379,0.0231806897,0.131,0.8469579134,0.8792510039,0.1040055946,0.0005808419,0.0044053572,5.6,0.0,0.1127502634,7.5,0.126,7360.4509082,77.248436615
31109,NE,Lancaster County,13.918673705,13.845942567,71171.0,4.1705197079,0.0211593358,0.09,0.9348730702,0.9215659569,0.0726426472,0.0006933445,0.0044809559,6.5,0.0,0.1382845516,8.1,0.156,6251.6754329,79.089157566
31153,NE,Sarpy County,7.9471068212,12.85618892,101902.0,3.5827514896,0.0219981576,0.05,0.9567340965,0.9478262066,0.0461079658,0.0004963344,0.0013957956,7.8,0.0,0.0970600951,8.4,0.204,5139.5474966,79.854859618
31157,NE,Scotts Bluff County,10.314401718,20.557143785,57571.0,4.718700223,0.0262923847,0.201,0.8949205437,0.8291923408,0.0951536429,0.0006993985,0.0031653548,6.1,0.0,0.1395819285,8.0,0.081,10216.526949,75.246492383
32001,NV,Churchill County,24.698098246,24.953395569,72065.0,4.2010275542,0.0426108152,0.137,0.9202097666,0.8845600329,0.1030443831,0.0004665086,0.0023640662,9.6,1.0,0.1419784726,7.8,0.239,10825.65764,73.439452332
32003,NV,Clark County,28.031757976,18.386474748,75103.0,4.4635605966,0.0543172189,0.177,0.8681388995,0.9052453569,0.135609136,0.0005461344,0.0025563079,12.1,1.0,0.2064939758,7.8,0.345,8617.8590865,76.641728428
32005,NV,Douglas County,18.844305655,29.495960485,82025.0,4.5004167451,0.0454164276,0.12,0.93741559,0.9341581342,0.1004496858,0.0005213555,0.0016550611,9.5,1.0,0.1506456241,7.6,0.378,7663.7947982,79.137342485
32007,NV,Elko County,27.956040679,37.068196516,85829.0,4.3088592936,0.037808642,0.114,0.872139204,0.883556738,0.1024933138,0.0003524066,0.0010866963,6.2,0.0,0.1079774376,8.3,0.194,10188.402637,75.351829103
32013,NV,Humboldt County,19.274507536,35.466811725,81500.0,4.4309641667,0.0389394133,0.136,0.8723516484,0.883807346,0.1227266417,0.0004533092,0.0012254902,6.6,0.0,0.1241734019,7.9,0.208,11481.244972,74.101860212
32019,NV,Lyon County,25.441492863,29.4299969,75195.0,3.7711799983,0.0578998603,0.119,0.8766995801,0.911326474,0.1234771836,0.0001313564,0.0015499417,10.4,1.0,0.1324977619,7.5,0.459,10098.404368,74.239895884
32023,NV,Nye County,44.802293877,33.079065108,63071.0,4.5378945744,0.0641102784,0.241,0.8665540541,0.807774689,0.1025349674,0.000243218,0.0015075377,7.4,1.0,0.1571695469,4.1,0.305,11604.828948,73.321667668
32031,NV,Washoe County,37.826663913,21.082858383,84282.0,4.2043099107,0.0407151722,0.113,0.8868885889,0.9029045855,0.1285842702,0.0007884198,0.0037769416,11.2,1.0,0.1719345616,8.0,0.24,8308.4677435,76.81153373
32510,NV,Carson City,23.677933898,35.301185346,72823.0,4.1106395109,0.0448919978,0.136,0.8909388413,0.9003889734,0.1422419717,0.0006441442,0.0030842925,8.5,,0.1718413109,8.1,0.272,10863.645071,73.358342719
33001,NH,Belknap County,31.447859449,18.129488701,91333.0,4.5630016051,0.0214022855,0.107,0.9380710452,0.9020215943,0.0686254534,0.0004809184,0.0054131361,4.1,1.0,0.1417676965,8.9,0.38,7596.4107774,77.394070926
33003,NH,Carroll County,29.437546609,22.386524389,77303.0,4.2613396474,0.0226719944,0.119,0.9557450364,0.9062273715,0.083160543,0.000815534,0.0027646431,5.3,1.0,0.1579925651,9.2,0.357,7555.2072209,79.324403525
33005,NH,Cheshire County,26.417562049,20.446094272,84008.0,4.0772762474,0.0232372414,0.108,0.9398859625,0.9019954782,0.0593154043,0.0006724515,0.004041028,6.4,0.0,0.1347115705,8.7,0.3,7141.8924437,78.640097686
33007,NH,Coos County,57.46698309,24.003457657,59592.0,4.3351197132,0.0264509321,0.176,0.8953341225,0.8627152989,0.0767418078,0.001118604,0.0023906668,4.9,0.0,0.1133186166,8.0,0.28,11270.039765,73.937778253
33009,NH,Grafton County,20.436613653,18.000660049,81537.0,4.8454221524,0.0194190837,0.098,0.9389441446,0.8812418645,0.0704249015,0.0018871813,0.0060013312,4.4,1.0,0.1360791733,8.9,0.323,6277.4606076,80.100992365
33011,NH,Hillsborough County,37.182686733,16.833301041,103181.0,4.0732517976,0.0230469093,0.078,0.9298567166,0.9262037059,0.065767232,0.0008347501,0.0040762459,3.4,1.0,0.1399491864,9.0,0.378,6908.9390369,78.599450373
33013,NH,Merrimack County,29.31792705,21.188310708,91357.0,4.2298130494,0.0190337284,0.08,0.9371508629,0.9107122177,0.068564047,0.0009855834,0.0053977327,5.7,1.0,0.1273341783,9.0,0.395,6692.2765995,78.964509444
33015,NH,Rockingham County,23.003594048,13.287931928,109660.0,3.8784807265,0.0230404421,0.052,0.9610440998,0.9443154169,0.049282951,0.0007856203,0.0031962431,6.9,1.0,0.1244358478,9.2,0.439,5001.273863,80.501326258
33017,NH,Strafford County,42.40025844,15.529820363,84762.0,4.4414750907,0.0205331462,0.095,0.9465695135,0.9174212522,0.0561036765,0.0006645723,0.0032947322,6.3,1.0,0.1467509382,8.7,0.375,7468.2505908,77.573299199
33019,NH,Sullivan County,38.238578137,15.41602248,74730.0,4.5416841223,0.0188082264,0.12,0.9114370929,0.8611232042,0.0703731455,0.0007121035,0.0022743296,5.6,0.0,0.1336816226,8.1,0.41,8142.5478504,78.023523018
34001,NJ,Atlantic County,63.057050036,11.671828121,75904.0,4.7880552374,0.0586710669,0.158,0.888563278,0.9044447715,0.0870715702,0.0007164522,0.0022964031,6.9,1.0,0.214533365,8.0,0.307,10072.402861,75.650724835
34003,NJ,Bergen County,19.279503456,7.5086125413,116157.0,4.8161118059,0.0386219366,0.071,0.9291410677,0.9396587104,0.0680169874,0.0011343871,0.0032796094,9.5,0.0,0.2010181401,9.5,0.41,4471.8548755,81.874845161
34005,NJ,Burlington County,32.607874693,9.5142726867,102384.0,4.0767525688,0.0394878199,0.081,0.9440004096,0.9411460641,0.0495238863,0.0007581811,0.0112966172,8.3,1.0,0.1393851508,9.3,0.437,6658.1617424,78.905082247
34007,NJ,Camden County,57.988269912,8.6237976469,82678.0,5.0863357434,0.0482825042,0.17,0.8983476179,0.9122845505,0.0845234848,0.0009851634,0.004019378,8.7,1.0,0.1884584137,8.6,0.402,8984.3630619,76.162455316
34009,NJ,Cape May County,59.04377371,12.987163512,81007.0,4.6065709627,0.0762336458,0.132,0.9463877489,0.9152786856,0.0773511989,0.0005331326,0.0013634922,7.3,0.0,0.1772694782,8.0,0.294,9175.8413774,76.63584611
34011,NJ,Cumberland County,51.770942342,9.7165261056,64240.0,5.0498636241,0.0648066093,0.219,0.8127159775,0.8750492117,0.1031082818,0.0003905563,0.0013523627,8.3,1.0,0.222746988,7.4,0.355,10759.537744,73.739829941
34013,NJ,Essex County,42.317143034,5.5364526948,80005.0,6.7671157244,0.0554048614,0.184,0.8679659993,0.8776053397,0.1063545064,0.0007544592,0.0028245235,8.8,1.0,0.2635274613,8.9,0.447,8340.7020858,77.661793635
34015,NJ,Gloucester County,43.789663649,8.4408605937,96965.0,4.1721614951,0.0430237797,0.098,0.9399632642,0.9188700848,0.0503905904,0.0005320599,0.0016438463,8.6,0.0,0.1380272669,8.9,0.457,7587.1112225,77.106128992
34017,NJ,Hudson County,25.944707448,6.5781850912,88469.0,6.0607926244,0.0437516198,0.229,0.8788916242,0.9107568211,0.1039219299,0.0004740463,0.0010560306,8.3,1.0,0.2630378673,8.6,0.529,6243.8034721,79.914650496
34019,NJ,Hunterdon County,14.044286316,11.317194348,136407.0,,0.0349095525,0.043,0.9580435151,0.9423512579,0.0440463375,0.0011006435,0.0030111458,7.4,1.0,0.1271056662,9.7,0.545,4362.6272271,82.764995968
34021,NJ,Mercer County,35.3670099,7.1857964104,95502.0,5.5675735518,0.0389032738,0.131,0.8992559598,0.9023143697,0.0872367841,0.0009043841,0.0041003901,7.2,0.0,0.186704591,9.0,0.323,7664.2336304,78.385186486
34023,NJ,Middlesex County,26.87663976,6.7525083904,104637.0,4.3837104654,0.0409554355,0.101,0.8930061304,0.9313929518,0.0732736589,0.0009038031,0.0023412994,7.6,1.0,0.1929505268,9.1,0.455,5499.129029,80.181999008
34025,NJ,Monmouth County,27.675378296,7.8684690551,117752.0,5.0202954721,0.0384298305,0.08,0.9418510443,0.9315933572,0.060902989,0.0010970723,0.003713447,7.9,1.0,0.1664902065,9.2,0.444,5709.6038596,79.64859143
34027,NJ,Morris County,18.503600602,7.2207846593,134308.0,,0.036520228,0.051,0.9510717627,0.9473311093,0.0533538132,0.0009315415,0.0035612716,8.0,1.0,0.1482153337,9.4,0.445,4240.0883399,81.70932589
34029,NJ,Ocean County,35.070897409,9.0479383686,85239.0,4.4514891577,0.0423420804,0.147,0.9334190911,0.8759776583,0.0575064017,0.0003836684,0.0021298641,6.5,1.0,0.1804357885,8.3,0.427,7126.7750427,78.080170306
34031,NJ,Passaic County,29.169263297,5.8121629508,81823.0,5.3734125171,0.0551144343,0.202,0.8510724077,0.9150109011,0.1229347045,0.0005191878,0.001797836,8.3,1.0,0.2726369853,8.6,0.381,7211.4526711,78.440264534
34033,NJ,Salem County,48.802267748,9.1273674221,84008.0,4.9788075071,0.0549667399,0.15,0.9009104336,0.8870624171,0.0644438057,0.0002459798,0.0012856225,8.3,1.0,0.171480509,8.0,0.394,11685.238187,73.747656463
34035,NJ,Somerset County,17.712919569,6.7296739379,140242.0,,0.0378411198,0.061,0.9384942066,0.9543871033,0.0525556993,0.0011022807,0.0032564886,8.1,0.0,0.1592549755,9.6,0.466,4544.7991684,81.802720801
34037,NJ,Sussex County,29.655097317,10.091070271,109884.0,3.727331237,0.0425986842,0.061,0.9542133555,0.9402386268,0.0535301832,0.0004534742,0.0024977418,7.5,1.0,0.1312274368,9.1,0.569,6516.349931,78.385062199
34039,NJ,Union County,29.575985243,7.0398925209,100031.0,4.8566166185,0.0472691988,0.112,0.8627579002,0.9217308083,0.1259643184,0.000615262,0.0025457199,9.5,0.0,0.2186342913,9.3,0.408,6476.666923,79.261718711
34041,NJ,Warren County,31.165878863,8.8460001419,98857.0,3.9602339451,0.0404316259,0.104,0.9398685131,0.9132679171,0.0595318937,0.0005418537,0.0026336605,7.2,1.0,0.1422699246,8.6,0.536,7006.0662433,78.315011557
35001,NM,Bernalillo County,62.063515772,23.207581718,68286.0,5.1501863879,0.0345509593,0.179,0.9040902917,0.8818408443,0.098697339,0.0010616955,0.0056716489,9.7,1.0,0.1774144172,7.8,0.256,11523.92004,75.08976794
35005,NM,Chaves County,40.365567136,25.224585057,51179.0,5.8227712712,0.0381193013,0.251,0.8094262783,0.7822495234,0.109593559,0.0006189172,0.0015575589,6.3,0.0,0.1563777156,6.1,0.171,13483.896778,72.181719039
35006,NM,Cibola County,33.545373223,36.64810108,47530.0,5.9763208763,0.0518954729,0.31,0.8540205073,0.7323117443,0.0918687589,0.0004782225,0.0037341299,5.1,1.0,0.1953371141,4.9,0.324,16697.435087,70.736407038
35007,NM,Colfax County,54.731541788,38.92556612,54255.0,3.8417007359,0.0344891872,0.262,0.9051173861,0.7818215407,0.1017302737,0.0004042364,0.0101999184,4.9,1.0,0.1072695035,6.4,0.178,13075.238738,75.196095062
35009,NM,Curry County,37.415814418,23.549319222,53858.0,4.9253935984,0.0290245765,0.223,0.821564596,0.878837096,0.1111691672,0.0004166753,0.0069035619,5.8,0.0,0.1692644244,6.8,0.13,12340.458899,72.61696154
35013,NM,Dona Ana County,24.170290959,17.27144382,56233.0,5.4797758285,0.0429747536,0.242,0.8265453568,0.8823895606,0.1212504367,0.0006184878,0.0037387327,9.1,1.0,0.1807093263,6.2,0.246,9397.0822165,76.021343595
35015,NM,Eddy County,30.601628007,27.449357946,66485.0,5.5643324271,0.0263852243,0.189,0.8430723722,0.8526995053,0.1073919107,0.0002955131,0.001509747,7.0,1.0,0.1088953619,7.7,0.222,12798.052199,72.704219805
35017,NM,Grant County,36.327529001,33.690921583,48454.0,5.3839932936,0.0350922131,0.272,0.8966219163,0.8466889511,0.0867512071,0.0006454158,0.0065521258,5.5,1.0,0.1547779273,6.7,0.174,12951.220634,74.313341528
35025,NM,Lea County,29.914490579,19.971788265,60820.0,5.3485571283,0.0349407167,0.2,0.7558187389,0.8437398242,0.1333279339,0.0003013534,0.0013037267,5.6,0.0,0.1471698113,7.7,0.255,12672.944115,72.630318535
35027,NM,Lincoln County,42.773006942,31.077229399,59386.0,4.9945044795,0.0321834013,0.281,0.917893401,0.8306313993,0.1180201196,0.0006361323,0.0054421089,5.1,0.0,0.1226361032,6.7,0.233,12621.00382,75.772201404
35029,NM,Luna County,23.940627244,24.729363736,38641.0,4.0796580838,0.1003072653,0.376,0.7590589673,0.7925567056,0.1229115729,0.0001566661,0.0016590299,5.6,1.0,0.1348811498,4.4,0.207,13151.906753,72.136624014
35031,NM,McKinley County,30.597738592,33.655462253,41427.0,7.5129341033,0.0518198643,0.418,0.8088072337,0.5780538695,0.1379526637,0.000821956,0.0019186883,5.3,0.0,0.2756379393,3.4,0.361,27592.800589,63.94369904
35035,NM,Otero County,26.786540494,27.075226544,51298.0,4.2742961297,0.0401633764,0.308,0.8729192848,0.879555281,0.093002759,0.0004523104,0.0029345536,5.8,1.0,0.1280203476,7.1,0.238,11127.673711,74.863465511
35037,NM,Quay County,47.245954565,40.891389577,43312.0,6.5996163138,0.0415540541,0.327,0.876956794,0.7030716724,0.1018609207,0.0001155268,0.0139835488,5.2,0.0,0.1160714286,5.3,0.129,16626.927498,70.314923049
35039,NM,Rio Arriba County,111.1597669,21.808384865,51703.0,5.82873702,0.0344440506,0.271,0.863876225,0.7128838451,0.0908111021,0.0004977725,0.0054669475,5.4,1.0,0.1312523505,8.0,0.466,21299.484786,69.270406337
35041,NM,Roosevelt County,21.313251514,21.007309452,51111.0,5.4765995106,0.03640993,0.261,0.8588518882,0.8570239911,0.1108521971,0.000420632,0.0030340129,5.7,1.0,0.1675126904,6.3,0.22,10940.860306,74.372114601
35043,NM,Sandoval County,27.326378329,24.142501458,81557.0,3.8082913306,0.0364420795,0.16,0.9261333734,0.8888251018,0.0791670504,0.0006606373,0.0040272932,7.6,1.0,0.122374685,7.2,0.503,9510.9134248,76.809110331
35045,NM,San Juan County,34.272584948,34.423959453,57296.0,4.8888593223,0.0417772535,0.263,0.86445351,0.6917399459,0.1276171822,0.0005289562,0.002817485,6.4,1.0,0.1962352362,5.7,0.324,18277.303577,69.849902159
35047,NM,San Miguel County,72.618065898,23.70496371,46318.0,6.5648796148,0.0463922426,0.3,0.8571643739,0.7510902382,0.0862393968,0.0004788214,0.0110244488,4.9,1.0,0.1912663755,5.1,0.249,14085.431994,74.066021932
35049,NM,Santa Fe County,46.455248471,23.704944962,78366.0,4.9814345168,0.0335635776,0.188,0.9144310278,0.8813231816,0.1204801838,0.001101797,0.0080214932,4.5,1.0,0.1787259889,7.9,0.29,8950.4019466,79.33546092
35051,NM,Sierra County,68.037272593,51.024533432,40498.0,5.1667204128,0.0598400825,0.354,0.9018584936,0.8095589592,0.0913177859,0.000434707,0.0026114206,5.3,1.0,0.1240601504,5.3,0.094,17437.97555,69.586651442
35053,NM,Socorro County,87.814242245,31.250032953,46070.0,6.8489311164,0.0421393841,0.324,0.8469676932,0.5970892378,0.1043812184,0.0004291582,0.0020046357,5.3,1.0,0.1240951396,4.1,0.178,17605.398632,70.968960003
35055,NM,Taos County,52.064914142,22.577345035,53935.0,6.5230455686,0.044165316,0.231,0.9335383692,0.839200498,0.113342838,0.000866476,0.0086905973,5.9,1.0,0.1534267913,6.9,0.331,12929.772206,76.504822905
35057,NM,Torrance County,32.434536294,29.376205042,44780.0,4.227978797,0.0507364975,0.323,0.8653934441,0.7861101489,0.0903871248,6.53296e-05,0.001791083,5.5,1.0,0.1332099907,5.5,0.653,14503.049926,72.84412419
35061,NM,Valencia County,44.235625569,21.069280082,56785.0,4.4716995682,0.040507611,0.239,0.8591923186,0.8026286312,0.1084845034,0.0002979661,0.0022870573,6.8,1.0,0.1397260274,5.3,0.488,11779.073828,74.531131777
36001,NY,Albany County,30.111186359,9.3674089778,81193.0,4.6358145944,0.0328715953,0.146,0.9315769202,0.8937601712,0.0453645756,0.0009625713,0.0045127408,8.7,1.0,0.1419448587,8.4,0.212,7275.973279,78.49584042
36003,NY,Allegany County,18.787891926,17.543282858,57488.0,4.424328422,0.0426826125,0.172,0.9162470628,0.8479216744,0.0505969827,0.0003470264,0.0026151637,6.5,1.0,0.1181763647,8.2,0.326,8270.8479351,76.779175014
36005,NY,Bronx County,53.423223196,5.4045564995,46894.0,7.321794181,0.0682682169,0.355,0.7529963439,0.852733711,0.0731253534,0.0005782667,0.0027866324,8.3,0.0,0.3854778072,7.1,0.568,9450.884202,76.681897585
36007,NY,Broome County,45.907940875,11.134867189,63590.0,5.0979134563,0.0393748266,0.198,0.9101161369,0.8842396156,0.0523904545,0.0007858447,0.0026418193,7.2,0.0,0.1483401209,7.9,0.149,9128.1860818,76.509171381
36009,NY,Cattaraugus County,31.041236753,15.843581866,55944.0,4.8234150136,0.042663766,0.255,0.892208553,0.8150021997,0.0658355056,0.0004317902,0.0019179894,6.8,1.0,0.1322801979,8.0,0.308,10681.179147,74.466671641
36011,NY,Cayuga County,33.053189192,14.503657398,66431.0,4.6472783379,0.0360567487,0.177,0.8892829859,0.8705240314,0.0604174747,0.0002899315,0.0022017856,7.0,1.0,0.1233458585,8.5,0.323,7891.5452779,77.601584497
36013,NY,Chautauqua County,45.134691421,12.353612061,56040.0,4.8477991188,0.0427299034,0.234,0.8997368035,0.85847543,0.0579980702,0.00063088,0.0019376897,5.3,0.0,0.1504241282,7.6,0.208,9667.0887184,75.711401705
36015,NY,Chemung County,39.661180203,15.718545825,60456.0,4.5677210667,0.0399780467,0.223,0.9088482858,0.8692003666,0.0478727622,0.0007827082,0.0034429757,6.8,0.0,0.1342585829,7.9,0.175,9852.2832397,75.02900282
36017,NY,Chenango County,42.22580068,16.632205293,57407.0,4.1708017665,0.0347715274,0.187,0.8872993306,0.8771212121,0.0477388339,0.0003008359,0.0019163763,6.7,0.0,0.1146545178,8.4,0.298,10172.151197,74.865954505
36019,NY,Clinton County,23.93680683,11.407883189,64282.0,4.8719408726,0.035189633,0.158,0.8819051088,0.8672616901,0.05107173,0.0008040605,0.0036356654,6.2,1.0,0.1181284744,8.3,0.22,7270.3238762,77.81640984
36021,NY,Columbia County,23.548998346,13.325376806,73112.0,4.923698069,0.0298337137,0.175,0.9151630263,0.8827113189,0.0551440883,0.0004046748,0.0024805689,7.8,1.0,0.1543810848,8.4,0.372,7809.6266285,79.204849312
36023,NY,Cortland County,29.367523816,9.027340273,63890.0,4.2927219499,0.0424953179,0.165,0.9091189156,0.8705242967,0.0467831225,0.0003670834,0.0042839657,6.7,1.0,0.1245892662,8.3,0.333,8256.0620002,76.195305154
36025,NY,Delaware County,30.062530063,18.781841449,56163.0,4.7715339467,0.0403342439,0.215,0.9041401562,0.8572861139,0.0573104693,0.0003830727,0.0015762216,6.5,0.0,0.1403840952,8.1,0.34,8915.1616061,76.66331899
36027,NY,Dutchess County,39.867109635,12.873607536,96374.0,4.5868596068,0.0326450665,0.088,0.91807645,0.9255538964,0.0466559301,0.0007101699,0.0034830893,8.3,1.0,0.1654808252,8.7,0.421,6545.6152313,79.291172188
36029,NY,Erie County,34.17031079,9.7056600326,70443.0,5.0336885774,0.0380027388,0.179,0.9243553878,0.8903430541,0.0434197435,0.0007321052,0.0041431194,6.8,1.0,0.1468869785,8.2,0.232,8237.5087917,77.04116306
36031,NY,Essex County,25.209554421,11.179070908,70902.0,4.4263165103,0.0381316099,0.165,0.915035618,0.8943200948,0.0543807806,0.0005098208,0.002039429,3.2,1.0,0.1100859052,8.8,0.314,7205.7136132,78.409503545
36033,NY,Franklin County,19.472300652,15.638002187,63624.0,4.4733206566,0.0381555532,0.185,0.8732154591,0.847041697,0.060624671,0.0005268038,0.00352673,6.5,1.0,0.1395474138,7.5,0.206,7951.2864488,77.270243397
36035,NY,Fulton County,30.265389635,16.300855612,63409.0,4.2535433649,0.0436727643,0.202,0.8849580713,0.8657053125,0.05763422,0.0003200542,0.0026419573,7.0,0.0,0.1232151082,8.0,0.324,9921.8618329,74.99475116
36037,NY,Genesee County,25.524706756,13.272923369,71749.0,4.0302156508,0.0329316191,0.141,0.9254285167,0.8858653963,0.0439244206,0.0003111334,0.0020163744,7.2,1.0,0.1236713001,8.7,0.333,7591.1721338,77.374536156
36039,NY,Greene County,36.87289981,12.681911482,70789.0,5.1061813331,0.0382947625,0.188,0.8880063981,0.8456674731,0.0503242993,0.0002886657,0.0010411797,7.4,1.0,0.1415472779,8.8,0.445,8286.1253305,77.599059563
36043,NY,Herkimer County,21.582256065,12.140601012,63771.0,4.4266613378,0.0407353477,0.166,0.9170006524,0.8746165343,0.0474602136,0.000266947,0.0009582409,6.8,1.0,0.0994271686,8.3,0.344,7794.8227736,77.550738865
36045,NY,Jefferson County,24.924712706,13.104719516,61664.0,4.0462615901,0.0435273146,0.188,0.9130382358,0.894284919,0.0481926403,0.0005073305,0.0024828596,6.5,1.0,0.1314951115,7.9,0.212,7377.959493,77.320601254
36047,NY,Kings County,23.679293822,5.6119385857,76353.0,6.7742097729,0.0552572743,0.267,0.8418376426,0.8791892995,0.06479602,0.0006319451,0.0031344376,8.4,0.0,0.3231872583,8.2,0.629,6345.3862704,80.089940544
36049,NY,Lewis County,12.585106785,22.554091494,64941.0,3.9756326777,0.0438048616,0.153,0.9136223413,0.8464135791,0.0536249109,0.0006773793,0.0021470544,6.0,1.0,0.1085604974,8.3,0.319,7010.5355467,78.922248431
36051,NY,Livingston County,21.564272314,13.29513537,70185.0,4.0904942285,0.035151117,0.122,0.9257714162,0.8766903695,0.0425522523,0.0004547079,0.0015697047,6.8,1.0,0.1197417743,8.7,0.402,5954.4119221,79.356431345
36053,NY,Madison County,23.875302705,13.821781514,73680.0,4.4876317214,0.037233881,0.13,0.9328110419,0.8770879787,0.0408009758,0.0007390109,0.0024805368,6.8,0.0,0.1263115416,8.5,0.385,6939.9617177,78.403259836
36055,NY,Monroe County,35.541202663,10.278234093,73263.0,4.8620176077,0.0366607448,0.177,0.9177525869,0.8931331476,0.0415950568,0.0010739446,0.0038317555,6.6,1.0,0.1535958712,8.1,0.173,7509.6387556,78.236670025
36057,NY,Montgomery County,20.896387621,12.693911483,61463.0,4.8103125622,0.0459703099,0.228,0.8852401543,0.8242175315,0.0498575858,0.0005246378,0.0010330579,7.3,1.0,0.1494313674,6.4,0.365,9218.5921438,75.200585673
36059,NY,Nassau County,19.219736852,5.7432281216,140466.0,,0.0312076904,0.063,0.9214587886,0.9368657855,0.0440136146,0.0013631393,0.0038611436,8.2,0.0,0.1974645869,9.9,0.47,4799.8188766,81.322902724
36061,NY,New York County,29.257254441,7.1724941086,100869.0,,0.0459428598,0.201,0.8917320148,0.9113307608,0.047343077,0.0013685287,0.0111189639,8.7,0.0,0.2478509935,8.2,0.675,4960.2431971,83.016916755
36063,NY,Niagara County,39.782606284,12.489209548,65932.0,4.8000359518,0.0406692303,0.2,0.920315719,0.8860131376,0.0444720874,0.0003827019,0.0017712466,7.9,0.0,0.1229590137,8.2,0.311,9535.2236515,75.418682898
36065,NY,Oneida County,34.52465235,13.396155947,61566.0,4.5691405841,0.0371239854,0.196,0.8893184719,0.8780852259,0.0452620252,0.0007035097,0.002245611,7.0,1.0,0.1303582237,8.0,0.226,8898.4210057,76.278820394
36067,NY,Onondaga County,37.695464907,11.00457362,74388.0,4.9595945991,0.0349531726,0.192,0.9174426339,0.8953391156,0.044200215,0.0009234293,0.0035372847,6.4,1.0,0.1489585249,8.2,0.175,7762.1618317,77.742598281
36069,NY,Ontario County,15.50822234,14.776670122,79364.0,4.0486299144,0.0328318836,0.101,0.9332621595,0.9032379834,0.0428203628,0.0008266079,0.0030046047,6.9,1.0,0.1142979912,8.8,0.325,6295.8627218,79.758892306
36071,NY,Orange County,33.871372418,9.7220926243,93492.0,4.7906767077,0.0343784208,0.191,0.8967645148,0.8859231962,0.0546726435,0.0006674495,0.0028173853,8.1,1.0,0.2092113185,8.4,0.456,6631.0613457,78.790827102
36073,NY,Orleans County,13.390578055,9.0401314532,65156.0,4.3816477312,0.03969129,0.152,0.8672520838,0.8703726555,0.0566112041,7.46436e-05,0.0007667928,7.1,0.0,0.1663066955,8.3,0.445,7355.4793229,76.931193356
36075,NY,Oswego County,33.236747912,12.530782379,68613.0,4.5788956021,0.0431010038,0.188,0.9000659918,0.8969702113,0.0504900473,0.0004003851,0.0018533877,6.9,0.0,0.1388235294,8.1,0.387,9165.3279168,76.210599947
36077,NY,Otsego County,26.484841654,16.22808582,63863.0,4.3298829883,0.0383616532,0.186,0.9211974522,0.856334041,0.0503367337,0.0013763914,0.0022785484,6.5,1.0,0.1300668151,7.7,0.32,8049.1397125,77.679478008
36079,NY,Putnam County,22.749420229,6.3141364472,120930.0,4.1523153824,0.0312577857,0.071,0.9326624408,0.9458264392,0.0442849886,0.000530959,0.0047929839,8.2,1.0,0.1704184704,9.0,0.598,4623.5417127,81.563958486
36081,NY,Queens County,20.08780404,6.0576148791,81399.0,5.0021711329,0.0460298526,0.176,0.8269196907,0.9068471318,0.0871408739,0.0005894104,0.0021192649,7.4,0.0,0.2992618921,8.8,0.636,5787.7122272,81.207949414
36083,NY,Rensselaer County,27.394796662,10.864316624,82846.0,4.6197471614,0.0330344103,0.163,0.9272470796,0.9019823955,0.0438469592,0.0004805532,0.0020903299,8.1,1.0,0.1277509798,8.5,0.306,7121.6650436,77.745827557
36085,NY,Richmond County,32.672262277,6.7122377434,93337.0,5.008744829,0.0488112972,0.175,0.8853629868,0.8950525443,0.0497154002,0.0008125732,0.0026615745,7.7,0.0,0.2294284197,9.0,0.53,6375.6080083,79.04440445
36087,NY,Rockland County,17.621162917,5.6134910118,105923.0,5.4183212445,0.0311896491,0.231,0.8769955032,0.877541536,0.0521966505,0.000848989,0.0034418307,8.4,1.0,0.2588586531,8.6,0.418,5422.6001626,81.013304227
36089,NY,St. Lawrence County,21.673906784,12.43536692,57832.0,5.4625459765,0.043721297,0.214,0.8911067721,0.8474791527,0.0602078082,0.0005460384,0.0024780251,6.9,0.0,0.1547604609,7.5,0.269,8243.2759042,76.773624978
36091,NY,Saratoga County,17.127796007,10.195445534,94394.0,4.1608415338,0.0288238749,0.083,0.9422731122,0.9196173687,0.037467748,0.0006951495,0.0024003921,8.2,1.0,0.1088623122,9.1,0.367,5526.2496088,80.245541928
36093,NY,Schenectady County,28.508679309,9.3166917919,74791.0,4.3947831796,0.0350904017,0.187,0.9184336199,0.8829383029,0.0454541881,0.0007970194,0.0028454929,8.0,0.0,0.1498197903,8.7,0.311,8451.919603,77.075693617
36095,NY,Schoharie County,24.160425223,14.025750063,63768.0,4.2128650432,0.0415579201,0.165,0.9198089142,0.8603585497,0.0502873563,0.0003013763,0.0015944195,6.6,1.0,0.1213872832,8.7,0.474,7415.0876014,78.92809918
36097,NY,Schuyler County,24.488104432,15.992219809,65210.0,4.8935147498,0.0391795628,0.189,0.9079235592,0.8505064146,0.0552133581,0.0006196485,0.0023419204,6.6,0.0,0.1173740053,8.4,0.388,7968.6394513,76.546827065
36099,NY,Seneca County,18.894004634,12.410140471,58581.0,4.1509923242,0.0348741794,0.21,0.8461474107,0.8467724249,0.0603958376,0.0002671574,0.0024112028,6.9,1.0,0.118338846,8.4,0.272,7640.3585259,77.559545914
36101,NY,Steuben County,24.26803329,13.459053604,64261.0,4.4849927697,0.0397000655,0.191,0.9179255544,0.8600575599,0.0471079718,0.0005594526,0.0024956056,5.7,1.0,0.1091849935,8.1,0.275,8363.0029182,76.303825723
36103,NY,Suffolk County,33.494753299,8.466240449,123219.0,4.1977385699,0.0339044405,0.086,0.904836603,0.9266553447,0.0567241181,0.0007128144,0.0033141409,6.4,1.0,0.1931996875,9.3,0.433,6452.6881782,79.39597492
36105,NY,Sullivan County,62.907517448,12.500686631,68063.0,5.1430587405,0.0331780538,0.206,0.8765445383,0.8759887473,0.0605475462,0.00032579,0.0022147147,6.9,1.0,0.1596390769,8.3,0.338,9701.3104606,76.114977732
36107,NY,Tioga County,15.314362087,12.356034297,67616.0,4.3193402349,0.0338416265,0.18,0.9198901417,0.8967052538,0.0417062125,0.0002709462,0.0018023682,7.1,0.0,0.0903273443,8.9,0.349,6675.6575119,78.584203937
36109,NY,Tompkins County,25.080627787,12.718499463,68222.0,5.6186738053,0.0312702659,0.125,0.958789869,0.8981487901,0.0469285348,0.0007987676,0.0044612681,6.8,0.0,0.2092562369,8.3,0.2,5563.1840382,80.928822582
36111,NY,Ulster County,42.726700136,12.975189495,84593.0,5.2266339505,0.0344671918,0.13,0.9174762702,0.9116613091,0.0698218659,0.0005957879,0.004217558,8.0,1.0,0.1809818105,8.1,0.377,7045.1076739,78.797974881
36113,NY,Warren County,20.515661143,10.932035293,73115.0,4.6421444066,0.0368369196,0.15,0.9188281471,0.8925801405,0.0493782079,0.0011124996,0.0047568064,7.3,1.0,0.1138072454,8.4,0.276,7391.2897469,78.115875234
36115,NY,Washington County,29.05653964,13.998109733,71396.0,3.909221902,0.0339858422,0.155,0.9031559406,0.861878453,0.053798786,0.0003609161,0.0018318983,7.6,1.0,0.1260643821,8.6,0.402,8493.2920187,76.567769539
36117,NY,Wayne County,25.424946663,14.754352364,73028.0,4.2418888532,0.0336153723,0.143,0.9099308572,0.8819004762,0.0541532813,0.0002309647,0.0012551057,7.1,1.0,0.1209954991,8.8,0.377,8850.1273632,77.249592324
36119,NY,Westchester County,19.091954163,7.1483978602,114020.0,,0.0337050157,0.111,0.8935459164,0.92415788,0.0530833465,0.0013157697,0.0049030245,8.8,1.0,0.2209019936,9.3,0.436,4880.7026119,82.0021868
36121,NY,Wyoming County,20.063199077,12.077258137,70775.0,3.8734460076,0.0392395525,0.132,0.8665182787,0.8459078891,0.0458775679,0.0003457558,0.0026307801,6.8,1.0,0.0901071204,8.5,0.397,6544.6363948,78.147555658
37001,NC,Alamance County,31.826617789,12.407518111,66395.0,4.3171938505,0.0339492509,0.16,0.885417997,0.8818690551,0.1258019706,0.0003853299,0.0019200179,7.4,0.0,0.1315789474,7.2,0.37,9570.5766712,75.398043748
37003,NC,Alexander County,23.508775102,19.077714685,62976.0,3.8472704757,0.0321989674,0.174,0.8557466475,0.8463476071,0.1192650654,0.0001910272,0.0009047789,7.7,0.0,0.0963319748,7.4,0.393,10846.763323,74.110219268
37007,NC,Anson County,30.720168522,14.346928987,50503.0,4.6597134429,0.0403390821,0.33,0.8242482406,0.8438777965,0.1246721679,0.0004533092,0.0008676988,7.5,0.0,0.187947494,7.5,0.479,15560.325955,70.38965243
37009,NC,Ashe County,17.28672503,27.334779729,54589.0,4.3057689025,0.0300312012,0.22,0.8750121206,0.8018168181,0.1360390444,0.0004866909,0.0017736393,5.9,0.0,0.089978678,6.8,0.325,9771.2456655,75.700201121
37013,NC,Beaufort County,42.70577927,18.10750122,55960.0,5.1506526951,0.0404624277,0.305,0.8807825928,0.8457833848,0.1220778423,0.0005172259,0.0020682988,5.9,0.0,0.1480086114,7.1,0.35,12292.83971,73.732709978
37015,NC,Bertie County,39.283910433,13.398952773,44371.0,5.2912664731,0.0437686514,0.335,0.8197166114,0.6990318907,0.1169470293,0.0002856327,0.000709136,6.1,0.0,0.2121001391,5.4,0.35,14627.582675,71.951656695
37017,NC,Bladen County,67.477852028,12.812224069,49661.0,6.1479119397,0.0422379935,0.291,0.8855598748,0.8342071336,0.1397153946,0.0002370872,0.001017501,6.2,1.0,0.1901653612,6.9,0.446,16587.919219,70.337360105
37019,NC,Brunswick County,37.193212015,18.068224026,76797.0,3.9159118485,0.0420598681,0.168,0.9332941297,0.9265317524,0.102509465,0.0004368478,0.0012565327,6.2,0.0,0.1411520498,7.6,0.325,10047.602349,77.058210536
37021,NC,Buncombe County,46.500123671,17.912315804,71218.0,4.5837174598,0.0270656555,0.164,0.9230495243,0.8772791024,0.1310977056,0.001406822,0.0089561111,5.1,0.0,0.1350712044,7.3,0.2,8557.0057768,77.403702065
37023,NC,Burke County,51.14512429,15.080469561,55616.0,4.5535655468,0.0328021574,0.244,0.8512218903,0.8277813397,0.1347497526,0.0006277751,0.0033054857,7.5,0.0,0.1136,6.7,0.285,11521.193535,74.169901722
37025,NC,Cabarrus County,31.079624837,9.9346491598,85540.0,4.2368651263,0.0324456636,0.124,0.9181093957,0.9127037452,0.087938851,0.0007912555,0.0034622692,8.5,1.0,0.1163209498,8.1,0.435,7537.1455383,77.189573148
37027,NC,Caldwell County,45.668675814,19.054078943,56239.0,4.4030418251,0.0338371741,0.181,0.8278117349,0.851583959,0.130885963,0.0004971229,0.0011045747,7.4,0.0,0.1149497487,6.4,0.343,12862.81242,72.358851842
37031,NC,Carteret County,47.715672429,21.449719727,76397.0,4.6667469051,0.0324248264,0.144,0.9270379737,0.9201871915,0.1225866805,0.0006127719,0.0020254256,5.7,0.0,0.1119055537,7.5,0.291,10599.324168,75.610298921
37033,NC,Caswell County,29.511147836,11.109879516,57865.0,4.8294125615,0.0355216285,0.233,0.8365124255,0.7957819523,0.124786433,0.0002201286,0.000701539,7.3,0.0,0.096567772,7.9,0.545,10423.128188,74.412573947
37035,NC,Catawba County,38.517627479,16.394717955,65898.0,4.2779578324,0.0329104036,0.156,0.8749878401,0.8748178709,0.1195256312,0.0006368915,0.0027453005,7.9,0.0,0.1150903211,7.2,0.258,11083.710082,73.919751616
37037,NC,Chatham County,30.406722027,11.985325636,95716.0,5.2364624478,0.0295716574,0.117,0.9038664841,0.8667720832,0.1145377427,0.0009372312,0.0017886896,7.5,0.0,0.1322602058,8.3,0.426,7551.9065025,79.932654518
37039,NC,Cherokee County,49.001732154,23.800386399,53926.0,4.1197899838,0.0386579139,0.245,0.9142631371,0.8221131728,0.1345510805,0.0004114239,0.0016689476,6.1,0.0,0.0974130962,7.4,0.317,12641.295517,74.248946833
37041,NC,Chowan County,33.753646599,,60808.0,4.9034722222,0.0360040568,0.246,0.8737734591,0.8330272166,0.1145667727,0.0007287567,0.0015837593,5.7,0.0,0.1451355662,6.1,0.337,10587.934218,74.440706024
37043,NC,Clay County,31.950737772,22.40827533,53229.0,5.8089455388,0.037098692,0.222,0.8993554224,0.7907161278,0.1326596709,0.0004421257,0.0015171949,,0.0,0.1834951456,7.8,0.292,10395.654813,76.828852682
37045,NC,Cleveland County,27.327503466,17.083827436,61411.0,4.7998380981,0.0346627436,0.26,0.8746421859,0.8076468376,0.1096124188,0.0004384261,0.0016374361,8.1,0.0,0.1517796263,7.3,0.327,12476.455436,72.02350536
37047,NC,Columbus County,54.93404683,11.56129406,50837.0,4.7790830235,0.0399462606,0.302,0.8651046915,0.8023612628,0.1373130232,0.0003992654,0.0016759442,6.5,0.0,0.1430057202,7.4,0.425,16521.376216,69.739990661
37049,NC,Craven County,66.384614622,18.390626289,61761.0,4.3340113628,0.0346624907,0.251,0.9177295269,0.8355999228,0.1097625947,0.0007449788,0.0032620054,5.7,0.0,0.14782286,7.4,0.258,12560.091878,73.583646672
37051,NC,Cumberland County,54.929201811,16.659932328,61511.0,4.3235955056,0.0471444465,0.22,0.9260009436,0.8969153437,0.106154194,0.0007063915,0.0046553612,6.8,0.0,0.1829258549,6.5,0.261,12884.378328,72.851337042
37053,NC,Currituck County,34.551939367,17.120577346,86047.0,3.8926533353,0.0305759022,0.105,0.9390295458,0.9139775594,0.0983365001,0.0002697872,0.0008229671,6.0,0.0,0.111682243,8.8,0.626,6917.8533778,77.144755739
37055,NC,Dare County,46.766494013,15.82108981,79646.0,4.1639159185,0.0395457912,0.133,0.9522857243,0.9287751016,0.11023403,0.0005816105,0.0021516662,5.9,0.0,0.1370814908,7.9,0.237,8306.9062774,78.170651817
37057,NC,Davidson County,58.931773788,18.01898105,63551.0,4.236292195,0.0336850899,0.212,0.8769982606,0.8713364082,0.1231065682,0.0002812989,0.0012642731,8.3,0.0,0.1139060984,7.1,0.319,12216.701491,73.31963788
37059,NC,Davie County,40.486139226,12.866669417,76153.0,3.8535782456,0.0314022478,0.139,0.9073043646,0.9166716055,0.1024070022,0.0004134794,0.0010314133,8.3,1.0,0.1271446078,7.4,0.402,9312.3777364,76.350943987
37061,NC,Duplin County,31.989967946,11.831028095,52947.0,4.4357003257,0.0331478724,0.268,0.8191306446,0.7886146497,0.1566475041,0.000226734,0.0007471729,5.9,0.0,0.1374527112,7.2,0.401,11990.440269,73.751902533
37063,NC,Durham County,31.943633178,8.7298165998,81413.0,4.4889165347,0.0305756282,0.151,0.9071167444,0.9282320833,0.1058720394,0.0011958568,0.0077176068,7.3,0.0,0.1571633022,8.0,0.266,7259.3175634,79.186138445
37065,NC,Edgecombe County,46.78314993,12.654088782,49972.0,4.9976649154,0.0573181682,0.39,0.8438569574,0.7757128961,0.1110046799,0.0003928948,0.0007372215,6.7,1.0,0.1747144341,6.9,0.321,16248.145498,70.482550684
37067,NC,Forsyth County,39.70572876,12.437992833,65556.0,4.6186132687,0.0353355578,0.232,0.8992224202,0.8919180958,0.1149086566,0.0011387129,0.0038990026,8.1,0.0,0.1518752074,6.8,0.247,9571.269441,75.848426857
37069,NC,Franklin County,32.095221938,18.185058454,70898.0,4.1830806846,0.034866065,0.15,0.8766393768,0.8765031703,0.1273934347,0.0001255178,0.0014025792,7.3,1.0,0.1258096173,8.5,0.598,9622.1075892,76.316228023
37071,NC,Gaston County,39.32687428,17.020870005,67076.0,4.6921491406,0.0339184588,0.185,0.8805209654,0.8717804241,0.1121335776,0.0005241363,0.0030180154,8.4,1.0,0.1490812761,7.1,0.422,11888.859086,72.983767606
37073,NC,Gates County,31.043367585,,64047.0,4.0758988527,0.0334422449,0.195,0.8960815462,0.7428300545,0.0917789248,,,6.1,0.0,0.1316425121,7.5,0.621,11365.864398,74.570263049
37075,NC,Graham County,40.82132506,,51841.0,4.5561888912,0.043537415,0.233,0.8475514795,0.806763285,0.1645826293,0.0003729952,0.000993542,5.9,0.0,0.1015873016,7.7,0.278,11940.546655,74.515406192
37077,NC,Granville County,32.542372881,16.335266433,72896.0,4.8581583916,0.0304780027,0.158,0.8661947711,0.8878066378,0.1199711424,0.0005162456,0.0039554927,7.3,0.0,0.1374822527,7.7,0.522,9719.9300348,75.579486222
37079,NC,Greene County,22.743518097,10.583651107,52145.0,4.0283889594,0.0289059262,0.297,0.7783884042,0.8042746304,0.1789457922,0.0001469364,0.0006332197,6.4,0.0,0.1607669617,7.8,0.402,9574.0307253,74.865428194
37081,NC,Guilford County,38.243570415,11.229561833,65890.0,4.6303901437,0.0391404333,0.206,0.9027797489,0.893126729,0.1009688412,0.0008075072,0.0035354068,6.4,0.0,0.1522423664,7.7,0.245,9266.7333887,76.246124474
37083,NC,Halifax County,36.40134891,15.220853222,48520.0,6.0637506414,0.0517795995,0.416,0.8090737788,0.7022546746,0.1224448609,0.0004764667,0.0017548311,6.7,0.0,0.1882793017,7.0,0.343,15814.706228,70.414980128
37085,NC,Harnett County,41.276562682,14.636069633,70074.0,4.3032535083,0.0390525313,0.183,0.886623482,0.8349678242,0.1185178839,0.0002721269,0.001109721,7.5,0.0,0.1319171535,7.5,0.514,10063.549892,74.550370405
37087,NC,Haywood County,40.413278953,20.535829073,64553.0,4.404026698,0.0301173403,0.173,0.9160371569,0.8291872105,0.1215693022,0.0006882643,0.0040654925,5.8,0.0,0.140530303,7.8,0.342,10919.559839,74.560685099
37089,NC,Henderson County,31.693927217,18.944148628,63765.0,4.195447207,0.0290719344,0.155,0.9111623553,0.879975408,0.1361021696,0.0008730709,0.0027509855,6.3,1.0,0.1171681781,7.5,0.288,8874.5781303,77.360173363
37091,NC,Hertford County,22.984630943,,48964.0,4.8069800224,0.0467023173,0.32,0.8471949509,0.7951734902,0.1185690715,0.0006109597,0.0026731095,6.2,0.0,0.1613098848,6.9,0.362,13850.63179,72.217726441
37093,NC,Hoke County,36.256152792,13.538299874,60257.0,5.0625721133,0.0443848965,0.243,0.8886240772,0.8843468528,0.1116932241,0.0002071017,0.0020387173,7.3,0.0,0.1717029088,7.2,0.509,12067.008587,72.722518981
37097,NC,Iredell County,21.267879401,14.471214213,84335.0,4.2127203364,0.0324595292,0.119,0.9121405033,0.9261023095,0.0988284179,0.0006771962,0.0026187973,8.6,0.0,0.1096171538,8.1,0.33,8077.4468302,76.553302242
37099,NC,Jackson County,51.381156153,19.012292288,55462.0,4.7229921983,0.0359460809,0.213,0.8978229836,0.7648645673,0.1569409085,0.0007141212,0.0047561359,6.3,1.0,0.1609467456,7.6,0.27,10730.462681,76.326940899
37101,NC,Johnston County,27.895526089,13.561727264,79666.0,4.2844518749,0.0317958429,0.141,0.8947712375,0.861713633,0.1268320293,0.0002693109,0.001136575,6.6,1.0,0.1298607462,8.4,0.55,8163.1657272,76.453118623
37105,NC,Lee County,53.134132429,12.377807139,62680.0,4.3254835997,0.0398381575,0.229,0.8513791214,0.7603309137,0.1377060891,0.0005145156,0.0021771873,7.3,0.0,0.1455004205,7.1,0.39,12121.693985,73.748946311
37107,NC,Lenoir County,35.138950315,10.980117038,51601.0,5.0389372916,0.0343412527,0.32,0.8247922619,0.7959005669,0.1288809363,0.0005666654,0.0017670097,6.2,0.0,0.1693388974,6.1,0.305,14784.922929,70.906473993
37109,NC,Lincoln County,32.119677179,15.797835061,79109.0,4.6036408138,0.030020507,0.132,0.8999416928,0.9044309296,0.1031833882,0.0004349281,0.0008675203,8.4,0.0,0.1150155027,7.8,0.502,8826.2761746,76.165690489
37111,NC,McDowell County,39.18611185,14.864188072,53697.0,4.0766046365,0.0322055632,0.201,0.8612028879,0.829601518,0.135774978,0.0003354429,0.0021161428,6.2,0.0,0.0930807249,7.7,0.342,10421.91577,74.290031176
37113,NC,Macon County,41.210144863,22.910759402,58765.0,4.8224413743,0.0316555488,0.205,0.9003686113,0.8078496407,0.162314062,0.0005590459,0.0022388837,6.2,1.0,0.1287878788,7.5,0.293,10667.061914,75.355203202
37115,NC,Madison County,38.455622212,16.290702941,59505.0,4.8495917852,0.0316653636,0.2,0.9085423944,0.8172401476,0.107722177,0.0005580876,0.0021294912,5.8,0.0,0.1274154589,7.4,0.493,11508.655702,74.713652253
37117,NC,Martin County,39.731051345,11.755113161,49033.0,4.544252845,0.0436039787,0.308,0.8330814759,0.8145497276,0.1264338188,0.000413717,0.0012122908,6.1,0.0,0.1306695464,7.3,0.411,14542.764691,71.137415952
37119,NC,Mecklenburg County,23.376228025,9.5654698124,84796.0,4.4408691801,0.0335769384,0.142,0.907949829,0.9313909733,0.1131563274,0.0009275793,0.0041780492,8.4,0.0,0.1533083846,8.3,0.352,6928.6760736,78.815017433
37121,NC,Mitchell County,35.604610797,20.779617129,56746.0,5.0520108001,0.0362049459,0.198,0.8970917226,0.8047106536,0.1135144798,0.0004678206,0.0012667511,5.2,0.0,0.0892857143,7.6,0.363,10459.259312,74.059983163
37123,NC,Montgomery County,54.47865197,14.40926703,55005.0,4.4934880722,0.0362454359,0.212,0.8395684612,0.7866997519,0.1619288815,0.0002713389,0.0014567759,7.6,0.0,0.1185510428,7.3,0.393,14448.352327,72.271910146
37125,NC,Moore County,33.050319914,17.040130967,78955.0,4.218961234,0.0344130495,0.126,0.9273456924,0.8957350399,0.1019142391,0.0011093487,0.0027315759,7.5,1.0,0.1284640966,7.9,0.417,9155.665447,76.952004172
37127,NC,Nash County,36.036162114,12.117991556,65457.0,4.4227362956,0.0455118297,0.213,0.8639873798,0.8253547727,0.1401029833,0.0005043288,0.0015535831,6.9,1.0,0.1611741161,7.8,0.288,11978.98828,73.536759314
37129,NC,New Hanover County,40.824949468,15.521922865,79106.0,4.7257904028,0.03142696,0.155,0.9356466368,0.9187309526,0.1089382,0.000921325,0.0059241706,4.1,0.0,0.172406745,7.5,0.206,8454.0152961,77.610564982
37131,NC,Northampton County,26.417088082,23.559199229,44182.0,6.5976814337,0.0459548707,0.318,0.8453735014,0.6979070686,0.101521511,0.000116761,0.0009572241,6.3,0.0,0.1778228533,8.2,0.399,14714.148572,71.999271572
37133,NC,Onslow County,35.795212512,21.448902348,66982.0,3.8325182577,0.0401247879,0.162,0.9322696478,0.9216586684,0.0946086087,0.0003104385,0.0028875494,5.7,1.0,0.1483139577,6.5,0.317,10504.842311,74.122873459
37135,NC,Orange County,19.6236715,9.9023650804,86736.0,5.7702391031,0.0289120356,0.082,0.9322213766,0.9356667139,0.0812421339,0.001820209,0.0082987001,7.4,0.0,0.1736789267,8.6,0.319,5802.0210001,81.579122641
37137,NC,Pamlico County,90.811965812,19.24853814,61996.0,5.5233270901,0.0326164875,0.254,0.900305499,0.8529074216,0.1247595846,0.0003240441,0.0012074378,5.6,0.0,0.12109375,7.8,0.353,13807.723587,73.754228736
37139,NC,Pasquotank County,43.396025579,10.576276339,59463.0,4.0315650421,0.0405460831,0.232,0.8999928566,0.8990515785,0.098906432,0.0005634355,0.002630055,6.0,0.0,0.1497343958,7.5,0.361,11395.204483,73.795125955
37141,NC,Pender County,34.674961055,19.264908726,72161.0,4.2204062155,0.0319527379,0.144,0.9053306146,0.8802583637,0.1167275217,0.0003343151,0.0016345354,5.7,1.0,0.1324210991,7.9,0.529,9267.4772165,75.668466856
37143,NC,Perquimans County,57.489939261,14.474034081,61157.0,4.5936143342,0.0400158479,0.248,0.8672403196,0.841218638,0.1145689012,0.0001523229,0.0006727966,5.8,0.0,0.149956408,7.9,0.524,13273.443934,73.677203797
37145,NC,Person County,27.862679208,15.710387992,64466.0,5.1236256923,0.0348825065,0.192,0.8908571429,0.875208192,0.1091720119,0.0003578092,0.0010821149,7.2,0.0,0.1481946625,7.5,0.501,10159.373872,74.848671178
37147,NC,Pitt County,39.157452685,10.948369319,60268.0,4.8976800034,0.0393285479,0.232,0.9091361783,0.8705520135,0.1046088646,0.0011384163,0.004865263,5.7,0.0,0.1891473958,7.2,0.233,10748.322995,74.940596903
37149,NC,Polk County,31.31592827,26.9713749,59012.0,4.951221469,0.0328440173,0.198,0.9187331363,0.8285779764,0.1234632293,0.0007631258,0.0022432702,7.1,0.0,0.1006399069,7.9,0.451,10656.535167,76.525709274
37151,NC,Randolph County,65.860128691,18.130234623,59336.0,4.1646270723,0.0360633173,0.206,0.8395988732,0.8603651044,0.1341389984,0.0004270796,0.0012545945,8.1,0.0,0.1344274056,6.9,0.331,12479.039103,72.923887334
37153,NC,Richmond County,77.021427361,7.1479068431,50242.0,5.4714789589,0.0456570156,0.31,0.8417847805,0.845519777,0.124679941,0.0002106544,0.0026462527,7.5,1.0,0.1807857581,6.3,0.348,17666.001239,68.747566383
37155,NC,Robeson County,88.707677897,12.982349995,42180.0,5.8415841584,0.0496889258,0.379,0.7888203711,0.736173498,0.1519726466,0.0005071866,0.0028799046,7.2,1.0,0.1580255682,6.4,0.33,18937.527286,67.946062542
37157,NC,Rockingham County,65.571859472,18.360279534,58508.0,5.1011446886,0.039703869,0.186,0.8438811558,0.8199036342,0.1250664354,0.0003067955,0.0015564539,7.6,1.0,0.128279499,6.7,0.394,13516.305317,71.943529126
37159,NC,Rowan County,59.506234527,17.343611806,65139.0,4.4845364713,0.0338293033,0.207,0.8806459802,0.8872095842,0.1144731523,0.0003442457,0.0026044929,7.6,1.0,0.1339100658,7.2,0.353,12311.857797,72.664422403
37161,NC,Rutherford County,52.383979657,19.463099846,50714.0,4.245745614,0.0461216792,0.203,0.8659725911,0.8261687164,0.1227666868,0.0004490137,0.0019539896,7.6,0.0,0.1427193828,6.9,0.35,13777.651332,71.868472251
37163,NC,Sampson County,28.651400613,6.8896348341,53637.0,4.8381684249,0.0354921724,0.26,0.8429031933,0.8289479856,0.1663100231,0.0004238006,0.0006375732,6.6,0.0,0.1381578947,7.6,0.434,12311.650074,72.732589349
37165,NC,Scotland County,53.384582533,10.373204394,45604.0,5.3453589774,0.0630678781,0.429,0.8235874132,0.8453458306,0.1107835598,0.000584334,0.0022108448,7.2,1.0,0.1927957429,6.2,0.302,16834.590939,69.485470842
37167,NC,Stanly County,38.78061179,14.526436921,65784.0,4.6686188193,0.0302284272,0.145,0.8713268231,0.8726878376,0.1256615067,0.0003783997,0.0022070351,8.1,0.0,0.1309498625,7.9,0.424,10232.764578,74.088331901
37169,NC,Stokes County,62.00589056,12.43189202,61374.0,3.9122974611,0.0310461296,0.152,0.8990221152,0.8486115412,0.1041305604,0.0002693421,0.0007467276,7.5,0.0,0.1217043941,7.6,0.524,12066.980046,73.662957863
37171,NC,Surry County,38.275189275,14.047999829,58211.0,5.0837696335,0.0316978638,0.163,0.8264968052,0.8335490022,0.1337224918,0.0005621767,0.0014972993,7.6,0.0,0.1186855445,7.3,0.309,10741.719631,73.671789697
37173,NC,Swain County,63.856960409,26.748674859,54357.0,5.5041349192,0.0293580559,0.233,0.8714579055,0.7579235909,0.1941841368,0.0006366723,0.0041678643,6.1,0.0,0.1371480472,7.3,0.227,19176.993616,67.330724396
37175,NC,Transylvania County,17.818606585,15.024732771,62002.0,4.7631558877,0.0322753808,0.184,0.9383151216,0.8617546265,0.1361332368,0.0006633499,0.0033384005,5.8,0.0,0.1126461211,7.9,0.32,7664.9214692,79.089114976
37179,NC,Union County,19.53125,9.2792340092,98776.0,4.1614049714,0.029963956,0.102,0.9044168283,0.9338570612,0.1045255693,0.000685415,0.00147396,8.1,0.0,0.1014972921,8.4,0.486,6695.6725976,78.458357437
37181,NC,Vance County,44.946954844,10.276181904,45408.0,4.6391398047,0.0538443171,0.367,0.8543709649,0.8190411044,0.1305319214,0.0003792817,0.002978653,7.0,0.0,0.162464986,7.6,0.323,16711.242726,70.064258836
37183,NC,Wake County,19.464953828,9.2512111405,103084.0,4.4759623063,0.0300086003,0.082,0.9395001715,0.9465572799,0.085461229,0.0008641945,0.0042964861,9.0,1.0,0.126591574,8.5,0.367,5322.47904,80.990179739
37185,NC,Warren County,35.089566118,15.189962735,47866.0,4.9831872099,0.0537019384,0.306,0.8672503381,0.7649432535,0.1503442689,5.32992e-05,0.0011679762,6.7,0.0,0.1182934712,7.6,0.389,14444.994832,72.997202267
37189,NC,Watauga County,21.717622644,16.66150767,62045.0,6.5434559499,0.0299976643,0.123,0.9244430197,0.8901684996,0.1206635714,0.0007928606,0.0052422006,6.0,0.0,0.2105263158,7.9,0.245,6649.3422664,79.380888249
37191,NC,Wayne County,26.809052523,12.820239189,56313.0,4.2570883315,0.0374334667,0.222,0.8640803938,0.8873272479,0.1363429882,0.0005135447,0.0028225739,6.8,0.0,0.1547262618,6.9,0.267,11853.559434,73.237730456
37193,NC,Wilkes County,32.559747136,19.822268351,50848.0,3.9927342409,0.0372536361,0.207,0.8187498689,0.8637256719,0.1346288691,0.0003799046,0.002423765,7.1,0.0,0.0979277462,7.3,0.337,12046.845182,73.660016419
37195,NC,Wilson County,38.10768142,13.160417106,52620.0,5.5804742554,0.0494372754,0.27,0.8442379113,0.8172550213,0.1290794911,0.0003955646,0.0021907053,6.8,1.0,0.1574421513,7.6,0.286,12402.956136,72.643295825
37197,NC,Yadkin County,43.640897756,19.996965046,61626.0,4.6435284747,0.0314629714,0.178,0.8651176713,0.8379775734,0.1342103469,0.0002419875,0.0009530365,7.9,0.0,0.1082265678,7.5,0.425,12329.716173,73.586193213
37199,NC,Yancey County,26.945946431,24.273972309,54913.0,5.2323002559,0.0311790706,0.22,0.88113879,0.8050806058,0.1276564668,0.0005864477,0.0023761749,5.5,0.0,0.1187664042,7.8,0.375,8896.6118694,75.98610259
38015,ND,Burleigh County,15.623673261,16.144432687,86521.0,4.1712444623,0.0174999519,0.072,0.9519419292,0.8867471074,0.0588679729,0.0011219714,0.003349598,6.9,0.0,0.1018436109,9.5,0.101,6798.0101021,79.423717305
38017,ND,Cass County,15.447443182,17.124058404,75477.0,4.4057712106,0.0168554974,0.08,0.9582889852,0.8912793261,0.0719538896,0.0009862673,0.0034018802,6.4,0.0,0.1199102276,9.5,0.11,6729.9533316,79.07901168
38035,ND,Grand Forks County,14.445547277,15.189165741,72369.0,4.2765294407,0.0171750698,0.094,0.9572139303,0.8754066677,0.0643961369,0.0012241249,0.0038372669,6.7,0.0,0.1673687622,8.6,0.109,6700.5819654,78.634441618
38053,ND,McKenzie County,39.563406177,30.761904732,99157.0,3.8052031407,0.012649189,0.089,0.9234905343,0.8561759729,0.0842550423,0.0001447283,0.0002806624,3.5,0.0,0.1663286004,7.8,0.248,13744.20467,74.308715868
38059,ND,Morton County,14.166599207,18.067586184,80159.0,3.7457691528,0.0232395189,0.102,0.9447046578,0.8959272674,0.0666860275,0.0003867781,0.0003245316,5.8,0.0,0.0929353986,9.5,0.172,7420.5589229,77.279984167
38061,ND,Mountrail County,40.860800872,22.871029035,73541.0,4.5435186907,0.0122801698,0.148,0.8859533968,0.8627246679,0.1184403792,0.0005221387,0.0006394543,5.0,0.0,0.1051873199,9.2,0.304,18735.527951,68.660315102
38079,ND,Rolette County,39.322602632,27.787418095,56952.0,7.4189526185,0.0551330798,0.249,0.8392255892,0.8646228974,0.1043509443,0.000498008,0.0018758527,5.9,1.0,0.1705006766,7.4,0.208,22508.327677,65.218181406
38085,ND,Sioux County,86.043710205,,46931.0,7.0708275968,0.0237510238,0.393,0.8694390716,0.7600749766,0.0701754386,,0.0005489981,5.2,0.0,0.2122641509,4.3,0.283,35129.338445,59.604269705
38089,ND,Stark County,20.41733023,22.528613577,82174.0,4.4396639511,0.0153532317,0.09,0.9118790092,0.8843156541,0.0750485228,0.000605217,0.0016969183,4.5,0.0,0.140952381,9.2,0.152,7622.4765164,78.439813658
38093,ND,Stutsman County,15.732917984,15.136921292,69088.0,5.9829584498,0.0182122282,0.11,0.9276718971,0.8565895643,0.0669038694,0.0007879125,0.0043474196,5.8,1.0,0.1527012128,8.5,0.162,7082.6937415,78.238245615
38101,ND,Ward County,22.28606588,18.738543064,71754.0,3.8638929766,0.0208960785,0.094,0.950800117,0.8961470484,0.0646396436,0.0007818042,0.0030293274,4.6,0.0,0.1353813181,9.0,0.14,7781.3726026,77.50853639
38105,ND,Williams County,17.347106936,29.044673318,92537.0,4.3933809215,0.0164573029,0.086,0.9064287163,0.8892082571,0.0992239796,0.000441742,0.0014061821,5.2,0.0,0.13869807,9.3,0.176,8179.7798964,77.910933792
39001,OH,Adams County,60.611203375,26.188018058,55693.0,5.4631774928,0.0504905049,0.258,0.851629046,0.8252199413,0.0888058694,0.0004356982,0.0023618328,7.9,0.0,0.1313330054,6.0,0.475,14357.584154,70.569754408
39003,OH,Allen County,38.062113432,16.828914925,65665.0,4.1894491297,0.0372099966,0.186,0.9239292501,0.8789093041,0.0681612546,0.000649159,0.0031139055,5.4,0.0,0.1208507499,7.9,0.193,10482.367572,74.333975508
39005,OH,Ashland County,29.773405381,11.982683886,66149.0,3.6729450369,0.0343541116,0.189,0.9095057881,0.8619637843,0.0771859099,0.0004396361,0.0025675417,7.6,0.0,0.1169020945,8.3,0.327,9329.3679527,75.306787263
39007,OH,Ashtabula County,41.256394741,18.067578134,58152.0,4.30409666,0.0396919846,0.279,0.8751895044,0.8575425447,0.0935798911,0.0002876604,0.0023852548,7.5,0.0,0.1425776154,6.8,0.353,10961.448497,73.726477315
39009,OH,Athens County,40.747174505,14.325799185,53616.0,5.6179969497,0.0443486295,0.212,0.9182000715,0.8513775196,0.0840722568,0.0006284646,0.0066500813,6.1,0.0,0.1925826631,6.3,0.255,9987.6662595,74.749555446
39011,OH,Auglaize County,13.065348518,12.11130256,73542.0,3.6344047455,0.0263264644,0.102,0.9359242367,0.8762070603,0.0538951362,0.0003467632,0.0006948969,7.7,0.0,0.0768415474,8.7,0.169,7619.4812522,76.602302993
39013,OH,Belmont County,39.028840793,17.044638684,56716.0,4.3454273209,0.0435849329,0.21,0.920491888,0.838147448,0.0725467023,0.0002733527,0.002572476,7.7,0.0,0.0673493501,7.3,0.292,10341.444404,74.096145263
39015,OH,Brown County,58.123527792,19.749224068,68289.0,5.0758988558,0.0407810434,0.225,0.8776632302,0.8263633712,0.0753186888,0.0002519353,0.0051168422,8.6,0.0,0.1098998232,7.6,0.563,12369.401532,72.562779256
39017,OH,Butler County,52.477793562,13.546274523,80066.0,4.5230960192,0.0320545926,0.133,0.9118210812,0.9115071059,0.0655181701,0.0005202007,0.0029080788,10.4,0.0,0.1190509518,7.7,0.36,9596.0887815,75.400389676
39019,OH,Carroll County,14.95383005,14.870114346,67044.0,4.0665914221,0.0390848427,0.187,0.8977420192,0.7777100035,0.0861575758,0.0002622607,0.00056058,8.2,0.0,0.0867256637,8.0,0.441,9631.3876706,75.000577384
39021,OH,Champaign County,30.936339887,16.916272022,70230.0,3.554150804,0.0318160825,0.123,0.9182470528,0.8825425477,0.0655927091,0.0001550428,0.0011069636,8.0,0.0,0.0819090616,8.5,0.414,8612.1424876,75.706404226
39023,OH,Clark County,53.705294055,21.964658074,58684.0,4.3525750278,0.0360622548,0.214,0.8926258416,0.8954902847,0.0777148013,0.0004497431,0.0021395142,7.8,1.0,0.118185941,7.2,0.272,12878.019711,72.269612408
39025,OH,Clermont County,39.019200632,15.379766582,82143.0,4.359322408,0.0318878251,0.113,0.9185408012,0.9185974814,0.0624698547,0.000658265,0.0014152813,9.6,0.0,0.1140795989,7.6,0.478,8757.4446782,76.250580235
39027,OH,Clinton County,52.427138193,16.521739228,67813.0,4.3068129041,0.0396759795,0.159,0.916020809,0.8703278094,0.0592940045,0.0006189887,0.0034097954,8.7,0.0,0.1157099698,6.8,0.389,12167.593728,73.042844738
39029,OH,Columbiana County,43.573128584,17.165534784,55744.0,4.6233401751,0.0419028565,0.203,0.8968426225,0.8552749245,0.0913225755,0.0002961208,0.0016669661,8.5,0.0,0.0986324579,7.4,0.351,10610.713369,74.031334007
39031,OH,Coshocton County,32.835330816,19.309166428,57694.0,4.6345227475,0.0446144961,0.215,0.8503110266,0.8031628533,0.0987654321,0.0003550167,0.0010849223,7.8,0.0,0.1219428178,7.3,0.329,10619.13352,74.283807346
39033,OH,Crawford County,28.88920988,17.247764651,58982.0,4.1419381693,0.0426406804,0.173,0.9049967686,0.8786975717,0.0751612804,0.000359247,0.001420694,7.4,1.0,0.1031613977,6.5,0.292,11000.914537,73.414962334
39035,OH,Cuyahoga County,45.538873528,13.827204669,61912.0,5.4166529673,0.0384656669,0.23,0.912442526,0.8728267166,0.0701575487,0.0011125456,0.0051034476,10.8,0.0,0.1571930016,7.8,0.303,10171.183438,75.358781872
39037,OH,Darke County,33.045855985,15.870638829,67609.0,4.0790404483,0.0312524264,0.113,0.9069275068,0.8513969623,0.0741094849,0.0004651433,0.0009724788,8.5,0.0,0.0905162065,8.1,0.3,9154.3731661,75.545858478
39039,OH,Defiance County,28.919717113,13.429765497,72241.0,3.6778956676,0.0346554373,0.129,0.9231704075,0.8783818939,0.0652547413,0.0005505453,0.0022967506,7.8,0.0,0.0932006633,8.0,0.246,8496.0762946,76.238955786
39041,OH,Delaware County,15.894881848,11.349784893,128300.0,3.9470851712,0.0279964629,0.055,0.9707369721,0.957429619,0.0404226691,0.0014768506,0.0015930166,8.2,1.0,0.0826257348,9.0,0.396,4328.683057,81.115354523
39043,OH,Erie County,38.552574953,13.981824959,62547.0,4.6147626033,0.0439802089,0.186,0.9243079983,0.8636137227,0.0637452301,0.0007748624,0.0028229891,7.7,0.0,0.1274034704,7.6,0.241,10180.926225,75.132700616
39045,OH,Fairfield County,38.662644649,13.766490173,84701.0,4.0252973871,0.0313014012,0.111,0.9401990023,0.9120192067,0.061004633,0.0005587841,0.0020258829,8.3,0.0,0.1098720609,8.2,0.462,8090.1722883,76.39750898
39047,OH,Fayette County,46.337055743,9.5526992622,63348.0,4.4818735218,0.0359508042,0.184,0.8576915302,0.8607649334,0.0851691834,0.000311354,0.0016656835,8.2,0.0,0.1163905841,7.3,0.402,11760.287939,72.726754622
39049,OH,Franklin County,61.166503438,12.000284723,71730.0,4.4824297804,0.0314215016,0.198,0.9122294537,0.9327477269,0.0821170001,0.0010155788,0.0046415593,8.2,1.0,0.1518404051,7.9,0.238,9721.5193915,75.497261734
39051,OH,Fulton County,27.66579717,16.723899129,70724.0,3.7976815337,0.035328574,0.11,0.9475821588,0.889224572,0.0623964987,0.000376914,0.0015711667,8.0,1.0,0.0832090665,8.1,0.331,8021.1227594,76.369070226
39053,OH,Gallia County,78.384150498,26.798347907,53956.0,4.9523809524,0.0430504305,0.237,0.8685391559,0.7612560814,0.0832749562,0.0007545099,0.005174912,7.9,0.0,0.1355181577,7.0,0.298,13985.456926,71.74284347
39055,OH,Geauga County,13.014192505,13.653626317,99863.0,4.082290109,0.0314492486,0.064,0.912203053,0.8693905078,0.0918493778,0.0006906294,0.0027042041,8.4,1.0,0.1146099291,8.8,0.446,5580.7294806,79.998901626
39057,OH,Greene County,28.797412178,12.327148057,84015.0,4.5662427937,0.0322435804,0.107,0.9446075604,0.9233379768,0.0528384741,0.0008966107,0.003747989,9.3,0.0,0.0998038624,8.0,0.247,7701.3323728,77.345391051
39059,OH,Guernsey County,43.416345386,18.698701752,54757.0,4.297032918,0.0434368878,0.216,0.8568617989,0.8444635933,0.0828572372,0.0003656594,0.0026516842,7.7,0.0,0.1264332197,6.4,0.233,12333.853382,72.483864623
39061,OH,Hamilton County,45.481035866,13.826460575,68810.0,5.3742378327,0.0323463925,0.169,0.924571822,0.9037483567,0.0618352079,0.0010966678,0.0049706308,10.8,0.0,0.154923673,7.8,0.3,9669.3403813,75.507612956
39063,OH,Hancock County,33.789191016,15.80966624,72065.0,4.2688467938,0.028774822,0.108,0.9490681296,0.9010373838,0.0645419523,0.0005223961,0.0023158064,7.2,1.0,0.0888817584,8.2,0.176,8446.5310881,76.114897793
39065,OH,Hardin County,44.321449419,17.352817125,59713.0,4.2438997702,0.0375800602,0.179,0.9171240986,0.8468960806,0.0854722362,0.0002939159,0.0006915174,7.0,1.0,0.105149286,7.6,0.401,12365.872717,71.843075315
39067,OH,Harrison County,22.795140076,20.197477091,57050.0,4.412725023,0.041133042,0.197,0.8981605672,0.8218206384,0.0875202593,0.0002072253,0.0004237587,7.7,0.0,0.1417391304,7.4,0.468,11997.734174,72.558344878
39069,OH,Henry County,18.302950436,9.4090421716,81899.0,3.4999863652,0.0418507324,0.108,0.9259104228,0.8790308213,0.0600382061,0.0002905077,0.0013444767,7.6,1.0,0.0724637681,8.4,0.303,8404.7896652,75.98318893
39071,OH,Highland County,42.291751571,14.670735109,61760.0,4.4373577189,0.0455535182,0.18,0.8685240151,0.8077197573,0.086241947,0.0002767911,0.0024074838,8.3,0.0,0.1107413011,7.6,0.439,11713.870721,73.071549723
39073,OH,Hocking County,48.780487805,19.080687642,58018.0,4.2518719718,0.0369233131,0.215,0.8809919855,0.8597492434,0.0845956758,0.0004270919,0.002432825,7.6,0.0,0.0858540925,7.3,0.473,12742.730666,72.59190579
39077,OH,Huron County,46.40131986,20.940862536,64331.0,3.9452225021,0.0448072497,0.2,0.9065357179,0.8730368727,0.0796983587,0.000548255,0.0017182426,7.5,1.0,0.1062687849,7.7,0.305,10506.474798,74.153975913
39079,OH,Jackson County,58.407623732,21.713945754,54431.0,4.6372329428,0.0456788159,0.224,0.8745426965,0.8237847222,0.0846320995,0.0004306235,0.0033122738,7.8,0.0,0.1359223301,7.2,0.349,13453.22169,71.16895984
39081,OH,Jefferson County,55.653464428,19.572956649,56276.0,4.8184863578,0.0509842005,0.22,0.9287420209,0.8438087514,0.0646635368,0.000385868,0.0031705869,8.2,0.0,0.1083099907,6.6,0.321,13983.790799,71.766214098
39083,OH,Knox County,23.341803579,15.58120109,66844.0,3.7845811541,0.0326413286,0.141,0.9109306864,0.8749306593,0.0867569476,0.0003974752,0.0022109918,7.7,0.0,0.1060672196,7.7,0.378,7935.8860905,76.343986136
39085,OH,Lake County,38.215605234,15.713676481,73559.0,3.9667720626,0.0335499639,0.151,0.9386120206,0.9170845004,0.0624955,0.0004137521,0.003160076,6.2,0.0,0.0948938553,7.9,0.313,7978.6611212,77.022719372
39087,OH,Lawrence County,81.99135049,18.10891222,56879.0,4.6529619603,0.0409898801,0.209,0.9003104519,0.8449402249,0.0697029092,0.0004700148,0.0081079155,8.3,0.0,0.1371074746,7.0,0.286,15073.575338,69.970146734
39089,OH,Licking County,34.63861001,15.605024521,76496.0,4.2329297147,0.0309679091,0.119,0.931439948,0.9194348876,0.0604001408,0.0003713948,0.0016539211,8.3,0.0,0.1125263793,7.8,0.431,8468.7594263,75.909212344
39091,OH,Logan County,20.378308746,20.226693301,68964.0,3.8453837597,0.0303096667,0.145,0.9286490514,0.879537785,0.0636689002,0.0003910068,0.0011724602,7.5,0.0,0.0990491284,8.3,0.285,8349.4446951,75.725083314
39093,OH,Lorain County,45.549158665,15.287788575,75496.0,4.6711663067,0.03802225,0.149,0.9146392951,0.865806954,0.0733559295,0.0005164847,0.0022396276,6.8,0.0,0.1288259109,7.6,0.371,9275.3112299,76.02106054
39095,OH,Lucas County,57.1594109,15.113447825,60525.0,5.060996921,0.0418518825,0.242,0.9096665823,0.8826984946,0.0692057082,0.000864417,0.0047357832,9.4,1.0,0.1416703836,7.3,0.191,11817.183281,73.412406389
39097,OH,Madison County,30.946899649,13.454908255,81836.0,3.6822605646,0.0295340705,0.118,0.8892918556,0.8953193151,0.0712727049,0.0003154148,0.0012555491,8.2,0.0,0.0876152833,7.8,0.423,7955.6258684,76.170092562
39099,OH,Mahoning County,65.441071347,16.058223887,52914.0,4.9971335333,0.0424673953,0.277,0.916134033,0.8671758835,0.0637689331,0.001027509,0.0047385592,7.9,0.0,0.1218973226,6.4,0.236,12041.164495,73.365699103
39101,OH,Marion County,58.022212752,19.514220878,56991.0,4.3312840193,0.0343128173,0.203,0.8906130977,0.8725738053,0.0680215157,0.0002756888,0.0026522336,7.5,0.0,0.1216494845,6.4,0.282,11206.264349,73.690475249
39103,OH,Medina County,18.994878688,13.003500612,90211.0,3.8665104843,0.0312300635,0.087,0.9452139262,0.9160827586,0.0603449444,0.0006226378,0.0019071734,6.5,0.0,0.0941704036,8.6,0.429,5776.5831571,79.03434785
39105,OH,Meigs County,89.960417416,21.554737707,50127.0,4.7609543356,0.0538434702,0.295,0.8674668351,0.7477183099,0.0877913365,0.0001360606,0.0013782331,7.8,0.0,0.120412844,5.7,0.51,14803.943579,70.790531949
39107,OH,Mercer County,11.117199101,8.4692381691,79974.0,3.8150708607,0.0225045529,0.082,0.9466304192,0.9051480526,0.0661373327,0.0004963483,0.0010839087,8.0,0.0,0.0850863422,8.8,0.205,7560.5561002,77.363813786
39109,OH,Miami County,25.991737685,13.11438452,75735.0,3.9158349301,0.032215341,0.114,0.9280658674,0.9071854944,0.0586508945,0.0004484551,0.0014520726,8.8,0.0,0.0961182994,8.4,0.263,8584.1964885,75.95899155
39113,OH,Montgomery County,57.826498025,15.254606864,62650.0,4.6566924428,0.0379770443,0.215,0.9208195282,0.8925565612,0.0753790552,0.0009480442,0.0040240092,10.3,0.0,0.1332007073,7.2,0.229,12140.954737,73.271891642
39115,OH,Morgan County,28.808066259,20.679179989,52585.0,4.7687282835,0.0445285215,0.22,0.8853606574,0.7740102965,0.0885533184,7.30887e-05,0.0019786018,7.5,1.0,0.1163410302,6.8,0.573,11251.126519,73.340519016
39117,OH,Morrow County,37.771125863,17.208970789,70109.0,3.2767118329,0.0349924057,0.131,0.9139197816,0.8875752844,0.0764100944,0.0001991408,0.0008709088,7.5,0.0,0.101532567,8.4,0.575,9093.0344682,76.505004358
39119,OH,Muskingum County,42.546443311,18.887197003,58806.0,4.8381878362,0.0378391473,0.242,0.9033772374,0.8774640072,0.0679526334,0.0005323581,0.0022710156,7.8,1.0,0.1398292611,6.9,0.319,10314.415915,74.421121738
39121,OH,Noble County,27.988338192,,61751.0,5.4174743709,0.0490837696,0.152,0.8533906836,0.754087639,0.0865441612,7.05418e-05,0.0011878974,7.4,0.0,0.100867679,6.1,0.354,8739.5763989,80.650890358
39123,OH,Ottawa County,32.409523414,21.989636862,76582.0,4.0891889517,0.0478114478,0.12,0.9411591356,0.8562821292,0.0663332184,0.0004737682,0.0012561867,8.2,1.0,0.0856107083,7.6,0.34,8724.3619866,76.630507227
39127,OH,Perry County,53.19397135,20.649068802,62677.0,4.8224037055,0.0402463299,0.182,0.8825182229,0.8423102854,0.076580772,0.0002820079,0.0018564879,7.5,0.0,0.1113236419,7.7,0.504,11570.848626,73.352447426
39129,OH,Pickaway County,47.187299875,14.424332827,76471.0,4.0120939771,0.0330134499,0.145,0.8839784325,0.8789463852,0.0670169144,0.0004044967,0.0023409619,8.2,0.0,0.1166384931,8.0,0.47,9732.2137428,74.394477753
39131,OH,Pike County,74.582156525,19.426597701,54256.0,6.2617330586,0.0464597824,0.259,0.8560438969,0.7882766272,0.0719126677,0.0002584075,0.0134809822,7.8,0.0,0.1517175573,6.9,0.393,16409.043177,69.6740641
39133,OH,Portage County,25.888105854,15.355668412,73911.0,4.6655824759,0.0345268542,0.151,0.9293006375,0.8842627014,0.0625535427,0.0003941324,0.00251437,8.8,0.0,0.1358687076,7.6,0.393,8136.3465409,76.418111514
39135,OH,Preble County,41.701076869,16.456383236,76621.0,4.0121692954,0.0308075451,0.145,0.9263510449,0.8574841715,0.0604738926,0.0001712873,0.0010109478,7.7,0.0,0.0930930931,8.3,0.413,9639.79051,74.520566602
39139,OH,Richland County,57.888289064,16.129247581,57261.0,4.2202187064,0.0414813936,0.203,0.8946972031,0.8677798194,0.07235269,0.0004712648,0.0048135355,7.5,1.0,0.1282698717,6.7,0.219,11193.483719,74.028227489
39141,OH,Ross County,76.549363466,15.919803174,61651.0,4.3948569219,0.0337997969,0.228,0.8890657591,0.8725067111,0.0675807362,0.0006632766,0.0060914236,8.1,0.0,0.1368188763,7.3,0.313,12209.15473,72.209906359
39143,OH,Sandusky County,33.004614956,12.587412253,64744.0,4.453097087,0.0353435904,0.139,0.9329957522,0.8651644037,0.0611614895,0.0003065656,0.0018225485,7.8,0.0,0.1143097289,7.8,0.237,9229.4125163,75.237550896
39145,OH,Scioto County,125.97379563,17.967466635,52447.0,5.6344597065,0.0480327204,0.241,0.886890621,0.8463875406,0.0744265322,0.0005589944,0.0091706151,6.6,0.0,0.1326820604,6.6,0.347,16719.955812,69.198036147
39147,OH,Seneca County,40.127435006,18.410101403,62966.0,4.1060680809,0.0358641019,0.171,0.9324069077,0.8621204579,0.0631855144,0.0003642589,0.0017789352,7.4,1.0,0.0978956999,7.5,0.257,9987.3360131,74.792338971
39149,OH,Shelby County,27.086154808,18.397674393,67351.0,3.7858198352,0.031429537,0.149,0.9137796869,0.9103055467,0.0694860184,0.0004585531,0.0009421124,8.0,0.0,0.0797612588,8.1,0.191,9915.7841349,74.873569548
39151,OH,Stark County,37.625541651,17.383280852,63673.0,4.2877883642,0.036785509,0.168,0.9278585708,0.8598985621,0.0645563837,0.0007730704,0.0037481621,9.1,1.0,0.1067508499,7.4,0.262,9698.2795133,75.076656663
39153,OH,Summit County,42.793855795,15.329413786,69786.0,4.817245509,0.0369101212,0.197,0.9288867169,0.9036003887,0.0658491769,0.0009765026,0.0037948008,9.4,0.0,0.128567361,7.7,0.285,9664.1975616,75.299746472
39155,OH,Trumbull County,63.295578662,14.834326394,51668.0,4.5858418367,0.0437351108,0.254,0.9002292228,0.8324258432,0.0860785427,0.000451983,0.0023605975,6.3,1.0,0.119837628,6.7,0.262,11710.468173,73.522405671
39157,OH,Tuscarawas County,30.773352449,14.917109946,62098.0,4.2363838725,0.0357628592,0.17,0.889248573,0.8352611011,0.0862928178,0.0003567568,0.0019809739,8.3,0.0,0.1204195433,7.9,0.274,9806.9198423,74.619162768
39159,OH,Union County,16.676220751,12.569855067,104592.0,3.5898068712,0.0278608273,0.053,0.9522600076,0.9412215365,0.0424023207,0.0005694848,0.0013354969,7.9,0.0,0.0766566613,8.4,0.378,5567.3158356,78.528411561
39161,OH,Van Wert County,26.850338548,7.5748959243,60555.0,3.4706766483,0.0282902829,0.144,0.9355614571,0.8692816067,0.0598365313,0.0004524572,0.0015328874,7.7,1.0,0.0943314582,8.1,0.241,9042.7347938,75.532985287
39163,OH,Vinton County,115.08382811,33.6722165,52999.0,5.006005244,0.0476102941,0.27,0.8310629745,0.800076599,0.0887901235,0.0001575299,0.0012826679,7.5,0.0,0.1415841584,7.0,0.57,19459.735519,67.55282905
39165,OH,Warren County,24.498362012,12.893821231,107973.0,3.81792831,0.0301025178,0.061,0.950260235,0.9449871522,0.044257421,0.0008517438,0.0025540556,10.0,1.0,0.0832375259,8.6,0.389,6327.3656744,78.1756062
39167,OH,Washington County,34.836157684,15.190618321,59646.0,4.4773917732,0.042428077,0.161,0.9294253036,0.8533772652,0.0753100741,0.0007236255,0.00308995,7.9,0.0,0.1043585021,7.6,0.281,10492.126657,74.699307491
39169,OH,Wayne County,30.662276516,14.08004728,69834.0,3.8216002434,0.0281527824,0.116,0.8630962452,0.8364862419,0.1260959286,0.0004969583,0.0040511544,8.4,0.0,0.1187308086,8.2,0.243,8917.9640166,75.829394447
39171,OH,Williams County,21.831479174,18.77103215,61183.0,3.5530189246,0.0314856608,0.139,0.9139830672,0.8476221288,0.0676792181,0.0004085412,0.0009838485,7.9,0.0,0.0753604194,7.3,0.221,8265.2451194,76.280999097
39173,OH,Wood County,19.737990824,12.961154238,73906.0,4.5594269377,0.0322060502,0.093,0.951747807,0.9203227713,0.0547252892,0.0006793889,0.0022314361,8.3,0.0,0.1203546501,7.7,0.232,6562.5096039,77.437385204
39175,OH,Wyandot County,23.081894562,19.3366152,69913.0,3.8498570067,0.026062998,0.115,0.9481627297,0.8567961165,0.0594163835,0.0002763958,0.0008388871,7.2,0.0,0.0708356392,8.6,0.262,8015.8677366,76.109630966
40001,OK,Adair County,27.894002789,20.891329586,44808.0,5.0858997932,0.0376221869,0.307,0.8283634656,0.6168062374,0.1622049321,0.0002575461,0.0023946604,8.6,0.0,0.1521418021,6.6,0.38,16045.507693,69.27488179
40009,OK,Beckham County,21.366543046,28.900493688,51960.0,6.0916698783,0.0296275657,0.298,0.8431242979,0.8698730469,0.1550245098,0.0004989567,0.0031303874,7.2,0.0,0.1385199241,6.9,0.172,11752.685572,72.146861165
40013,OK,Bryan County,18.019891188,22.45137135,50105.0,4.267811576,0.0294503154,0.224,0.876441254,0.8031699024,0.1742598876,0.000382125,0.0083117201,9.0,1.0,0.1395939086,6.6,0.211,12725.212382,72.181887806
40015,OK,Caddo County,34.461538462,25.052812749,50742.0,4.200166113,0.0335731415,0.232,0.8673823287,0.8292709706,0.164780724,0.0002275485,0.0005722133,8.5,1.0,0.1033534909,6.6,0.332,16064.779051,69.047472389
40017,OK,Canadian County,15.286792624,15.897186881,86539.0,3.4447819788,0.027366899,0.087,0.9216566357,0.9284595573,0.1026100183,0.0003462411,0.0020190071,9.9,1.0,0.1043375251,8.0,0.378,7144.7382178,77.700321827
40019,OK,Carter County,24.801245574,25.523984397,56270.0,4.6094523574,0.0367778974,0.228,0.8780669145,0.8192936941,0.1600811298,0.0005798182,0.0047946333,9.5,1.0,0.1209327549,6.9,0.239,12498.794138,71.686320559
40021,OK,Cherokee County,24.18062234,22.677641243,50434.0,4.5549778714,0.0352196469,0.241,0.8991250979,0.8201923599,0.1713700753,0.0007348773,0.0049185431,8.6,1.0,0.1421218187,5.8,0.317,12007.671514,73.003161962
40023,OK,Choctaw County,30.015469511,34.481546812,44307.0,5.7735040118,0.0391102065,0.311,0.8630235669,0.7331853875,0.1540061494,0.0004193751,0.0082656206,8.7,1.0,0.1172893136,4.8,0.337,17858.275127,68.31194774
40027,OK,Cleveland County,15.493355951,15.793866846,74889.0,4.1285385466,0.0278574276,0.137,0.9227111764,0.9211053577,0.1163257398,0.0005141181,0.0036621037,9.9,1.0,0.1361675635,7.9,0.337,7689.912648,77.568711434
40031,OK,Comanche County,26.487679133,21.199332015,56973.0,4.4890046526,0.0391634201,0.26,0.9057259636,0.8886578112,0.1269372391,0.0007045542,0.0037837038,7.4,1.0,0.1456728591,6.5,0.152,11410.386647,73.236289101
40035,OK,Craig County,23.567119155,27.353699976,49914.0,3.9641857161,0.0341463415,0.278,0.8621697923,0.7225609756,0.1540302508,0.0004250797,0.0058644957,9.1,1.0,0.1549566891,6.0,0.33,11484.23637,72.453201369
40037,OK,Creek County,27.750412787,18.083940144,58195.0,4.5762958984,0.034203146,0.2,0.9048080026,0.872511678,0.1302334261,0.0002221328,0.0025091365,9.5,0.0,0.1204217536,7.6,0.434,12168.775888,72.799239429
40039,OK,Custer County,15.348831718,17.323249716,55458.0,4.8261845281,0.0275169958,0.211,0.884368051,0.8985534125,0.1526861866,0.0005326137,0.0061911838,7.8,1.0,0.1516544118,6.7,0.195,10913.984281,72.845845114
40041,OK,Delaware County,19.116042342,31.119095143,48763.0,4.6941059114,0.0332907787,0.296,0.8744127153,0.8207324276,0.1753453413,0.0003902439,0.0021101599,9.1,1.0,0.1425948592,6.5,0.43,13171.192388,72.537741669
40047,OK,Garfield County,17.865360149,17.442353186,61132.0,4.2570615587,0.0321507346,0.205,0.8752382603,0.8599749059,0.156769643,0.000419856,0.0045628235,9.3,1.0,0.1281675393,7.4,0.142,11680.927329,72.749841663
40049,OK,Garvin County,25.24997475,24.71827622,57170.0,4.3135172047,0.0307762627,0.222,0.8764518925,0.8622,0.1630975143,0.0003487831,0.0018171274,9.5,1.0,0.1066734075,7.5,0.34,14331.853936,70.489099672
40051,OK,Grady County,21.419391689,20.073151909,70838.0,4.4366261152,0.029232005,0.156,0.9049036132,0.8567672833,0.1345952319,0.0002342005,0.0013769063,9.4,1.0,0.0956759443,7.6,0.431,10560.30881,74.085104679
40063,OK,Hughes County,27.542691171,34.168141603,50872.0,4.0665362946,0.0398421349,0.301,0.8408581492,0.7539345491,0.1487050044,0.0002237971,0.0013396844,9.2,1.0,0.082156611,6.5,0.405,16288.748343,69.420192089
40065,OK,Jackson County,19.011923192,22.601812589,58371.0,4.2876853833,0.0294486216,0.233,0.8665619107,0.8779914093,0.1413070163,0.0007264802,0.0025132758,7.2,1.0,0.0827300931,7.0,0.071,11788.081544,72.960192178
40071,OK,Kay County,17.601053002,30.156392425,55440.0,4.1352030138,0.0358954982,0.27,0.9052958427,0.8156257478,0.140982936,0.0003887314,0.002566394,9.3,1.0,0.1179426544,6.1,0.173,13037.531492,71.781464787
40079,OK,Le Flore County,21.721717645,21.759132972,50469.0,4.3962461371,0.0402318783,0.253,0.8533105197,0.7816234498,0.1908273193,0.0002888027,0.0033470441,9.0,1.0,0.1185815603,6.3,0.314,13655.246812,70.972786006
40081,OK,Lincoln County,26.19782267,19.839740573,56344.0,4.5993027121,0.03220289,0.312,0.8904413964,0.7934782609,0.1550280848,0.0002364835,0.0019385452,9.3,1.0,0.1003984064,6.9,0.509,10342.850514,74.189147557
40083,OK,Logan County,13.193047264,16.32259504,77836.0,4.8234880656,0.0306280587,0.14,0.917435209,0.908645073,0.1294587358,3.93043e-05,0.0015651813,9.3,0.0,0.0936952715,6.9,0.483,7691.4550791,77.878545411
40087,OK,McClain County,16.900975647,20.893826174,80952.0,3.952908737,0.0287109732,0.126,0.8864689843,0.9117628705,0.1371605003,0.000436621,0.0013383753,9.5,1.0,0.1038085608,8.5,0.464,8739.4770882,75.576500876
40089,OK,McCurtain County,19.030099274,31.795849127,48589.0,5.0047219047,0.0415502369,0.293,0.8570513768,0.7724699222,0.1639529716,0.0004533092,0.0038486628,9.0,1.0,0.1174899866,5.9,0.286,17783.483393,68.183917381
40091,OK,McIntosh County,34.287085769,26.620848414,46509.0,5.1432197653,0.0544752264,0.282,0.8662654867,0.7408768706,0.1746684632,0.0001039231,0.0015813906,8.9,1.0,0.1264685556,6.3,0.393,14639.609217,70.746929534
40095,OK,Marshall County,26.75447623,27.220374867,54966.0,4.8924522476,0.0323990743,0.194,0.8470304827,0.7960675135,0.1860294118,0.0002565089,0.00338134,8.8,1.0,0.107747106,6.0,0.359,11481.64656,73.288878654
40097,OK,Mayes County,30.025020851,22.637777115,59498.0,4.5815869746,0.0324353239,0.228,0.893450491,0.8613349054,0.1390977444,0.0003575168,0.0025821655,9.2,0.0,0.1214333112,6.9,0.394,12605.745489,72.22920638
40101,OK,Muskogee County,30.982959372,21.821798907,52188.0,4.491758604,0.039171151,0.265,0.8698411981,0.7621355459,0.1518705405,0.0004535422,0.0050242212,9.2,1.0,0.1486937733,7.0,0.249,14215.106075,70.12731051
40109,OK,Oklahoma County,27.232945628,21.087411722,65979.0,4.7362660944,0.0315603831,0.222,0.8849187259,0.9041293462,0.1488416662,0.0008126976,0.0071297347,9.9,0.0,0.1589127525,7.4,0.256,10806.903662,73.815286926
40111,OK,Okmulgee County,36.585257034,25.662527667,53938.0,4.7115616487,0.0420018422,0.258,0.8818159787,0.8161106017,0.1499251419,0.0002985642,0.0033751856,9.2,1.0,0.1346704871,5.8,0.41,15057.854181,69.872476674
40113,OK,Osage County,25.315906346,27.205536883,61279.0,4.4332120863,0.0367438178,0.187,0.8955141898,0.8598453789,0.1354900986,0.0001747793,0.0007153696,9.7,1.0,0.1224368499,6.5,0.384,10239.534865,75.834962682
40115,OK,Ottawa County,22.936531341,24.902729144,48937.0,4.2502095557,0.0304034301,0.265,0.8723415081,0.8043385793,0.1608151136,0.000461437,0.0054808994,9.6,1.0,0.1389599318,6.4,0.264,15079.546954,69.770271246
40117,OK,Pawnee County,39.683368491,24.017926507,52744.0,4.5337966143,0.0351699883,0.224,0.878589838,0.7705764745,0.1419370421,0.0002541135,0.0020801815,9.0,1.0,0.1084745763,7.8,0.514,13688.334495,71.403396736
40119,OK,Payne County,14.19659444,15.207082064,56811.0,5.7810101235,0.030031651,0.2,0.9317454993,0.8535914165,0.1439281543,0.0004634768,0.0034192341,9.3,1.0,0.2154191377,6.7,0.19,9054.4808808,75.893926387
40121,OK,Pittsburg County,26.732862326,27.313093132,51514.0,4.8735483295,0.0451697595,0.241,0.8726931807,0.8569890645,0.1554855675,0.0004354502,0.0084178569,8.5,1.0,0.1174751607,5.8,0.23,13462.350729,71.27626139
40123,OK,Pontotoc County,20.052135552,19.877973677,61269.0,4.1747479426,0.0309123649,0.157,0.9045391477,0.8425938293,0.1621239984,0.0007074915,0.0061985624,9.3,0.0,0.0992810681,7.2,0.16,13576.744836,71.656766336
40125,OK,Pottawatomie County,26.873149624,26.296348888,57089.0,4.5257563042,0.0361608058,0.224,0.8854530512,0.8630977014,0.141259758,0.0003012914,0.0035912239,9.5,1.0,0.1206403659,6.9,0.355,12618.252007,71.676464441
40127,OK,Pushmataha County,30.718191313,38.730472694,45012.0,5.3443285292,0.0392115303,0.295,0.8541639684,0.6864716636,0.1614727318,0.0001849283,0.0102777778,8.2,1.0,0.1252983294,5.8,0.357,17665.896986,68.56176914
40131,OK,Rogers County,17.666253299,18.442298355,73688.0,3.7785471718,0.0294847007,0.12,0.9217089372,0.8907116063,0.1257186757,0.0003723047,0.0027132711,9.7,1.0,0.0999564776,8.0,0.409,8218.9925247,75.906657711
40133,OK,Seminole County,32.318803923,35.728456177,49000.0,4.9260557769,0.0475212973,0.25,0.8526839854,0.7366969314,0.1790038902,0.0003394577,0.0031402504,9.3,1.0,0.1515151515,5.7,0.335,16302.198355,69.030871586
40135,OK,Sequoyah County,36.450092368,17.047484248,48050.0,4.5120470676,0.0368746033,0.327,0.8447956766,0.7976817703,0.1653960254,0.0003543586,0.0031272493,7.1,0.0,0.1278632479,6.3,0.378,14516.56273,70.318897677
40137,OK,Stephens County,19.239797136,23.722080469,56649.0,4.7610412637,0.0354354354,0.2,0.8830574263,0.8363710239,0.1442455095,0.0003941663,0.0012496024,9.0,1.0,0.1088067328,6.8,0.242,10562.009875,73.853045788
40143,OK,Tulsa County,32.224244884,20.576282444,65619.0,4.6148660152,0.0319578933,0.198,0.8979009251,0.9043123673,0.1419103886,0.0010537142,0.0049262815,8.9,0.0,0.1440876304,7.3,0.184,10466.25268,74.441923024
40145,OK,Wagoner County,25.234702447,20.357926442,80246.0,3.8312887626,0.0321966925,0.122,0.9172638211,0.9097987895,0.1210977366,0.0002736466,0.0014560932,9.7,1.0,0.106045082,7.4,0.398,8869.0869533,76.427911056
40147,OK,Washington County,24.6467302,19.868898275,66236.0,4.9847151635,0.0339383018,0.191,0.9148568402,0.8555059235,0.1251758423,0.0004358372,0.0033329609,8.0,1.0,0.1140824338,6.7,0.248,9627.6511427,74.917538705
41001,OR,Baker County,19.972438036,39.056743189,59123.0,5.0376375953,0.0434843993,0.2,0.9238930993,0.8804901556,0.0725306054,0.000712293,0.0082781457,9.8,1.0,0.1405017921,6.7,0.174,10080.271996,75.241094199
41003,OR,Benton County,11.851397419,12.239026145,74800.0,5.5525251066,0.030073969,0.115,0.9601318844,0.9258214491,0.0570784779,0.0011664601,0.0137443329,11.4,1.0,0.2027027027,7.9,0.209,4157.992949,82.362090477
41005,OR,Clackamas County,17.675233368,15.649964713,100376.0,4.1675481886,0.0336154615,0.069,0.9467054616,0.9286995736,0.0561671305,0.0009158961,0.0042677581,30.4,1.0,0.1723856977,8.9,0.419,5881.7133733,79.869299345
41007,OR,Clatsop County,27.435285004,19.404211611,65160.0,4.2882533743,0.0367093756,0.186,0.928440485,0.9097540757,0.0870460984,0.0006218608,0.0042333706,7.4,1.0,0.1714714715,8.1,0.246,9301.7339537,76.740414628
41009,OR,Columbia County,27.5796362,21.685720349,81463.0,3.9470453211,0.0437777867,0.115,0.9039602165,0.9234669242,0.0687634258,0.0002637826,0.0043429844,10.1,1.0,0.1281665413,8.7,0.58,7768.6994277,77.559440696
41011,OR,Coos County,20.030816641,26.496697977,61386.0,5.0809593941,0.0452312193,0.209,0.9101974961,0.8908399901,0.0744557267,0.000830782,0.0055752819,9.9,1.0,0.1400904977,7.5,0.212,10128.89857,74.847922707
41013,OR,Crook County,15.540216786,28.386347489,73421.0,3.8005265729,0.0553914989,0.168,0.9113308223,0.8852258852,0.0615588116,0.0003496639,0.0053057287,16.2,0.0,0.1366834171,8.2,0.381,7740.0854418,78.024624718
41015,OR,Curry County,55.251749639,27.204142481,55238.0,4.6507906768,0.0464008859,0.226,0.905580741,0.8992021277,0.0812512426,0.0006755901,0.0058808379,9.5,1.0,0.1802594995,8.1,0.267,11472.788932,73.909430791
41017,OR,Deschutes County,12.069435134,18.961143545,95414.0,4.1081703392,0.0367850796,0.103,0.9475796005,0.9297691023,0.070831317,0.0009863233,0.0069108401,15.8,1.0,0.1778015883,8.5,0.217,5427.1875547,80.858425207
41019,OR,Douglas County,29.495976332,31.426298235,60296.0,4.402719945,0.0469741493,0.21,0.9162868995,0.8677721362,0.0693029637,0.0006429834,0.0042424512,19.3,1.0,0.1379612395,7.1,0.217,10749.967522,74.491354044
41029,OR,Jackson County,29.825155645,25.958592415,71030.0,4.2766504902,0.043395761,0.14,0.9129322897,0.8953010068,0.0770012166,0.0009609626,0.00721119,15.6,1.0,0.1863857374,7.9,0.175,8096.0831131,77.266326825
41031,OR,Jefferson County,15.945996226,28.896214243,68419.0,4.1496136012,0.0458876142,0.191,0.8871264368,0.8899411017,0.0806888335,0.0006382639,0.0032214976,18.4,0.0,0.1898120073,7.9,0.387,12476.174875,73.60134633
41033,OR,Josephine County,37.103082206,33.181830784,61575.0,4.9486658815,0.0506268891,0.207,0.9023662786,0.9005944518,0.0776363893,0.0007357436,0.0095762972,14.5,1.0,0.2258644537,7.0,0.251,10791.176856,74.581699341
41035,OR,Klamath County,27.257729001,31.787324968,54630.0,5.2426111187,0.0518830128,0.236,0.8958831395,0.8504507628,0.0892840518,0.0010404196,0.0058140365,19.7,0.0,0.1957181088,6.6,0.165,11781.707489,73.282167722
41039,OR,Lane County,36.829750777,24.247169474,70065.0,4.5819074334,0.0395078538,0.14,0.9314279077,0.9143433913,0.0792296604,0.0008220486,0.0116873611,15.0,1.0,0.1993828928,7.7,0.18,8116.0953567,77.0847984
41041,OR,Lincoln County,26.271197573,31.299724743,61603.0,4.440834564,0.0424428201,0.213,0.9175388038,0.9080117395,0.0875683899,0.0005701703,0.0055095335,8.9,1.0,0.1493550577,7.6,0.247,10323.103825,76.056929224
41043,OR,Linn County,20.952575634,21.020897558,70242.0,3.9599061699,0.0406970022,0.184,0.9128339663,0.9035302964,0.0793089311,0.0005853403,0.0026388635,21.0,0.0,0.1750992568,7.3,0.359,8439.5034903,75.906461792
41045,OR,Malheur County,17.978954048,14.941562905,53762.0,4.7807321071,0.0365929617,0.238,0.8380819007,0.8672178504,0.0997520096,0.0002524217,0.0055548621,10.6,1.0,0.1946857435,7.5,0.213,8886.2895494,75.088412406
41047,OR,Marion County,23.009972906,16.080985054,73210.0,4.1778822962,0.0372725615,0.185,0.8605,0.9131509493,0.1025296142,0.0007144524,0.0048768389,24.9,1.0,0.193263436,8.0,0.306,7452.441166,77.518244488
41051,OR,Multnomah County,42.997443765,17.193111469,83290.0,4.8799932957,0.0356278856,0.13,0.9225325006,0.9297940079,0.0710669762,0.0014712893,0.0114816044,10.7,1.0,0.2021637237,8.6,0.324,7476.4502816,77.769938655
41053,OR,Polk County,15.383345465,15.402713631,79970.0,4.625191154,0.0375210793,0.113,0.9180710086,0.9038803954,0.0728008514,0.0005719797,0.0031735427,12.1,1.0,0.1822621298,7.9,0.397,6465.4401574,78.956982086
41057,OR,Tillamook County,27.789860326,19.172999384,68717.0,4.0824738771,0.0376458984,0.162,0.905793307,0.8887196412,0.0815771933,0.0005405795,0.0033191086,7.9,1.0,0.1673989455,8.3,0.246,10981.886554,75.170050205
41059,OR,Umatilla County,24.794604022,17.778487829,62890.0,4.3787255563,0.0407740331,0.218,0.8442303712,0.8531247783,0.0879553607,0.0004625694,0.0048717725,14.7,1.0,0.1517956312,7.3,0.238,8639.1134594,75.922644236
41061,OR,Union County,32.936407398,21.337515684,63524.0,4.2193983033,0.039293708,0.164,0.9354820341,0.8291267502,0.0733533672,0.0008393102,0.0048180697,9.8,0.0,0.1490270527,8.0,0.154,9096.9070924,76.472179382
41065,OR,Wasco County,35.136152591,24.809697543,65701.0,4.3801235658,0.0401548505,0.183,0.8692859039,0.879358371,0.1034482759,0.0010476689,0.0072152812,16.8,1.0,0.1488641856,7.2,0.202,9591.2865846,75.208407502
41067,OR,Washington County,13.355492737,13.658331991,103486.0,4.0148942384,0.0321996855,0.087,0.9290862325,0.9471480337,0.060468595,0.000922087,0.006044768,11.1,0.0,0.1643478645,9.0,0.313,4799.6444926,81.143107601
41071,OR,Yamhill County,22.213378007,18.294424121,86887.0,4.2469337694,0.0345067533,0.1,0.8975030015,0.9170872386,0.0842109029,0.0005820453,0.005292515,12.7,1.0,0.1809111199,8.4,0.413,6772.6582134,78.066618794
42001,PA,Adams County,19.175700552,13.047442279,77041.0,3.6076841198,0.025976857,0.126,0.9072274994,0.8855757096,0.0704264587,0.0005378048,0.0013021321,7.8,1.0,0.0965923327,8.8,0.419,6266.4937745,78.834616419
42003,PA,Allegheny County,52.43434099,13.304010089,76488.0,5.0773063271,0.0330460475,0.152,0.9546978319,0.8983032239,0.0470357858,0.0010928123,0.0048243627,11.3,1.0,0.1265837861,8.4,0.374,8412.2481199,76.924253666
42005,PA,Armstrong County,45.875815713,21.828790499,61521.0,4.0766444963,0.0392869783,0.154,0.9306185567,0.8465383654,0.0559814075,0.0004301538,0.0016855511,7.8,1.0,0.1005233712,8.5,0.458,9779.2649475,75.271340231
42007,PA,Beaver County,41.828660109,15.177834325,66846.0,4.4208721704,0.0407218767,0.127,0.9508019214,0.8774157694,0.0490537281,0.0003900999,0.0016663547,9.3,1.0,0.1028376211,7.8,0.379,9405.7342995,75.61570245
42009,PA,Bedford County,36.441105567,19.673948412,58319.0,4.6445280881,0.03509342,0.143,0.8995989688,0.8207255983,0.0736576156,0.0003371189,0.0015417107,7.6,1.0,0.1005947763,8.1,0.347,9315.6152713,76.216264699
42011,PA,Berks County,31.308361597,14.303243229,75655.0,4.4976326481,0.0347890383,0.179,0.8837968647,0.8805325879,0.0749144334,0.0006288693,0.0019037893,8.7,1.0,0.1301033955,8.5,0.327,7367.6111397,77.814755259
42013,PA,Blair County,41.50563762,17.279690896,54909.0,4.4891959042,0.0332757277,0.18,0.9321759684,0.8468584316,0.0632142934,0.0007719661,0.003043077,7.7,0.0,0.1138963493,8.1,0.223,10058.745052,74.731859602
42015,PA,Bradford County,17.224231716,14.60546443,61270.0,4.5577191052,0.0327467376,0.176,0.9106551019,0.8411401968,0.0758593784,0.0010185,0.0010218611,6.6,1.0,0.102326539,8.2,0.353,7655.360421,77.151757359
42017,PA,Bucks County,32.618794157,12.471604364,107006.0,4.2348987821,0.0300702271,0.075,0.9489217456,0.9406841251,0.0525657096,0.000807927,0.0032322782,8.9,1.0,0.1327079935,9.1,0.439,6420.8457211,79.089937505
42019,PA,Butler County,36.851567397,13.699027424,80978.0,4.6121307513,0.031112597,0.098,0.956729846,0.8956695121,0.0426694977,0.0006794562,0.0023587164,9.0,1.0,0.1075097301,8.9,0.432,7052.8577319,77.771240988
42021,PA,Cambria County,65.004588559,17.766724854,55592.0,4.6438063109,0.0413662239,0.176,0.9288105708,0.8315197874,0.0510270248,0.000696089,0.0024183427,8.5,1.0,0.1040165706,7.7,0.293,10678.829064,74.604616643
42025,PA,Carbon County,60.014465025,25.965406111,64894.0,4.0883313395,0.0387102678,0.176,0.9026019836,0.8794153471,0.0684426473,0.0003363297,0.0008707874,8.0,1.0,0.1419612315,8.4,0.532,10783.614409,74.451454503
42027,PA,Centre County,9.4251101691,10.995375878,69999.0,5.1837975399,0.0270439386,0.1,0.9457256237,0.8549300071,0.062248996,0.0008316035,0.0025602839,7.3,1.0,0.1735973027,8.8,0.236,4449.9525158,81.291223942
42029,PA,Chester County,22.777615376,11.608515399,120925.0,4.4170378925,0.0257151567,0.065,0.9491303786,0.9410933524,0.0574807656,0.00080015,0.0031248636,8.5,1.0,0.1207105369,9.1,0.425,4897.6725021,80.951138236
42031,PA,Clarion County,18.615866037,18.640138815,56911.0,4.4711005845,0.0415235717,0.173,0.9099976346,0.8348685089,0.0811239765,0.0004575304,0.0019204761,7.7,1.0,0.1240601504,7.9,0.323,9304.1179162,74.874097215
42033,PA,Clearfield County,30.431364593,20.00470453,60213.0,4.2424573592,0.0392423727,0.198,0.9043340919,0.8152014709,0.0642176303,0.0004620264,0.0036321183,7.8,0.0,0.1171662125,7.7,0.331,8757.7138718,75.909673776
42035,PA,Clinton County,22.937196192,15.703892002,55946.0,4.7713716869,0.0403365218,0.185,0.8967888991,0.8326124001,0.0850451076,0.0003469905,0.0014359029,7.7,0.0,0.1196990424,8.1,0.319,8571.7030555,76.576466394
42037,PA,Columbia County,32.367447596,18.361903694,63605.0,4.7893486837,0.0361176436,0.138,0.9180847666,0.8625647368,0.0602661636,0.0005703539,0.0008404774,8.2,1.0,0.1104413766,8.3,0.252,8535.3342344,76.494325052
42039,PA,Crawford County,34.839298729,18.00724589,60545.0,4.169349985,0.0367355568,0.175,0.9102516151,0.8420097573,0.100164605,0.0006118703,0.001804856,7.5,1.0,0.1154251317,8.1,0.293,9369.3127565,75.519499333
42041,PA,Cumberland County,18.670104337,10.58903711,82507.0,3.8352682774,0.0267835581,0.091,0.934517372,0.9094564918,0.0529633439,0.0008671872,0.0024857981,8.9,1.0,0.1093338535,8.8,0.253,5768.74374,79.337086628
42043,PA,Dauphin County,34.459637835,13.860410713,73929.0,4.3440119203,0.0320820868,0.19,0.9147959363,0.8931472992,0.0689635837,0.0010334029,0.0028869358,9.4,1.0,0.1372023681,8.1,0.259,8616.5627912,76.795034381
42045,PA,Delaware County,34.386612767,11.899601228,84180.0,5.0542911069,0.0318029754,0.137,0.9359412668,0.9220345241,0.0539418538,0.001005491,0.003663823,10.3,0.0,0.1609101517,9.1,0.451,7707.7078541,77.581734243
42047,PA,Elk County,36.316814685,25.451423201,66378.0,3.7105691057,0.0332782141,0.138,0.9350854832,0.8555745123,0.0604906754,0.0003573401,0.0010927876,7.1,1.0,0.0640740741,8.4,0.189,9195.9378643,76.639146446
42049,PA,Erie County,33.659327857,16.339671915,60721.0,4.7694097236,0.0384439034,0.208,0.9258196523,0.8745390805,0.0614481751,0.0008103758,0.002821681,6.5,1.0,0.1420172699,7.0,0.199,9059.0885695,75.969648176
42051,PA,Fayette County,65.911788494,18.879096091,54030.0,5.2281431379,0.045451228,0.271,0.8995748862,0.8289545504,0.0646632821,0.0003702799,0.0050276399,7.5,1.0,0.1222848692,7.4,0.372,12647.53151,72.553899632
42055,PA,Franklin County,18.55691213,12.548584414,75532.0,3.6102370807,0.028896491,0.113,0.9066461566,0.8819096275,0.08513532,0.0006142467,0.001374688,8.0,1.0,0.1085603427,8.4,0.321,7611.2174512,77.179295627
42057,PA,Fulton County,41.325160135,14.730983555,62044.0,4.4096189926,0.030871753,0.187,0.8929444967,0.8170890188,0.060935412,0.0002065689,0.0006220625,7.3,0.0,0.0984974958,8.6,0.492,9130.9302448,75.721122073
42059,PA,Greene County,41.64576491,18.890688912,60627.0,4.8445104089,0.0369256368,0.184,0.8991902034,0.8546651564,0.064053957,0.0004523735,0.0014844137,6.5,1.0,0.0942314583,7.8,0.48,9516.3048806,74.328558136
42061,PA,Huntingdon County,25.045537341,20.195556706,61812.0,4.2695683197,0.0432251417,0.177,0.9070088907,0.8426237685,0.0584870536,0.0003189865,0.0015856966,8.0,1.0,0.0949326491,8.6,0.468,8075.3624609,76.977274279
42063,PA,Indiana County,49.297214106,15.126597666,57110.0,4.8168377823,0.0405283944,0.185,0.9236615995,0.7888575764,0.0788677757,0.0005067201,0.0038751294,8.3,1.0,0.1145720894,8.3,0.339,10212.409441,75.208508045
42065,PA,Jefferson County,28.240825548,16.185766746,49430.0,4.3351329573,0.0383090469,0.235,0.913989078,0.7990882628,0.0852541371,0.0004760394,0.0011006145,7.7,1.0,0.112144266,8.2,0.291,8531.1278553,75.889233857
42067,PA,Juniata County,16.840923444,14.57664678,59755.0,3.6207724265,0.0341826238,0.134,0.8325524795,0.811827957,0.1162587413,0.0001716959,0.0002151185,8.5,1.0,0.1102227299,8.7,0.442,9055.3424105,75.90686125
42069,PA,Lackawanna County,44.512679866,17.060628271,57570.0,4.9884144451,0.0374515508,0.195,0.9164331143,0.8711281807,0.0582533046,0.0008253618,0.0030815785,6.9,1.0,0.1397122055,8.1,0.219,9255.7331239,75.755682253
42071,PA,Lancaster County,25.415445951,10.376666399,80210.0,3.8139092982,0.0270959723,0.115,0.8714831355,0.8685117985,0.1213811179,0.0007224755,0.0020569685,9.9,1.0,0.1383568913,8.8,0.303,6922.3196457,78.805698989
42073,PA,Lawrence County,73.601666216,18.792787992,61686.0,4.3827707694,0.0421326796,0.185,0.923792033,0.8597694765,0.0681683646,0.0004093711,0.0017283834,8.6,0.0,0.1138188867,7.8,0.313,11918.89938,73.677921374
42075,PA,Lebanon County,26.330076637,13.733281753,78284.0,4.0561218546,0.0283224691,0.113,0.880456174,0.8570533252,0.0969772741,0.0005784254,0.0036048027,9.4,0.0,0.1281957633,8.5,0.299,7405.3557827,77.424086134
42077,PA,Lehigh County,35.00620848,12.414577398,76270.0,4.6127654526,0.0364603171,0.176,0.9029334948,0.8868625606,0.0726869501,0.0009639478,0.0025783976,7.8,0.0,0.153024158,8.4,0.302,7047.939955,78.016409886
42079,PA,Luzerne County,56.426422833,17.941705124,60165.0,4.7017510249,0.0434199592,0.253,0.9067531181,0.8627860965,0.0671330441,0.0007575456,0.0014966951,8.1,1.0,0.1324921136,7.9,0.258,10191.88258,74.769768233
42081,PA,Lycoming County,27.653728252,15.915624879,62063.0,4.1667707899,0.0353969541,0.167,0.9113605961,0.8663232398,0.0681958289,0.0007658114,0.00224442,7.3,1.0,0.1293264476,7.8,0.206,8831.8428689,76.089206071
42083,PA,Mc Kean County,27.467954054,15.507452558,59522.0,4.1746940901,0.0435823755,0.21,0.9251346248,0.8543569489,0.0605761373,0.0005758494,0.001518257,6.8,1.0,0.0928684628,8.2,0.264,9781.6038038,74.665195651
42085,PA,Mercer County,50.040123636,15.296121817,61530.0,4.5194446575,0.0377591365,0.188,0.9130512114,0.8441992065,0.0703278791,0.0006183392,0.0022027041,7.4,1.0,0.1094978166,7.6,0.274,10602.619097,74.635678899
42087,PA,Mifflin County,31.117028975,15.54533637,58758.0,3.8576324432,0.0346188172,0.215,0.8435073172,0.8225597233,0.1139180172,0.0006069013,0.0010670267,8.1,1.0,0.1137339056,7.6,0.303,9939.6018699,75.326203809
42089,PA,Monroe County,44.411547002,15.707381242,73408.0,4.1861865273,0.0447670755,0.139,0.9031592661,0.9184141871,0.0683202555,0.0004017179,0.0016741643,7.9,1.0,0.1574902888,8.4,0.497,8567.0108404,76.844765879
42091,PA,Montgomery County,24.461438067,11.34905355,106780.0,4.5798505745,0.0276775482,0.079,0.9490325447,0.937022134,0.0434922765,0.0013060989,0.0045686752,7.3,1.0,0.1308761255,9.2,0.441,5469.525169,80.01904733
42093,PA,Montour County,29.509406123,22.81804066,73087.0,5.13983185,0.026857082,0.129,0.9281888813,0.8556379243,0.0443686007,0.0058052745,0.0063829787,8.4,1.0,0.1257525084,8.6,0.239,7811.1984173,77.535164828
42095,PA,Northampton County,34.006861071,14.267664526,84051.0,4.0492639447,0.0345807104,0.146,0.9265501353,0.8912062949,0.0576711524,0.0008066882,0.0030336174,8.3,1.0,0.1327489305,8.7,0.364,6471.3897691,78.920858659
42097,PA,Northumberland County,41.964683406,15.622664297,58834.0,4.3621996756,0.0395568879,0.158,0.9001275415,0.8271733057,0.0666676476,0.0004382793,0.00063249,8.7,0.0,0.1074391223,8.3,0.334,9225.4720639,75.630595581
42099,PA,Perry County,33.98114408,18.859178831,71392.0,3.8245916692,0.028614819,0.146,0.8986685945,0.8549802545,0.0982654208,0.000260949,0.0004122995,8.9,1.0,0.0981767181,9.0,0.589,8791.5522219,76.457561207
42101,PA,Philadelphia County,75.413024492,10.779711402,60196.0,6.2592029802,0.0423137608,0.258,0.8739651909,0.8749637639,0.0772927229,0.0007080091,0.0037180547,8.2,0.0,0.2226303336,8.1,0.52,11853.827078,73.942569718
42103,PA,Pike County,36.243784757,17.837552281,71698.0,3.8856620415,0.0462409926,0.134,0.9320662983,0.9039526844,0.0681226908,0.0002502002,0.0009959671,7.2,1.0,0.1689507495,8.6,0.603,7178.4192475,79.349816395
42107,PA,Schuylkill County,45.425063864,20.22097157,63479.0,4.4390587216,0.0401760063,0.21,0.8999539356,0.8474375707,0.0716654931,0.0005025687,0.0010710361,8.6,1.0,0.1039372853,8.3,0.382,10000.97053,74.539095473
42109,PA,Snyder County,9.1980934861,11.75064152,68089.0,3.890386927,0.0339384771,0.135,0.8431372549,0.8104337068,0.1002942787,0.0004038263,0.0009064129,8.6,1.0,0.0977391304,8.7,0.318,6208.7641429,79.689681893
42111,PA,Somerset County,35.575339904,14.459502265,59562.0,4.1873604288,0.0395796202,0.159,0.9005497706,0.8018300024,0.0763430726,0.0003667133,0.001592864,7.7,0.0,0.094610986,8.1,0.308,9156.6992006,75.724015678
42115,PA,Susquehanna County,26.616524569,22.706242337,70021.0,4.3774312427,0.0322911578,0.161,0.9147641856,0.8728818978,0.0893366682,0.0003646878,0.0008134561,6.1,0.0,0.1221646144,8.1,0.423,8503.796752,76.608476655
42117,PA,Tioga County,29.407920533,18.653481154,62918.0,4.2888311876,0.0384615385,0.182,0.9196549851,0.8598473466,0.0762204203,0.000439786,0.0014691479,6.1,1.0,0.1165850673,7.5,0.357,9304.7274275,76.287727797
42119,PA,Union County,11.573538262,11.368398812,82708.0,4.2681035031,0.028562808,0.116,0.866847267,0.7664498986,0.0887460736,0.0010806239,0.0019266448,8.5,0.0,0.1127521614,7.9,0.204,4897.1512933,80.293131864
42121,PA,Venango County,34.656731737,20.768270205,57256.0,4.1708013887,0.0423192269,0.208,0.9153362361,0.8718957923,0.0650572611,0.0006007449,0.0023467055,7.5,1.0,0.0981697171,8.2,0.286,10820.423323,74.500279657
42123,PA,Warren County,15.672207082,17.261641067,57469.0,3.9528592142,0.0370540324,0.171,0.9391508094,0.8285907443,0.05855408,0.0003933498,0.0014904716,6.9,1.0,0.0880522713,8.2,0.224,9023.4396477,75.508945638
42125,PA,Washington County,48.671041209,18.546280676,76957.0,4.5464839633,0.0343868037,0.122,0.9404443977,0.8904922147,0.0555071254,0.0007733804,0.0017028806,8.2,1.0,0.0959548995,8.0,0.415,9242.5186857,75.943653762
42127,PA,Wayne County,35.768402843,23.528097049,68429.0,4.0527539403,0.0388243515,0.165,0.9142965779,0.8596042138,0.0736827354,0.000369427,0.0011704576,7.1,1.0,0.1393188854,8.6,0.395,8326.1025948,76.526869967
42129,PA,Westmoreland County,41.817105287,16.413124584,70985.0,4.6460877958,0.0348337777,0.138,0.953946244,0.871554879,0.0474192338,0.000722263,0.0022382768,7.1,1.0,0.0989559393,8.1,0.394,8506.5333485,76.60674812
42131,PA,Wyoming County,30.53240888,21.848473268,66855.0,4.2287244401,0.0367175404,0.17,0.9243407061,0.8616415718,0.0517056754,0.0005761696,0.0007721411,6.6,1.0,0.1009433962,8.8,0.369,9242.9854381,75.36470504
42133,PA,York County,36.272024125,15.898576297,81213.0,3.9698876163,0.0297921046,0.12,0.913695862,0.8938498504,0.0572985326,0.0006736488,0.0014979339,9.2,1.0,0.1195374936,8.7,0.366,7601.8961553,77.502162712
44001,RI,Bristol County,22.069445188,12.373705002,99802.0,4.5642505005,0.0252525253,0.078,0.9352101596,0.9201853759,0.0355254417,0.0020071628,0.0025669088,6.5,0.0,0.1413748379,8.5,0.418,4740.6290371,80.650718029
44003,RI,Kent County,41.252496862,11.741616475,89914.0,4.5340890775,0.026973398,0.105,0.9278731484,0.9157857113,0.0395371122,0.0008435111,0.004390523,4.6,0.0,0.1467205688,8.9,0.347,6716.0693407,78.168516735
44005,RI,Newport County,29.811472249,9.2697899351,99912.0,4.6339837239,0.0262537718,0.142,0.9533807215,0.9353064721,0.0378410283,0.0008327078,0.0040915164,6.0,1.0,0.1495895839,9.1,0.319,4879.9513554,82.08313906
44007,RI,Providence County,44.107341183,9.0072229807,75307.0,5.013898214,0.0328915509,0.173,0.8628275815,0.8928169042,0.0607055569,0.0009662408,0.0058657463,8.4,1.0,0.1785528266,8.6,0.341,7035.8660625,78.175582148
44009,RI,Washington County,25.344740191,11.709617436,101749.0,4.3197469973,0.0248155411,0.111,0.9525528679,0.9362511528,0.0366565664,0.0008193457,0.0038082196,4.0,1.0,0.1291306058,9.0,0.405,5474.2943308,80.299335934
45001,SC,Abbeville County,36.956432472,20.399608461,51580.0,4.6178231919,0.0366962886,0.22,0.8619489559,0.8007550336,0.1156614406,0.0005350014,0.0006138987,8.3,0.0,0.1315649867,7.8,0.392,12940.608788,72.885333031
45003,SC,Aiken County,49.631050112,21.357318102,67769.0,4.6703645008,0.0298714785,0.177,0.8982674914,0.896758301,0.1065518543,0.0003396262,0.0017162536,9.8,0.0,0.1230964467,7.8,0.353,12448.581563,73.543142124
45007,SC,Anderson County,35.27467536,18.17497404,64813.0,4.4597974556,0.0276460038,0.184,0.8782062504,0.872074902,0.1154502787,0.000657297,0.0019054234,8.8,0.0,0.1206316991,7.3,0.364,11472.167556,73.227205953
45011,SC,Barnwell County,59.871518957,14.079315694,46482.0,7.4133727373,0.0433420366,0.458,0.8081591611,0.7391143456,0.1266057391,0.0002429543,0.0020051841,8.6,0.0,0.1659600242,7.8,0.446,17191.10889,69.574615302
45013,SC,Beaufort County,22.61145133,12.545967057,82199.0,4.2612638214,0.0278522229,0.14,0.9419221251,0.9087874711,0.1101792419,0.0006936187,0.0019901598,8.7,1.0,0.1361559965,7.7,0.348,7369.344919,80.553023831
45015,SC,Berkeley County,33.574578054,14.942726462,82414.0,3.835415535,0.0268793896,0.126,0.9056468147,0.8738433612,0.096691424,0.0003295297,0.0016064761,8.0,0.0,0.1226734852,8.2,0.487,9014.7316436,76.681691325
45017,SC,Calhoun County,27.97333209,27.194058303,58916.0,5.1809124972,0.0325757576,0.243,0.8830028329,0.7852710647,0.1069074233,0.0002117896,0.0002114761,7.8,0.0,0.1545768566,8.6,0.447,14694.97339,72.538220389
45019,SC,Charleston County,37.59145922,15.370666599,88111.0,4.9573639001,0.024340036,0.142,0.9290229789,0.8618795549,0.0967336758,0.0012396374,0.0046681292,7.1,0.0,0.1691042864,8.4,0.342,8317.4061474,77.8945433
45021,SC,Cherokee County,24.190360436,22.670754858,57768.0,4.5438653891,0.0419143749,0.235,0.8550735944,0.7895627516,0.114937418,0.000338971,0.0008639842,8.1,1.0,0.105313093,7.7,0.36,14798.164785,70.637748503
45023,SC,Chester County,37.355248412,22.421911932,51383.0,4.562302494,0.0393740902,0.308,0.8438872864,0.8010211976,0.1098438183,0.000279425,0.0005585552,7.5,0.0,0.1219415943,7.5,0.523,17890.32013,68.564153038
45025,SC,Chesterfield County,30.930090452,20.24471717,50962.0,4.9241158521,0.0320785597,0.3,0.8197440346,0.798860825,0.1242403978,0.000300453,0.0013853876,7.1,1.0,0.1448938027,7.7,0.377,14470.278274,70.935042736
45027,SC,Clarendon County,27.267388204,16.891546076,47675.0,5.398679345,0.0397427441,0.297,0.8192989436,0.8382291405,0.1282242294,0.0003223311,0.0011933944,7.5,0.0,0.1251618472,7.7,0.488,15443.452088,71.196317529
45029,SC,Colleton County,32.302561506,20.550391478,48504.0,4.6769167504,0.0310547593,0.336,0.8556559745,0.8207039078,0.1349934907,0.000415995,0.0015177239,8.1,0.0,0.1268260292,6.7,0.507,17986.455823,68.643774009
45031,SC,Darlington County,30.26160637,13.243732503,46249.0,5.2412490922,0.0327368248,0.301,0.8651815487,0.7532902608,0.1119437064,0.0005417895,0.0015861318,7.4,0.0,0.131933439,7.6,0.288,15869.313812,69.889684611
45033,SC,Dillon County,68.451828476,8.527264353,45269.0,5.269399173,0.0437816286,0.346,0.8162891046,0.6455086427,0.131824417,0.0003916403,0.0016607697,7.0,0.0,0.1652932622,7.3,0.372,19641.47227,67.190699761
45035,SC,Dorchester County,30.290975107,17.118664712,78329.0,3.9582011312,0.0255300322,0.128,0.9126350946,0.8856479301,0.1039078936,0.0003183797,0.0014955868,8.1,0.0,0.1478208648,8.3,0.534,8693.3282073,76.443565613
45037,SC,Edgefield County,37.404151861,17.43916905,62851.0,5.6617372826,0.0308077404,0.224,0.8181077917,0.7765039966,0.1254641494,0.0003441288,0.0006520085,6.7,0.0,0.1247252747,7.4,0.422,11214.050883,74.552053995
45039,SC,Fairfield County,37.972280235,12.170775001,48123.0,6.183720813,0.0398815191,0.331,0.8456878583,0.8105551123,0.098282889,0.0004349928,0.0011752032,7.2,0.0,0.1757990868,7.6,0.589,18564.288145,68.796028196
45041,SC,Florence County,42.111617695,11.626512354,56144.0,5.4759703405,0.0297079482,0.28,0.8773306846,0.8070142036,0.1054056058,0.000988982,0.0030098969,6.7,0.0,0.1486773508,8.0,0.264,14826.579901,70.797414211
45043,SC,Georgetown County,57.292860268,14.575879175,69379.0,4.9339812815,0.0325172583,0.228,0.9191401202,0.8424397398,0.1183726614,0.0006257724,0.0009584519,6.9,1.0,0.1339042429,7.7,0.392,13427.806439,73.473100932
45045,SC,Greenville County,45.221679149,16.264029278,76281.0,4.3947948963,0.026473737,0.146,0.9049247122,0.9108001891,0.1041843737,0.0011164519,0.0031144944,8.1,0.0,0.1283030804,7.9,0.31,9141.6446121,76.057191002
45047,SC,Greenwood County,50.099722304,17.266525974,56726.0,5.2925897992,0.0352314352,0.237,0.8887697553,0.8021245949,0.1155625797,0.0011698271,0.0040742874,8.3,0.0,0.1413975552,8.2,0.204,13119.147122,72.874593819
45049,SC,Hampton County,29.440989217,12.15713482,44774.0,4.4806253547,0.0279832347,0.321,0.8250075919,0.7967342342,0.1342380768,0.000330033,0.0012691756,8.4,0.0,0.1214128035,7.9,0.49,16171.51445,70.334427519
45051,SC,Horry County,56.277145645,17.285621581,68684.0,4.0943402671,0.0341667509,0.198,0.9137813323,0.9154394647,0.1468572805,0.0006236682,0.0018038734,7.0,1.0,0.142114256,7.6,0.294,11747.017574,74.58429366
45053,SC,Jasper County,51.090462049,11.860337947,61816.0,5.0587613891,0.0263961606,0.292,0.9016481308,0.8239935588,0.15877474,0.0002308403,0.0010732173,8.7,0.0,0.1840324763,8.2,0.529,12831.829255,74.06850805
45055,SC,Kershaw County,46.187541283,16.413895561,69277.0,4.7820372399,0.029668585,0.178,0.8915867715,0.8876995015,0.101335052,0.0005746257,0.002002718,7.5,0.0,0.1449799197,7.5,0.528,12077.29598,73.182869011
45057,SC,Lancaster County,54.276923479,14.148057392,74417.0,4.9708271068,0.0328040443,0.137,0.8904150943,0.8701663096,0.0955908025,0.000408627,0.0006653421,7.3,0.0,0.1121737942,8.2,0.503,11214.386636,75.316871063
45059,SC,Laurens County,48.6125774,21.228929766,56237.0,4.5795143639,0.0315555125,0.24,0.8371655209,0.8386139744,0.1272747867,0.0005014527,0.0008711687,8.3,0.0,0.1536787975,7.5,0.407,13903.664161,71.529973597
45061,SC,Lee County,28.493507551,14.821442931,46256.0,4.9521359616,0.0390684848,0.338,0.8102245662,0.807435653,0.1145477432,0.0001228501,0.0011899543,7.4,0.0,0.1661392405,7.7,0.399,17807.772983,68.753542545
45063,SC,Lexington County,35.098142769,16.393783302,76559.0,4.1598464331,0.0245331075,0.144,0.9151490424,0.91039747,0.1036716719,0.0006297124,0.0021096637,7.8,1.0,0.120383155,8.1,0.373,8865.3864156,76.101700985
45067,SC,Marion County,32.039545954,11.960970487,40171.0,5.3331467749,0.0444514254,0.359,0.8399801833,0.6553274516,0.1242427067,0.0003821568,0.0018240494,7.0,0.0,0.1613646842,7.9,0.47,18732.168126,68.205715863
45069,SC,Marlboro County,26.922386605,13.040760034,42308.0,5.3836455331,0.0718762502,0.356,0.8153138871,0.6506321307,0.1169662921,0.0001137139,0.0032679739,7.4,0.0,0.1607717042,6.5,0.359,17178.059449,69.109828814
45071,SC,Newberry County,33.133370536,15.741381081,57325.0,4.5563193868,0.0288461538,0.283,0.8627059411,0.832260184,0.120646983,0.000657964,0.0007469414,7.9,0.0,0.1354476379,7.1,0.35,12999.515428,72.498705755
45073,SC,Oconee County,30.49315366,19.393612639,67161.0,4.7843704218,0.0276588001,0.201,0.8713770901,0.8256916174,0.1330321871,0.0005176572,0.0012065845,8.2,0.0,0.1193891717,7.1,0.293,10455.882264,75.031404572
45075,SC,Orangeburg County,39.777405638,11.209984081,50959.0,6.450367893,0.0441722568,0.291,0.833144516,0.776216545,0.1105257894,0.0004821485,0.002330355,8.1,0.0,0.1625990984,6.9,0.432,16384.898539,70.086755258
45077,SC,Pickens County,45.723111,18.014601255,58480.0,4.9649666653,0.0291293,0.176,0.8725182117,0.8520737686,0.1156609266,0.0005898857,0.0014686889,8.2,1.0,0.1602953074,6.8,0.401,10324.094521,74.557907206
45079,SC,Richland County,27.483787743,11.196544696,61508.0,5.102634214,0.0298357655,0.199,0.9196783826,0.8906344521,0.0960735626,0.0008247531,0.0041680584,6.9,0.0,0.1870436248,7.2,0.303,9520.7967869,75.500651227
45081,SC,Saluda County,18.94135069,10.784646489,60220.0,4.4978336769,0.028363047,0.244,0.84036009,0.7519648328,0.1405082212,0.0001593964,0.0005752236,8.2,0.0,0.1660899654,8.3,0.496,10984.491474,73.925604745
45083,SC,Spartanburg County,42.960611172,17.969580237,64649.0,4.3787053842,0.0289510074,0.197,0.8784365293,0.8699905137,0.122720671,0.0006192983,0.0015138857,8.0,0.0,0.1295423819,7.2,0.317,11012.872303,73.814436391
45085,SC,Sumter County,31.732935614,13.857694622,55481.0,5.1967336921,0.0384111424,0.239,0.8912330658,0.8401447269,0.1062217333,0.0005345654,0.0018240292,7.7,0.0,0.1510174062,8.1,0.253,13356.190509,72.116003086
45087,SC,Union County,54.483091668,15.901311341,40008.0,4.9577790304,0.0406809254,0.348,0.8073271414,0.8149599591,0.1130934971,0.0003331359,0.0010890383,7.8,1.0,0.1058295964,7.4,0.423,16927.043083,69.033480132
45089,SC,Williamsburg County,45.370544557,8.5964510659,43711.0,6.6127058468,0.0476693897,0.316,0.8337157511,0.7160361842,0.1097711518,0.0001968246,0.0013716503,7.2,1.0,0.1841230258,7.8,0.499,15827.736149,70.400417976
45091,SC,York County,37.61692211,15.062176791,82495.0,4.3001178614,0.028136912,0.12,0.925397327,0.9220232389,0.0887180823,0.0004816438,0.0020213194,6.7,1.0,0.1144787464,8.5,0.418,8297.0111383,76.308886162
46029,SD,Codington County,15.234255982,24.212071658,66288.0,4.0233505011,0.0180648354,0.118,0.9235306185,0.8691044414,0.1043970396,0.0009498012,0.0035897967,6.7,1.0,0.1408274133,8.5,0.111,6602.3970518,78.784992577
46083,SD,Lincoln County,7.4303037508,13.388737099,102130.0,3.3135688915,0.0160615256,0.038,0.9591585543,0.9614186527,0.0656513382,0.0013260645,0.0031267921,6.5,1.0,0.0813106796,9.5,0.15,4503.1062697,83.761857394
46093,SD,Meade County,13.413966174,23.151582979,74577.0,3.8572501878,0.0205240473,0.085,0.9460669782,0.890263537,0.0856956928,0.0005965598,0.0035859663,5.9,0.0,0.0685791125,8.9,0.263,7283.0260039,78.510215157
46099,SD,Minnehaha County,15.325287557,16.512250839,73277.0,3.8625243678,0.0182569958,0.103,0.9305811043,0.9224458092,0.0922923132,0.001021609,0.0025274247,6.3,0.0,0.1116025641,8.9,0.121,7471.5078929,77.034075025
46102,SD,Oglala Lakota County,26.71523983,55.816980971,42791.0,7.4433820274,0.0584469802,0.407,0.7798947817,0.5770779934,0.1369936034,0.0003680259,0.0011910079,,0.0,0.5086705202,,0.133,40417.283428,56.934652013
46103,SD,Pennington County,12.566008071,29.378118033,74641.0,4.2401550028,0.0190537892,0.163,0.9468187723,0.9035187536,0.1075462042,0.0011358961,0.0035719524,6.8,1.0,0.119191001,8.0,0.139,10606.090922,76.116758321
47001,TN,Anderson County,96.561801689,19.796144653,61009.0,4.9488039788,0.0323496346,0.182,0.9133859677,0.8847796938,0.1077367464,0.0005027328,0.0011840367,7.7,0.0,0.1218724778,7.6,0.401,12679.04963,72.601132472
47003,TN,Bedford County,35.889538526,20.953537101,69272.0,3.8867904584,0.0330465031,0.19,0.8476293671,0.8509470796,0.1291262136,0.000293433,0.0007350862,7.1,1.0,0.1348785256,7.4,0.378,11720.447227,72.80204165
47005,TN,Benton County,39.579210499,27.429101492,52795.0,4.0081290096,0.0412675018,0.273,0.8721726319,0.753608545,0.1312786339,0.0002520161,0.0004347016,6.8,0.0,0.1036866359,6.8,0.343,14780.679031,70.544268943
47007,TN,Bledsoe County,24.306706441,19.366841654,50731.0,5.0224916172,0.0534197586,0.281,0.7962436461,0.8206566916,0.1610963929,0.0001312853,0.0003320053,7.0,0.0,0.1316326531,6.6,0.505,9901.5577358,76.296763717
47009,TN,Blount County,56.510329506,17.826403186,77206.0,3.7183760804,0.0300847458,0.131,0.906975116,0.8783816048,0.1125633916,0.0006831147,0.0017390567,6.6,0.0,0.1060475781,7.9,0.391,10637.426375,74.794861658
47011,TN,Bradley County,39.411973358,16.033328496,61440.0,4.3361937314,0.0351435792,0.193,0.8840348851,0.8787849865,0.1122951554,0.0004811096,0.0015146219,7.9,0.0,0.1283272283,6.8,0.299,10765.474019,73.745858752
47013,TN,Campbell County,74.790544458,26.688075243,50443.0,5.2414586743,0.0414624454,0.257,0.8287989383,0.7668322461,0.1214802896,0.0003537319,0.0005966735,7.4,0.0,0.1273420133,6.4,0.476,18368.955146,68.555815731
47015,TN,Cannon County,63.365619625,29.731746898,60098.0,5.3309799888,0.0293528064,0.218,0.8421660094,0.7954625396,0.126855153,0.0002061431,0.0002655514,6.9,0.0,0.1128747795,7.9,0.647,15228.053213,71.276668789
47017,TN,Carroll County,16.534977383,20.904503952,51159.0,5.3676374428,0.0409689758,0.219,0.8871579379,0.781844022,0.0951085704,0.0003517164,0.0005544006,7.0,0.0,0.0973612375,7.5,0.393,14102.22106,70.626868294
47019,TN,Carter County,44.388679111,24.582790115,48885.0,4.8161011444,0.0367079146,0.23,0.8865613308,0.8002728626,0.1341873311,0.0003028468,0.0006839465,6.2,0.0,0.1006583139,5.2,0.34,12615.571125,72.711614758
47021,TN,Cheatham County,92.403619008,18.24881251,82030.0,3.7895144904,0.0257550007,0.124,0.9032552171,0.8932612522,0.1188743328,0.0005779929,0.0008756567,7.8,0.0,0.0842824601,8.6,0.638,12436.708221,72.253616469
47025,TN,Claiborne County,48.593376826,13.276678419,53195.0,4.592120394,0.0393657736,0.27,0.8312008299,0.751783591,0.1154706241,0.0005268541,0.0002143688,7.5,0.0,0.115585384,6.8,0.322,14193.455855,71.050323106
47029,TN,Cocke County,64.827158014,25.775800847,47491.0,4.2410901468,0.0452975828,0.287,0.8365482617,0.7561991668,0.1279885017,0.0003844253,0.0005614373,6.8,0.0,0.1251743375,6.0,0.496,18377.169568,68.032550012
47031,TN,Coffee County,37.983582022,25.770258179,65038.0,3.8929597198,0.0337848418,0.194,0.874375125,0.8067473897,0.1114063778,0.0005251389,0.0021770323,7.0,0.0,0.1213473121,7.3,0.368,12880.198544,71.754545636
47035,TN,Cumberland County,54.911076044,23.923217311,60632.0,3.6768343249,0.0417403013,0.243,0.8964705882,0.8560862754,0.1290337678,0.0006405022,0.0004014824,7.0,0.0,0.096135721,6.8,0.262,12952.819279,73.424892111
47037,TN,Davidson County,71.548180127,13.501680476,80216.0,4.3765094588,0.0265224248,0.173,0.9034001525,0.915973145,0.1271998996,0.00090489,0.0043434681,9.7,0.0,0.171323079,7.8,0.347,10529.111309,75.084283803
47039,TN,Decatur County,37.620094918,19.429819773,52000.0,5.2067572948,0.0451938518,0.24,0.8415758592,0.7904933544,0.1158710265,0.0002633658,0.0012868909,6.5,0.0,0.12,7.4,0.373,14620.047865,70.714771133
47041,TN,DeKalb County,67.396257903,15.830118487,57936.0,4.8421783031,0.0413909433,0.22,0.8268436984,0.7938787522,0.1374217181,0.0003906632,0.0004711425,6.9,1.0,0.1171339564,6.6,0.426,13348.204276,71.672752148
47043,TN,Dickson County,64.075827092,21.391030011,74028.0,3.3791182171,0.0273489815,0.136,0.8920096476,0.8501801631,0.1138421453,0.0003074586,0.0012163091,7.2,0.0,0.0991609458,8.1,0.534,11706.31984,73.097891592
47045,TN,Dyer County,20.05140451,20.830871728,57548.0,5.365571629,0.0353293413,0.239,0.8915864713,0.872211771,0.1061007958,0.0003277345,0.0008219628,6.2,0.0,0.1149386085,6.4,0.239,14991.721777,69.934742733
47047,TN,Fayette County,32.010743118,15.150353283,76680.0,4.6808425707,0.0363005051,0.185,0.9089431403,0.8879856545,0.0985813023,0.0003035114,0.0003169213,8.4,0.0,0.0976145637,8.5,0.62,11140.380459,75.204135394
47049,TN,Fentress County,49.149537468,29.516537992,47860.0,4.4756077926,0.0381818182,0.266,0.8323961148,0.8348040488,0.1277683135,0.0003183024,0.0004061738,6.7,0.0,0.0899932841,7.3,0.325,15613.703144,70.057984243
47051,TN,Franklin County,24.683358788,26.425967321,64243.0,4.2368984721,0.0345286885,0.191,0.9083842125,0.7886178862,0.102582017,0.0005553627,0.0006270435,7.1,0.0,0.1175220164,7.4,0.354,10892.957868,73.77983791
47053,TN,Gibson County,27.900117579,18.459557232,57630.0,4.6598144365,0.0348472261,0.192,0.88358313,0.8639168076,0.1182858251,0.0003957183,0.0003918111,7.2,0.0,0.1044507332,7.0,0.404,13993.395186,70.322111207
47055,TN,Giles County,30.8962108,17.203496163,60422.0,5.1374157395,0.0329081286,0.219,0.8759069767,0.8256191289,0.1095226046,0.0003601598,0.0006510205,6.9,1.0,0.107064502,7.9,0.447,13405.029906,71.578770066
47057,TN,Grainger County,64.24132393,19.915000209,57132.0,5.293490769,0.0366813119,0.217,0.8383458647,0.7703324273,0.1160553853,0.0001262467,0.000202585,7.7,0.0,0.1225254147,,0.536,14202.560277,71.337687188
47059,TN,Greene County,44.896666777,22.54857776,54188.0,4.5348971523,0.0415081166,0.198,0.8669498626,0.7756024632,0.1198630774,0.0005239235,0.0011573915,6.9,0.0,0.100837277,6.6,0.359,12931.957087,71.985636846
47061,TN,Grundy County,61.139642944,22.998642036,41370.0,4.9200971079,0.0446728602,0.269,0.7998360152,0.8253035644,0.1365862674,,0.0005732712,6.8,1.0,0.1003102378,7.0,0.525,16197.621005,69.66893117
47063,TN,Hamblen County,48.781489735,18.034978186,55904.0,4.6443979058,0.0355973231,0.217,0.8713956951,0.8632657815,0.1325276295,0.0005739282,0.0022502114,7.5,0.0,0.1207601144,6.2,0.249,13647.361458,71.057029024
47065,TN,Hamilton County,44.196260082,13.059596304,73319.0,4.5470171891,0.032031772,0.19,0.9113316506,0.9035330038,0.1079101546,0.0010917415,0.0028115325,8.5,0.0,0.1297992131,7.2,0.268,10011.174842,75.599814628
47069,TN,Hardeman County,25.068939584,20.742435323,47551.0,4.5702146256,0.0442829567,0.295,0.8263238178,0.799204332,0.1047204673,0.0001573193,0.0015254038,7.4,0.0,0.130794702,7.5,0.531,15497.467343,70.329628856
47071,TN,Hardin County,50.28157683,23.773920167,49126.0,4.8622617028,0.0395981087,0.242,0.8442383563,0.8497184529,0.1271053662,0.0005577867,0.001138492,6.8,0.0,0.1149745016,6.8,0.288,15010.495671,70.808493215
47073,TN,Hawkins County,41.834683277,16.09016527,54454.0,4.6433059671,0.0387510215,0.222,0.8640332147,0.8404937202,0.1118598083,0.0003142019,0.0002559727,7.2,1.0,0.1088913282,6.9,0.372,13677.297057,71.51577277
47077,TN,Henderson County,25.012506253,12.98062195,55656.0,5.1396163141,0.0369864184,0.182,0.8924875135,0.7990483163,0.1155289492,0.0001788717,0.0005700036,6.7,0.0,0.1173210162,7.6,0.422,12841.518652,71.739415389
47079,TN,Henry County,32.066532884,27.936587203,52064.0,4.731948376,0.0378604446,0.262,0.8839354343,0.8190079515,0.115893904,0.0006824033,0.0019045279,7.3,0.0,0.1120556414,6.6,0.219,12807.614879,72.175154476
47081,TN,Hickman County,87.985397051,29.207843119,59650.0,3.7469665792,0.0278500126,0.218,0.8459321658,0.7722222222,0.1324762437,0.0001975738,0.0006582514,6.6,0.0,0.0910131654,7.7,0.539,15711.085555,69.899153986
47083,TN,Houston County,72.498791687,,56951.0,4.240511484,0.0455822666,0.226,0.87336393,0.8166144201,0.1298380879,0.0002404713,0.0029786727,6.9,0.0,0.0996503497,7.9,0.593,14335.571778,70.882724521
47085,TN,Humphreys County,43.93132655,24.052533455,63017.0,4.0888093353,0.0325670498,0.201,0.8770219366,0.8254662005,0.1250504779,0.0001561605,0.0005205893,6.8,0.0,0.0837070254,7.4,0.456,13926.075928,71.489357921
47087,TN,Jackson County,50.557537286,23.939835369,48285.0,5.3424336142,0.0406843313,0.274,0.8255657629,0.7865814696,0.1383987649,8.51064e-05,,7.0,1.0,0.1093922652,7.3,0.513,13794.721778,71.935685608
47089,TN,Jefferson County,48.90908874,17.715068796,62730.0,4.2741974249,0.0354967949,0.181,0.8893255074,0.849468409,0.1196618105,0.0004494463,0.0006397178,7.8,0.0,0.1008814887,7.7,0.456,12482.347404,72.929258321
47091,TN,Johnson County,60.992514555,36.687878686,51597.0,4.3918610165,0.0318011758,0.28,0.8132211015,0.7946179587,0.1332085605,0.0003302146,0.0008707483,5.9,0.0,0.1202623907,7.1,0.366,13388.423626,72.254187894
47093,TN,Knox County,86.144173085,16.998933883,70457.0,4.6132016461,0.0281154625,0.158,0.9233251759,0.8799886466,0.0976039525,0.0010931275,0.004408102,8.7,0.0,0.1229727971,7.4,0.269,11096.345689,74.159737863
47097,TN,Lauderdale County,22.560781399,14.148598579,51486.0,4.9691665409,0.0506586698,0.366,0.82779777,0.8386151509,0.1158665582,0.0001593118,0.0002844372,7.6,0.0,0.1312192455,7.4,0.312,14551.253743,70.721764006
47099,TN,Lawrence County,36.383887136,21.267167495,55845.0,4.6709543942,0.0347736093,0.201,0.85546875,0.8180076628,0.1309370299,0.0003792273,0.0009541571,5.3,0.0,0.1286017592,7.8,0.363,12411.27926,71.758644105
47101,TN,Lewis County,65.484453991,20.120620529,55231.0,5.3520318244,0.0334599385,0.214,0.8539275766,0.7828449447,0.143928924,0.0001555573,0.0004592071,6.1,0.0,0.1074380165,5.8,0.519,13691.280006,71.475292343
47103,TN,Lincoln County,23.590024251,24.351160456,60974.0,4.7743160202,0.0315258512,0.189,0.8697575295,0.777709233,0.1108934443,0.0004233342,0.0003870718,7.2,0.0,0.1126158232,8.0,0.492,13044.700871,72.181876128
47105,TN,Loudon County,48.297512678,13.868876508,81605.0,4.2372652141,0.0326170844,0.159,0.889158557,0.8939755952,0.1119836284,0.0005468337,0.0005611394,6.4,0.0,0.1080275229,8.0,0.354,10983.378321,75.395124588
47107,TN,McMinn County,55.833016333,25.178578333,55852.0,4.1408450704,0.0419342652,0.195,0.861776082,0.8618601835,0.1214675491,0.0004994543,0.0008082187,6.9,0.0,0.1155209072,7.4,0.332,14154.279348,71.296444071
47109,TN,McNairy County,36.10853193,29.007596987,54516.0,4.3869417009,0.0471404642,0.212,0.8740574801,0.8358148073,0.1302683872,0.0004253674,0.001375989,7.2,0.0,0.0733197556,6.7,0.384,14361.145982,70.292261906
47111,TN,Macon County,46.902481923,24.779200711,57496.0,4.3946286995,0.0308522296,0.224,0.8161657426,0.835326087,0.1425473004,0.0001945601,3.73232e-05,7.5,0.0,0.1608202914,7.1,0.508,12855.61986,71.458146888
47113,TN,Madison County,33.403063635,12.3668165,60663.0,5.1119487046,0.0334380841,0.277,0.9031289863,0.8768907776,0.1081354551,0.0013869906,0.0031554646,6.3,0.0,0.165503876,6.9,0.174,12326.863149,73.168479849
47115,TN,Marion County,41.429311238,13.466498411,57109.0,4.4738358928,0.0391630478,0.215,0.822974526,0.8312949952,0.1186321789,0.0003462964,0.0002722755,7.6,0.0,0.0981228669,7.2,0.557,13069.364641,72.00238859
47117,TN,Marshall County,42.501747294,21.396952611,73770.0,3.702560812,0.0317581301,0.152,0.9051731296,0.8856647573,0.106901399,0.000171507,0.0007304997,6.9,0.0,0.115172956,7.4,0.508,10468.507995,73.624428691
47119,TN,Maury County,39.03887568,17.35473642,74164.0,4.0533848319,0.0275185006,0.138,0.9252986004,0.896776539,0.0991938113,0.000486827,0.0022029614,5.7,0.0,0.1077082793,8.1,0.493,9706.3641318,75.062447873
47121,TN,Meigs County,61.771291792,24.257387446,56161.0,5.3047614353,0.0495468278,0.231,0.8291245791,0.8028035613,0.1076670529,0.0003831711,7.30407e-05,7.5,0.0,0.1208576998,7.7,0.549,17656.793193,69.11828022
47123,TN,Monroe County,54.372771246,20.141488043,58980.0,4.7864347182,0.0360203341,0.212,0.8632335681,0.8391847742,0.1183142053,0.0001927277,0.0005967815,7.0,1.0,0.1114401077,7.1,0.432,15493.989624,70.824940316
47125,TN,Montgomery County,42.518513269,20.707640303,74701.0,3.7176676018,0.0372499888,0.157,0.9434633438,0.9263765847,0.0940518605,0.0004036858,0.0023470851,6.8,0.0,0.1360056804,6.9,0.338,10082.008824,73.991253589
47129,TN,Morgan County,46.941745294,21.390248873,55668.0,4.3255994445,0.0404929577,0.196,0.8343522749,0.8365331107,0.1249511401,0.0001881999,0.000185417,7.0,0.0,0.1047819972,6.7,0.556,13305.17029,71.85612976
47131,TN,Obion County,14.287127298,18.614651785,54428.0,4.4300045188,0.0381608484,0.27,0.8499744459,0.8203100032,0.1295218821,0.0004267052,0.0004932426,7.6,0.0,0.1017964072,7.4,0.23,12716.050607,71.888558596
47133,TN,Overton County,29.218834461,19.836016476,52236.0,5.3091856816,0.035216144,0.191,0.8182098765,0.7621218861,0.1242512502,0.0003940628,4.28688e-05,6.9,0.0,0.1042382589,7.8,0.399,12599.447344,71.817990448
47135,TN,Perry County,39.59455179,,50014.0,4.7755936986,0.051590106,0.261,0.8239687659,0.7661184211,0.1441254809,0.0002360718,0.0005623664,6.2,0.0,0.0786885246,6.4,0.489,11957.792746,73.157800028
47139,TN,Polk County,22.868468194,23.308309398,57045.0,5.019673283,0.0390713477,0.198,0.8565945033,0.8391657335,0.1288793103,0.0003375338,0.0002772695,7.0,0.0,0.1149179158,7.8,0.524,14383.665966,70.673573548
47141,TN,Putnam County,35.991967247,17.745545672,57896.0,5.215311672,0.0346856964,0.186,0.8875377615,0.8554617781,0.1116255066,0.0006651229,0.0026835552,6.1,0.0,0.1255675591,6.5,0.246,10995.781918,73.417866287
47143,TN,Rhea County,45.85829786,14.110562273,57682.0,4.2852867427,0.0451110945,0.214,0.8409473276,0.8885448916,0.1320804065,0.0003621439,0.0003537319,7.3,1.0,0.1019208154,6.5,0.374,13334.415825,71.421641401
47145,TN,Roane County,87.775834024,20.988884516,65970.0,5.0293341492,0.0363856125,0.165,0.8932187485,0.8705798838,0.0885289444,0.000425989,0.000641757,6.8,1.0,0.1049368542,7.5,0.462,13431.317513,72.575151348
47147,TN,Robertson County,50.035385385,18.812035005,81529.0,3.6625147012,0.0272153168,0.136,0.8885461083,0.8642046478,0.1163072564,0.0003508867,0.0007033448,8.1,0.0,0.110043339,8.6,0.541,11571.56121,72.654471702
47149,TN,Rutherford County,37.830470067,13.689401554,81987.0,3.4364412811,0.0261857658,0.115,0.9237049045,0.9396477066,0.099835424,0.0004372739,0.0013592989,8.1,1.0,0.1279055105,8.3,0.429,8619.6585231,75.965586146
47151,TN,Scott County,15.14187941,17.37640261,46923.0,4.3967572454,0.0477005871,0.251,0.8047470662,0.765570734,0.1338631149,0.0002281334,0.0005863515,6.9,0.0,0.0972466315,5.7,0.352,13103.358748,71.415195867
47153,TN,Sequatchie County,49.503929374,11.747279867,62157.0,5.0806705339,0.039178515,0.219,0.8171418959,0.8202908022,0.1492629467,0.0001829715,0.000174815,7.1,0.0,0.0980392157,5.0,0.495,11115.441154,75.156722879
47155,TN,Sevier County,64.863048227,22.00371213,60704.0,4.3260572988,0.0300722376,0.183,0.8779735062,0.8349098697,0.1518901051,0.0003617472,0.0009153548,7.7,0.0,0.1348635067,7.4,0.386,11506.643805,73.741428182
47157,TN,Shelby County,57.4753623,11.644300907,62402.0,5.3478364525,0.0434972875,0.281,0.8983167313,0.8720291744,0.11386644,0.0008567219,0.0020284778,10.0,0.0,0.188196823,7.4,0.286,14563.84213,71.79344546
47159,TN,Smith County,57.427886982,23.90410721,72153.0,4.5149621835,0.0301107754,0.165,0.8734132581,0.8650741567,0.1190574618,0.0003965893,0.0002921414,7.2,1.0,0.1444816054,7.9,0.467,12786.297444,72.039908921
47161,TN,Stewart County,62.276940765,20.492406166,60634.0,4.5256378601,0.03600281,0.175,0.8990510802,0.8171273922,0.1242196689,7.21761e-05,0.000351568,7.3,1.0,0.1011787819,7.6,0.561,12354.607494,72.889223449
47163,TN,Sullivan County,44.064823323,20.349462674,57016.0,4.6579882134,0.0347521122,0.19,0.8963483338,0.8686264764,0.1050226467,0.0012118168,0.0015049187,5.8,0.0,0.1121969414,6.8,0.256,12612.069652,72.721753277
47165,TN,Sumner County,37.001480059,18.535445802,86376.0,3.8623032814,0.0262805672,0.119,0.9179851236,0.9208797226,0.0956523274,0.0004686947,0.0011538794,7.1,0.0,0.1214207048,8.1,0.477,9307.0863926,75.643644106
47167,TN,Tipton County,41.716780981,18.588787407,70886.0,4.1240766245,0.0377013177,0.247,0.8925346682,0.8495386799,0.0961542229,0.0002786703,0.0005966298,8.3,0.0,0.1136779506,8.5,0.584,12117.804995,72.277665661
47169,TN,Trousdale County,56.178197242,25.100900146,62658.0,4.0080871889,0.0313463515,0.165,0.8504122497,0.8477310005,0.0922395769,0.0003323639,8.1493e-05,7.4,0.0,0.171641791,,0.629,12221.483295,71.965200811
47171,TN,Unicoi County,47.05705197,15.692356426,54955.0,4.7949947763,0.0420084866,0.22,0.8797660641,0.8232731001,0.1079028498,0.0004520285,0.000225276,5.7,0.0,0.0936058009,7.4,0.346,13765.153837,71.182788556
47173,TN,Union County,88.992897048,20.90615162,64244.0,4.0749190462,0.0376643074,0.234,0.8333449794,0.7696564149,0.1281521541,0.0001497006,0.0004339231,7.7,1.0,0.0991902834,7.8,0.614,16950.687793,69.790104144
47177,TN,Warren County,35.955702574,20.576341095,49436.0,4.0663128882,0.0413908272,0.225,0.8479028929,0.8207289859,0.1474659784,0.0004575777,0.0009381303,6.9,0.0,0.142178594,7.2,0.383,11917.427192,72.547050916
47179,TN,Washington County,42.417815483,21.162595424,62028.0,5.1642420235,0.032681864,0.181,0.9113903588,0.8769961233,0.1196951162,0.001854942,0.0042623898,6.6,0.0,0.124191933,7.1,0.24,10756.575681,73.869762043
47181,TN,Wayne County,20.308279686,14.813240049,51817.0,5.1763399324,0.0400185414,0.235,0.8350774722,0.8119986048,0.1125923257,0.0001828265,0.000746919,6.4,1.0,0.10670194,6.6,0.479,10259.165413,73.686616487
47183,TN,Weakley County,24.136855973,14.346301514,55285.0,4.2647645208,0.0362415215,0.209,0.8796042041,0.8237155341,0.1159524667,0.0006054002,0.0004231653,7.5,0.0,0.0813469542,6.9,0.265,11926.701532,72.793492364
47185,TN,White County,56.340729553,23.220846463,63690.0,3.9769325153,0.0353233831,0.197,0.8338857085,0.8389237342,0.1406384035,0.0003616637,0.0008016172,6.8,0.0,0.1086851043,6.2,0.341,13271.820936,71.620030586
47187,TN,Williamson County,15.356386288,11.901912302,136007.0,,0.0246498161,0.047,0.9593127312,0.9550575422,0.0565841933,0.0013803351,0.0027263102,8.1,1.0,0.1003985465,9.1,0.453,4406.5701308,81.472321432
47189,TN,Wilson County,45.791339767,20.159014306,96466.0,3.7713807985,0.0272528156,0.084,0.9354506649,0.9169743327,0.0872378922,0.0003291271,0.0009042365,8.2,1.0,0.1046522601,8.4,0.538,8720.181373,76.128446202
48001,TX,Anderson County,20.657481738,32.822980362,56548.0,4.3790887401,0.0352827876,0.246,0.8598529306,0.8369501808,0.1765956257,0.0003766994,0.0006235278,8.3,1.0,0.144461305,6.2,0.343,11853.742851,72.02778967
48005,TX,Angelina County,22.657189049,16.764159423,57298.0,4.4183633207,0.0436693686,0.249,0.8487863182,0.888947581,0.1963529563,0.0006589138,0.0016491256,8.8,1.0,0.1483146067,6.4,0.215,12482.626096,72.625754877
48007,TX,Aransas County,24.567341814,36.054091707,60112.0,5.0425759257,0.0488342785,0.279,0.9144671768,0.8752768785,0.2060170786,0.0003263974,0.0009458501,9.3,1.0,0.1770334928,5.6,0.244,12794.660462,73.277614823
48013,TX,Atascosa County,11.14556767,19.032960343,58330.0,5.3174689247,0.0380600261,0.226,0.8087796694,0.8284941389,0.2020505651,0.0002002443,0.0006565735,8.6,0.0,0.1619496855,7.3,0.514,10227.904034,73.957045693
48015,TX,Austin County,10.935056698,16.021335244,73248.0,4.7298848742,0.0367636915,0.18,0.8845665962,0.8088549368,0.1908243315,0.0001974984,0.000441961,9.2,1.0,0.1558277027,8.0,0.418,9125.9648661,76.476312991
48021,TX,Bastrop County,13.673640223,18.931716175,77345.0,4.1384902249,0.0341109155,0.162,0.8186208546,0.8608235696,0.2076245999,0.0002351604,0.0007492462,8.4,1.0,0.1570195075,7.7,0.624,8981.4101176,76.747985087
48025,TX,Bee County,14.920442071,20.419034857,54072.0,4.9175647306,0.0511339324,0.282,0.8156780647,0.7769490735,0.1601108903,0.0001616867,0.0005186386,8.9,1.0,0.1583284285,6.1,0.254,11511.464056,73.060614952
48027,TX,Bell County,15.290922992,19.294893312,69562.0,4.3700352814,0.0449337867,0.157,0.9100864627,0.8988286409,0.1642040017,0.0007217801,0.0027899785,7.8,1.0,0.1651790845,6.7,0.27,9432.828891,75.514008341
48029,TX,Bexar County,18.300494113,13.025449371,69755.0,4.5539001739,0.0373750431,0.191,0.8642697484,0.9030823796,0.1796452341,0.0007356146,0.0024764344,8.7,1.0,0.1823670908,6.7,0.365,8757.9605839,76.146428629
48035,TX,Bosque County,19.712201853,17.110071509,66325.0,3.7462883142,0.035,0.194,0.8818844894,0.8218829517,0.2033278348,0.0005404529,0.000473784,8.2,1.0,0.1250888415,6.8,0.424,12030.172339,73.587368438
48037,TX,Bowie County,12.225949938,23.531573768,55343.0,5.2802661546,0.0422838465,0.195,0.9001330277,0.8007815867,0.1630422503,0.0007236906,0.0013742406,9.3,0.0,0.1484478446,6.8,0.193,12277.599016,72.298010833
48039,TX,Brazoria County,16.370773641,14.955745218,93071.0,4.1533847871,0.0438388439,0.121,0.8918111201,0.9324384071,0.1493156644,0.0006531661,0.0011731146,10.4,1.0,0.1292191334,8.0,0.531,7616.0992843,76.934304831
48041,TX,Brazos County,9.1343323014,10.419605938,55724.0,6.1072631973,0.0310470948,0.189,0.8900504087,0.8475258723,0.1568524717,0.0008311114,0.0014997773,8.1,1.0,0.2367115097,6.5,0.14,6298.3581339,78.954963527
48049,TX,Brown County,9.6323928615,18.916194419,57744.0,4.7676032208,0.0429916052,0.215,0.8774316878,0.8746244743,0.1775681701,0.0005236699,0.002040869,7.3,0.0,0.1365187713,6.1,0.156,11762.101485,72.323463835
48053,TX,Burnet County,15.675107277,24.363771255,77824.0,3.7978626825,0.0308862857,0.14,0.8920027155,0.9044751748,0.1952878248,0.0004121364,0.0008890371,8.0,1.0,0.1399108138,7.7,0.419,8878.6447305,76.870264225
48055,TX,Caldwell County,11.542512516,12.988187398,63395.0,3.9631546991,0.035353764,0.194,0.8031975638,0.8843783749,0.2275486221,0.0002564596,0.0008223189,8.9,1.0,0.2085225288,7.1,0.531,9138.9480921,75.744684542
48061,TX,Cameron County,6.0514752632,8.5482483857,51716.0,5.2403731045,0.0541512661,0.339,0.7164206715,0.8014767232,0.2521717464,0.0004916921,0.0009725575,12.6,1.0,0.2184111359,4.8,0.226,9064.7829298,76.332932659
48067,TX,Cass County,16.096024282,29.853727414,52092.0,5.2189809225,0.0469244874,0.233,0.872808321,0.7934607219,0.1763659582,0.000210084,0.0003489305,9.1,1.0,0.1407211961,6.6,0.404,14420.355288,70.729364955
48071,TX,Chambers County,21.2703183,17.8289283,103034.0,3.7909281051,0.053649551,0.103,0.8949587886,0.8924387003,0.1398197878,0.0001432518,0.0004083451,9.7,1.0,0.1687353237,7.6,0.488,8172.9540269,76.16174031
48073,TX,Cherokee County,10.924256347,20.230659849,57691.0,4.8935014472,0.0440454414,0.277,0.8069478762,0.8404202378,0.195545357,0.0005088361,0.0011107494,8.6,1.0,0.1469050894,6.5,0.379,11651.513006,73.13322437
48085,TX,Collin County,10.059196576,11.310717475,120149.0,4.0407738869,0.0350098107,0.066,0.9447256688,0.960852812,0.1062913457,0.0009734448,0.0018262296,9.4,0.0,0.1441205948,8.6,0.457,4575.5457346,81.311847989
48091,TX,Comal County,9.9153382656,18.569143581,99871.0,4.3369417827,0.0360387034,0.091,0.9420489122,0.9492838243,0.1331847459,0.0005943333,0.0018666722,9.0,1.0,0.1290455406,8.0,0.484,6848.4853339,78.298978257
48097,TX,Cooke County,13.418898545,21.619858043,75003.0,4.275314937,0.0332798912,0.188,0.8839062065,0.804085651,0.1838786489,0.000260392,0.0006852131,8.8,1.0,0.1235641105,7.6,0.385,8595.9589909,76.551578359
48099,TX,Coryell County,9.3486054319,20.034866381,72724.0,3.5406501604,0.0448245473,0.158,0.9065629102,0.8875818997,0.1469405914,0.0001780796,0.0007422418,8.4,1.0,0.1256522647,5.2,0.294,8664.7179603,75.319004839
48113,TX,Dallas County,20.31247723,11.191488957,74352.0,4.3769196627,0.0383770159,0.195,0.8168122272,0.9021210468,0.2358678728,0.0007207904,0.00219847,8.8,0.0,0.2078623508,7.3,0.424,8431.2809874,76.722757077
48121,TX,Denton County,10.323255299,11.23979171,107401.0,4.071547022,0.0350092356,0.059,0.9341044862,0.954548469,0.1154939969,0.0005362944,0.0018070801,7.4,0.0,0.1354819643,8.3,0.461,5061.6482137,80.743534638
48135,TX,Ector County,21.034960922,17.675928719,66813.0,4.9924030248,0.0332977415,0.143,0.7762595723,0.8515747653,0.2177529746,0.0005711058,0.0005653702,7.3,1.0,0.1622331413,7.0,0.3,12481.367507,71.458720019
48139,TX,Ellis County,10.715109954,15.023633465,90077.0,3.8490796394,0.0369259412,0.09,0.8764632741,0.9169958752,0.1653831809,0.000379913,0.0010770591,8.3,1.0,0.1322755541,7.9,0.512,7453.044784,76.772297885
48141,TX,El Paso County,16.679622466,11.739196339,58656.0,4.9248763707,0.0438594176,0.238,0.806474437,0.882955784,0.2345959637,0.0004965741,0.0013990435,9.3,1.0,0.1905546784,6.3,0.302,8159.7452102,76.469698001
48143,TX,Erath County,10.728215974,13.62231546,63564.0,4.8262159419,0.035090159,0.175,0.8706042885,0.8899200195,0.2056641545,0.000576329,0.0013123657,7.8,1.0,0.1872696817,6.0,0.233,7986.3067079,76.749937433
48147,TX,Fannin County,15.509958306,19.509932787,66381.0,5.1195484864,0.0339631004,0.192,0.8676720804,0.8178691472,0.1658996117,0.000191419,0.0010380347,8.8,0.0,0.1379310345,6.6,0.511,10352.020223,73.295055813
48149,TX,Fayette County,13.307251121,14.2906204,71442.0,4.2706480711,0.0336940482,0.132,0.9025344353,0.7706747844,0.1897458612,0.0003240572,0.0005103243,8.6,1.0,0.1118119266,7.6,0.225,9257.4074099,76.394841658
48157,TX,Fort Bend County,10.280673995,10.246953994,106213.0,4.0630463889,0.0396787394,0.101,0.9193230241,0.9487945275,0.1235514177,0.0008467992,0.0011889465,10.6,0.0,0.1497076475,8.5,0.574,5310.2923119,80.957480855
48167,TX,Galveston County,24.024183083,15.799973372,83080.0,5.0990149406,0.0425743199,0.148,0.8984563334,0.9279708076,0.1583392975,0.0007041024,0.0015867575,8.3,1.0,0.1590900474,7.3,0.417,8975.9577438,76.055944864
48177,TX,Gonzales County,18.205590771,20.085855386,56350.0,5.2560849417,0.0344029458,0.249,0.7699169486,0.8264106583,0.2263177524,0.0004073112,0.0004014049,8.7,0.0,0.1681120747,6.1,0.394,10411.825955,74.236352277
48179,TX,Gray County,21.976986955,19.234441522,56726.0,4.4263912748,0.0410553411,0.224,0.8475841769,0.8460762049,0.2151645744,0.0002853067,0.0004302926,6.2,0.0,0.1478426396,6.7,0.232,11271.914937,72.295596335
48181,TX,Grayson County,15.684969759,18.587653155,69442.0,4.0945950084,0.0369319409,0.148,0.9046480631,0.87705579,0.1850267011,0.0004234369,0.0015451953,9.0,1.0,0.1354370835,7.4,0.327,9793.8857226,74.410591734
48183,TX,Gregg County,8.8265266548,16.344146186,61254.0,4.4719647577,0.042250129,0.229,0.8675580472,0.8775406719,0.198654384,0.0009098155,0.0024001331,9.1,1.0,0.1518593934,6.8,0.209,12456.238727,72.129591107
48185,TX,Grimes County,13.236997408,22.419614093,64708.0,4.5327948653,0.0440161589,0.209,0.8194894266,0.8224317232,0.1970896546,0.0002641397,0.0002161561,9.0,1.0,0.1393875396,6.7,0.613,9963.2224645,74.887496339
48187,TX,Guadalupe County,9.2382410389,15.3601743,94952.0,3.7966188644,0.0339633383,0.107,0.8930164937,0.9264371833,0.1375683608,0.0002598342,0.0006049222,9.1,1.0,0.1228610541,7.2,0.455,7110.8838822,78.219601755
48199,TX,Hardin County,16.754386472,22.788436166,73943.0,4.6952457956,0.0490335306,0.151,0.8990512628,0.8510804598,0.16560148,0.0001755217,0.0005492525,8.9,1.0,0.124453087,6.7,0.538,11241.911939,73.695978231
48201,TX,Harris County,21.386664436,11.470402175,72348.0,4.8884187582,0.0425168392,0.224,0.8248133128,0.9096766802,0.2218850465,0.0005824836,0.001776376,11.6,1.0,0.2074549067,7.3,0.469,8156.7700588,77.349626032
48203,TX,Harrison County,15.085818844,18.060005168,62710.0,5.1431034483,0.0468870369,0.232,0.891533529,0.8103832181,0.1742136758,0.0003036876,0.0005501093,8.4,1.0,0.1460350154,7.3,0.284,10533.355561,74.484254871
48209,TX,Hays County,11.488445626,13.540410194,88491.0,4.5201412249,0.0326494672,0.091,0.9148667496,0.9203377814,0.1381019707,0.0004424484,0.0013476608,9.2,0.0,0.2097144539,8.0,0.501,5755.432841,79.403998653
48213,TX,Henderson County,17.065523673,25.975569752,58965.0,4.8378431296,0.0407153442,0.236,0.8752111059,0.8312421388,0.223510472,0.0003585643,0.0006731818,8.3,1.0,0.1605629298,6.8,0.439,13193.817876,71.973596294
48215,TX,Hidalgo County,5.370806941,6.4192042869,53160.0,5.4573589063,0.0609417551,0.373,0.6934862043,0.8458398958,0.3024438325,0.0004634489,0.0009115486,10.8,1.0,0.2476827501,4.4,0.264,8262.8993986,77.305451055
48217,TX,Hill County,30.684258975,23.828109955,61840.0,4.4972422246,0.040373707,0.193,0.8692672431,0.870476332,0.1959893414,0.0002467714,0.0004199365,8.6,0.0,0.1310847068,7.6,0.444,12166.023122,72.584912319
48221,TX,Hood County,19.060178651,26.73311873,82428.0,4.3798881095,0.0368360843,0.119,0.9225988943,0.9241635985,0.1656554139,0.0003737037,0.0012541683,8.3,1.0,0.1312254598,7.8,0.466,9472.1042248,76.034606035
48223,TX,Hopkins County,12.479386727,24.257986378,61112.0,4.211068471,0.0347288297,0.187,0.846346009,0.8750540424,0.2032253835,0.000241864,0.0008907052,8.6,0.0,0.1516915242,7.0,0.256,10185.94278,73.990483242
48227,TX,Howard County,16.292888633,31.738817319,63398.0,4.8733705773,0.0425383543,0.217,0.81223916,0.8619937956,0.198384571,0.0002051102,0.0022910257,6.7,1.0,0.1409618574,6.3,0.272,11671.649104,71.5529554
48231,TX,Hunt County,16.052240411,15.174701217,70427.0,3.9898158044,0.0413501059,0.171,0.8631770675,0.8768009801,0.1890056918,0.0002708088,0.0008557792,8.7,1.0,0.1777373794,7.1,0.434,10488.820931,74.14739822
48233,TX,Hutchinson County,37.467216186,22.104246245,64752.0,4.7618995233,0.0432477021,0.169,0.8582941572,0.8631912442,0.1637647632,0.0002439619,0.0004492587,6.2,1.0,0.0792151163,7.1,0.224,13452.332243,70.978061031
48241,TX,Jasper County,20.826308586,24.757465283,58113.0,5.5600584707,0.0626636126,0.236,0.883383845,0.8868808078,0.2022990335,0.0003639121,0.0005505597,8.6,1.0,0.1197651663,6.6,0.384,14264.981678,71.032609139
48245,TX,Jefferson County,25.971926468,14.280284146,59298.0,5.1500925735,0.0625883811,0.236,0.8488394048,0.8887512547,0.2049821337,0.0004769337,0.001387696,8.5,1.0,0.150296496,6.8,0.228,11735.166506,73.36571862
48249,TX,Jim Wells County,16.931216931,17.729097509,50814.0,5.3420769123,0.0519414708,0.299,0.7920511575,0.7269514213,0.189908114,0.0003089042,0.0010604728,9.2,1.0,0.1725749903,5.8,0.407,14381.720432,71.179592946
48251,TX,Johnson County,14.047915841,15.539178443,83229.0,3.9769417153,0.0359629532,0.128,0.8692247265,0.9137640405,0.182676889,0.0004058095,0.0009856781,8.9,1.0,0.1311663794,7.7,0.575,8335.898977,75.363574235
48253,TX,Jones County,18.430708912,22.804256075,51671.0,4.1055911618,0.0461279461,0.216,0.8108638301,0.850199071,0.1788158795,0.0001006391,0.0002453265,7.0,1.0,0.1165803109,6.6,0.351,11127.86655,73.628166782
48257,TX,Kaufman County,12.464823845,17.692462111,90064.0,3.8218732555,0.0408186983,0.134,0.8633668446,0.9014546406,0.1682289195,0.0002091679,0.0010662933,8.7,0.0,0.1520891968,8.2,0.598,8808.5721559,74.749231714
48259,TX,Kendall County,9.0100080397,17.35805568,112618.0,4.9970525188,0.0331621122,0.088,0.935578016,0.9319960577,0.1526850359,0.0008549201,0.0023744979,8.1,1.0,0.1479089791,8.6,0.513,5626.1388007,79.802887754
48265,TX,Kerr County,11.892020454,24.038846007,64662.0,4.3106402459,0.0352883805,0.194,0.9031737906,0.8969775902,0.1903238812,0.0008088636,0.0033942317,7.7,1.0,0.1428571429,7.3,0.22,9189.138431,76.53702355
48273,TX,Kleberg County,10.948705316,8.3495861416,52903.0,5.9457087458,0.0463897958,0.291,0.8382785043,0.8355095811,0.1911888956,0.0004243512,0.0006651369,10.5,1.0,0.2456747405,4.6,0.24,10643.458124,73.430634575
48277,TX,Lamar County,16.612730668,21.181464326,56275.0,6.024004801,0.0428529498,0.287,0.8803110166,0.7991623454,0.1818813774,0.0004391393,0.0012517848,8.7,0.0,0.1685900652,6.0,0.159,12235.503164,72.39741555
48281,TX,Lampasas County,25.439200311,12.847758413,71484.0,4.3010599204,0.0379653907,0.171,0.9027671512,0.8871977415,0.1751409307,0.0004493978,0.0008167827,7.8,1.0,0.1197982346,7.3,0.39,10121.349896,74.824030856
48291,TX,Liberty County,23.698310207,17.150779706,72329.0,4.7740819003,0.0547676857,0.204,0.7807827653,0.8880002666,0.2257915661,0.0002151176,0.0002955519,9.8,0.0,0.1574575659,7.0,0.655,11242.410328,72.77372493
48299,TX,Llano County,18.051627655,24.153217681,71475.0,4.6321723309,0.0358744395,0.212,0.9192127246,0.8797220591,0.196470173,0.0006825007,0.0006120219,7.7,1.0,0.149132321,6.3,0.394,11148.469749,76.20528188
48303,TX,Lubbock County,13.836313246,18.893598273,57883.0,4.9381939592,0.0333407759,0.199,0.8881449661,0.8768350195,0.1625548256,0.0007886761,0.0022215991,5.4,1.0,0.1951055137,6.9,0.101,10785.844632,73.426424368
48309,TX,McLennan County,11.903540797,15.523469122,63377.0,5.1898188782,0.0367748766,0.202,0.8809495908,0.8768730592,0.1852573672,0.0007677251,0.0021483117,8.7,1.0,0.179521206,6.0,0.194,9298.2134479,75.316297346
48313,TX,Madison County,23.920011482,16.610756009,53301.0,4.5020398912,0.046163575,0.225,0.8020354563,0.8538647343,0.2430414845,0.0002186908,0.0002183088,8.5,0.0,0.1643663739,6.6,0.381,12164.712611,72.852207345
48315,TX,Marion County,37.716440939,33.098075406,47660.0,5.1888820952,0.0478380865,0.333,0.8661217587,0.762913592,0.1674432149,,0.0002089646,9.0,1.0,0.1301115242,7.3,0.556,14248.591793,71.120878279
48321,TX,Matagorda County,10.989614814,14.169928353,58996.0,6.0472851029,0.0542165159,0.264,0.8274630337,0.8169859687,0.2162088194,0.0003576932,0.0005500701,9.5,1.0,0.1921812203,5.5,0.345,11455.948426,73.592700413
48323,TX,Maverick County,7.4593893629,7.4217496118,46052.0,6.0848127396,0.074884308,0.292,0.6772626402,0.7972161572,0.2626135065,0.0002411465,0.0003635608,7.9,0.0,0.2433578293,4.7,0.188,10667.307851,72.717515275
48325,TX,Medina County,9.4899469828,14.701440318,70707.0,4.6668222897,0.0379097919,0.183,0.859534962,0.8598317982,0.166911486,0.000288567,0.0005839736,8.5,0.0,0.1467342678,7.6,0.509,8769.8772098,76.65849759
48329,TX,Midland County,14.29037659,19.652816548,94375.0,4.9693244919,0.0248181582,0.138,0.8623904375,0.8948506494,0.1885285608,0.0003810227,0.0009993902,7.1,1.0,0.1651051098,7.8,0.224,9303.7747373,75.55080593
48337,TX,Montague County,24.416446919,31.018155455,60336.0,4.5414993307,0.0352252535,0.175,0.8687582243,0.7873986735,0.2093605077,0.00024499,0.0001852023,8.5,0.0,0.1110402042,7.2,0.51,13686.556761,71.699490065
48339,TX,Montgomery County,19.29645237,17.307634819,92578.0,4.5690215573,0.039349273,0.135,0.9015991707,0.9378020503,0.1547661454,0.0006318521,0.0012876852,10.3,1.0,0.1406475995,7.6,0.5,6837.1383367,78.218318321
48347,TX,Nacogdoches County,13.382539903,21.390169213,52516.0,5.528,0.0434040738,0.245,0.8515177889,0.8526319981,0.1916109253,0.0007113255,0.0015449331,8.8,0.0,0.2150537634,6.4,0.209,11089.130474,73.540208245
48349,TX,Navarro County,10.067895369,19.716437865,59659.0,5.0438081956,0.0395416194,0.216,0.7935075589,0.8341268124,0.1870862797,0.0002798977,0.0007549205,8.5,1.0,0.1701704545,6.7,0.321,11374.181111,73.762759573
48355,TX,Nueces County,26.594225495,16.795057142,63669.0,4.9607746157,0.0423568808,0.247,0.8526326597,0.8776477785,0.1942386945,0.0007901914,0.0016406984,9.6,0.0,0.1870691979,6.4,0.18,10926.532246,74.563415034
48361,TX,Orange County,35.635943204,20.909453224,66029.0,4.9289161611,0.0540327129,0.193,0.9098648768,0.9064590071,0.1463902989,0.0001652073,0.0003732997,8.7,1.0,0.1137587726,6.8,0.348,12675.177507,71.899565011
48363,TX,Palo Pinto County,26.362542266,18.784006894,55417.0,4.2936044362,0.0373089601,0.264,0.8614209627,0.8717012145,0.2070082959,0.0004880429,0.0002689347,7.8,1.0,0.1434761675,5.0,0.373,11396.956097,73.152970477
48367,TX,Parker County,16.142872922,17.919973658,98121.0,4.2419051161,0.0334113586,0.093,0.9051862646,0.9340855873,0.1568481108,0.0003827409,0.0007262499,8.5,1.0,0.1255534783,7.9,0.541,7329.0059882,76.894999265
48373,TX,Polk County,24.02797362,27.448917788,57009.0,4.4981514226,0.0535545521,0.3,0.8178585751,0.850551817,0.1897228199,0.0004817048,0.0006459233,8.7,1.0,0.1541397534,6.7,0.356,13398.270776,70.110499109
48375,TX,Potter County,21.826787212,26.54633887,51177.0,4.8633877291,0.0313343167,0.228,0.774038848,0.8596652739,0.228885363,0.0008751834,0.0030615716,5.4,0.0,0.1966129219,6.1,0.15,13393.537259,70.816868542
48381,TX,Randall County,16.050505591,20.768432056,81705.0,4.0518582783,0.0294106175,0.107,0.9364791098,0.9118691488,0.1296374142,0.0005491679,0.0013220465,6.1,0.0,0.1205947137,8.2,0.169,8070.193738,76.346804678
48397,TX,Rockwall County,15.165518761,13.559087328,118175.0,3.3143351405,0.0359273586,0.065,0.9419079533,0.966163035,0.1116766829,0.00066162,0.0018658564,8.8,0.0,0.1042773274,8.8,0.597,5797.6241877,79.064153263
48401,TX,Rusk County,9.3516209476,16.009987709,65812.0,4.3026941905,0.0405393573,0.171,0.8487640697,0.7508768023,0.1899350649,0.0002275183,0.0003014375,9.0,1.0,0.1285754744,6.9,0.404,10561.092371,73.641096741
48407,TX,San Jacinto County,19.876764063,25.209439542,66009.0,5.0696449875,0.0466613672,0.255,0.8443799633,0.8278625954,0.2016678249,7.17412e-05,0.0001727951,,1.0,0.1740740741,7.0,0.602,12990.656609,73.590584793
48409,TX,San Patricio County,14.028502046,15.787022984,61411.0,5.0725534308,0.0480743425,0.256,0.8388520487,0.8185418027,0.1891836769,0.0002295585,0.0004953297,9.7,1.0,0.1747165057,6.0,0.323,11604.926173,73.152759822
48423,TX,Smith County,10.211018388,19.006162845,71348.0,4.3420977513,0.0363718279,0.171,0.8799832358,0.8877341168,0.1856829923,0.0009865675,0.0018514818,8.7,1.0,0.1475883257,7.4,0.29,9375.1439086,75.422748073
48427,TX,Starr County,5.1009217366,7.7253250124,38824.0,6.6501503759,0.0934663505,0.37,0.6007353943,0.7283864755,0.2499781074,0.0002573847,0.0003185003,9.7,1.0,0.213172043,3.0,0.242,9793.1922027,73.93294329
48439,TX,Tarrant County,17.893894825,13.308359122,80083.0,4.2546312525,0.0371443116,0.142,0.8711978389,0.925758334,0.1816388033,0.0005826538,0.0019634009,9.7,1.0,0.1684700698,7.5,0.412,7833.4851813,76.987789689
48441,TX,Taylor County,17.536106844,20.586699915,62128.0,4.3606666433,0.0334718506,0.153,0.9056559043,0.9080161794,0.186667563,0.0006698017,0.0023291291,7.1,1.0,0.132013511,6.7,0.082,10984.604784,73.483957951
48451,TX,Tom Green County,10.884338553,18.120309197,60379.0,4.3539180073,0.0349961056,0.171,0.8715790818,0.8658610665,0.1806458323,0.0007202017,0.0021586299,6.9,1.0,0.1430324668,7.0,0.123,9678.8301008,74.908459923
48453,TX,Travis County,20.930328962,12.918777864,97544.0,4.5941327795,0.0326512153,0.12,0.9153788379,0.9328965202,0.1279054781,0.0008374491,0.0040315785,9.6,1.0,0.1820992756,7.7,0.368,5697.9251106,80.372919943
48457,TX,Tyler County,24.311971215,22.557124234,54438.0,5.2376272845,0.0584177928,0.238,0.8311333014,0.8145058674,0.1914736687,0.0002490412,0.0003434403,8.4,1.0,0.1256704981,5.3,0.426,14226.94257,71.637269673
48459,TX,Upshur County,9.4915683235,17.054567514,61533.0,4.887106943,0.0423131947,0.186,0.8684256448,0.8779599271,0.1747615297,0.000215445,0.0004620965,8.9,0.0,0.146483705,7.2,0.505,10967.629906,73.364765688
48465,TX,Val Verde County,9.7088725225,9.7586679704,56619.0,5.1697090828,0.0545577313,0.301,0.7506985408,0.7581707171,0.2144873967,0.0003363889,0.0006496228,7.5,1.0,0.207184887,5.2,0.124,9199.219006,74.883973891
48467,TX,Van Zandt County,14.311900345,18.317855418,66356.0,4.475239699,0.035430325,0.168,0.8731320525,0.835557526,0.1923516325,8.15993e-05,0.00040625,8.3,0.0,0.1238376049,6.9,0.527,10899.447269,73.838664901
48469,TX,Victoria County,13.140364645,18.478238416,69442.0,4.7787070855,0.0405525954,0.2,0.8505432971,0.8029992385,0.1912909286,0.0007255618,0.001789143,9.0,1.0,0.142314436,6.6,0.246,10170.714299,74.731759515
48471,TX,Walker County,10.916506194,12.828387704,56863.0,4.7113550728,0.0459154233,0.226,0.8476277721,0.8497617156,0.1862262681,0.0002693102,0.0006275533,8.7,1.0,0.2031118587,7.3,0.357,8100.6700148,76.562462605
48473,TX,Waller County,13.956578294,14.824063546,77209.0,4.3778638628,0.045566924,0.185,0.839433742,0.8673043768,0.1826095968,0.0001170941,0.000314698,9.7,1.0,0.150708707,7.3,0.542,8935.5123332,75.929083195
48477,TX,Washington County,17.621799093,10.428513243,67927.0,4.7197410557,0.0394447585,0.203,0.9038422444,0.8277148655,0.1630701038,0.000612967,0.0008917232,8.6,1.0,0.1413160734,7.5,0.24,8784.9869956,76.887188162
48479,TX,Webb County,16.965697327,6.9627977215,57899.0,4.9754540177,0.0399293901,0.316,0.6978856325,0.8420047253,0.2706955374,0.000306033,0.0005870376,10.2,1.0,0.2360737484,6.1,0.227,8920.2046506,75.766381342
48481,TX,Wharton County,15.172083367,13.157022242,60496.0,5.3377136972,0.0385182455,0.213,0.8394372326,0.813059266,0.2063665976,0.0003834999,0.0005989602,9.2,0.0,0.1854569713,7.3,0.341,11245.015701,73.714722329
48485,TX,Wichita County,21.614638959,18.523186131,61622.0,4.6289978678,0.0389810469,0.236,0.880377817,0.8688668642,0.1677232967,0.0008303285,0.0022123214,8.1,0.0,0.1430202387,6.5,0.077,11092.029117,72.958665325
48491,TX,Williamson County,11.43715336,13.871460275,111183.0,3.6508012209,0.0339322406,0.072,0.9415971312,0.9549045724,0.104294846,0.0006827096,0.001784303,9.5,0.0,0.131141519,7.8,0.448,5174.78895,80.713658805
48493,TX,Wilson County,11.537352178,14.26644235,85288.0,4.2171555399,0.0318689165,0.138,0.896076712,0.8685971324,0.149735063,0.0004682287,0.0004983113,8.6,0.0,0.1483775811,8.2,0.612,8130.97479,76.819948632
48495,TX,Winkler County,44.232130219,40.272061178,67901.0,3.5186831194,0.0341451767,0.176,0.7383436236,0.8888888889,0.1971023722,0.0002697235,,6.9,0.0,0.1155963303,8.2,0.376,14257.784214,71.195675865
48497,TX,Wise County,14.699599895,16.99461878,89873.0,4.1376856207,0.0365420162,0.121,0.8663876697,0.8851145193,0.1792141548,0.0003764955,0.0007298616,8.7,1.0,0.1338867603,7.9,0.523,8574.1034916,75.134574163
48499,TX,Wood County,18.701941405,19.120029839,58813.0,4.5856708347,0.0437983867,0.22,0.8672354039,0.8596674167,0.1982274832,0.0003269755,0.000584295,8.6,0.0,0.1347739551,6.8,0.464,11592.073835,73.622870446
49003,UT,Box Elder County,22.447570892,21.663441253,83493.0,3.452046003,0.0248473216,0.09,0.9257896351,0.9263185379,0.0788892218,0.0002848144,0.0046104269,7.9,1.0,0.1170651278,8.2,0.317,6824.2360436,77.498426451
49005,UT,Cache County,9.8136871495,20.504175883,83027.0,3.627125037,0.0228660027,0.083,0.9399147085,0.9230251867,0.0805797814,0.0004147958,0.002380735,9.6,1.0,0.1477948464,7.7,0.135,5132.3554519,80.248419282
49007,UT,Carbon County,35.654668331,23.499447639,59838.0,4.7701346059,0.0367577757,0.169,0.9180548293,0.8317337654,0.0895031661,0.0003926959,0.002474647,6.0,0.0,0.1817010309,6.7,0.173,11671.348874,72.757057884
49011,UT,Davis County,17.237212314,19.982256965,111081.0,3.2691261784,0.024179611,0.058,0.9603207893,0.9404049741,0.0604698635,0.0004574105,0.0027089524,9.5,1.0,0.0946769791,8.6,0.289,5581.0756868,79.34763935
49013,UT,Duchesne County,30.077700727,38.765283022,75705.0,4.2154381525,0.0287584756,0.135,0.9062946466,0.8973786119,0.1148731053,0.0004042446,0.0020510817,7.6,1.0,0.1333333333,7.5,0.267,9499.1603265,75.725102969
49021,UT,Iron County,16.68873288,23.376377655,68170.0,3.9394740194,0.0259802742,0.138,0.9316773834,0.8976498118,0.111962399,0.0003304747,0.0030524365,5.4,1.0,0.1299689879,6.6,0.135,6863.7515249,78.33867442
49035,UT,Salt Lake County,23.147395777,21.239656297,94013.0,3.7978506084,0.0265215129,0.106,0.9170891837,0.9361216931,0.1039595081,0.0007627984,0.0058618011,10.6,1.0,0.1391318493,8.6,0.253,6732.9217302,78.550017052
49037,UT,San Juan County,24.928613516,29.103501639,57941.0,4.3316253675,0.0401633764,0.228,0.8772717074,0.7030107527,0.1351117935,0.0006211609,0.0018108372,5.2,1.0,0.2443693694,4.0,0.312,14025.164633,72.760090831
49039,UT,Sanpete County,17.73383727,26.28757465,67295.0,4.0651529801,0.0289156627,0.139,0.9074971815,0.866255144,0.111465957,0.0004122861,0.0097103412,5.8,1.0,0.1300813008,7.6,0.237,7285.7091546,77.164488554
49041,UT,Sevier County,21.291156566,34.463062068,75024.0,3.7019461554,0.0279931908,0.141,0.9268062903,0.8885432166,0.1173682743,0.0004564959,0.0027747941,5.3,0.0,0.0986206897,8.3,0.137,6836.8136958,77.248604838
49043,UT,Summit County,10.884099885,20.778110209,139848.0,,0.0243786723,0.049,0.9501224518,0.9519237411,0.0890617774,0.0013923375,0.0027128792,8.0,1.0,0.1276437848,8.8,0.334,4285.3305366,84.010059299
49045,UT,Tooele County,19.473269692,25.107051335,94200.0,2.8819841819,0.0279711332,0.077,0.927231907,0.9527548807,0.0771337289,0.0001435282,0.0011821916,7.7,1.0,0.094869993,8.5,0.513,7133.0590815,77.123493058
49047,UT,Uintah County,28.358413758,32.882999303,70989.0,3.9065308945,0.0327353059,0.127,0.8934176514,0.894639866,0.121816758,0.0003866976,0.0018014677,6.6,1.0,0.1305122494,7.4,0.195,10491.752036,74.586354235
49049,UT,Utah County,11.871596421,16.928237781,100617.0,3.5705040657,0.0257217699,0.075,0.9538136031,0.9201490782,0.080443876,0.0004087675,0.0034386671,8.5,1.0,0.145106893,8.1,0.275,5321.0903991,79.401196188
49051,UT,Wasatch County,9.2513784554,14.446603195,121397.0,3.6406711654,0.0241706415,0.057,0.956474478,0.9416770964,0.083312239,0.0004976087,0.0012922679,6.7,1.0,0.147556391,8.5,0.327,4719.0704575,80.99171564
49053,UT,Washington County,19.169807901,22.815016603,78094.0,3.9461698296,0.0277750419,0.127,0.943206487,0.92179514,0.116904019,0.0005386297,0.0034477308,5.9,1.0,0.1589409369,7.5,0.15,6937.1533622,80.168071056
49057,UT,Weber County,26.148370106,25.071926086,86678.0,3.5422995555,0.0276784437,0.095,0.9234674768,0.9408573625,0.0895331114,0.000438094,0.0030008164,7.4,1.0,0.1244874715,8.2,0.255,7628.2448819,76.946747773
50001,VT,Addison County,17.011523069,16.39855478,82234.0,3.9259775147,0.017142591,0.086,0.9509945888,0.9022407433,0.0441972225,0.0011272142,0.0037115589,6.5,0.0,0.1250863856,9.1,0.405,5658.2557745,80.646710152
50003,VT,Bennington County,43.619708838,18.268456666,67124.0,5.3191443774,0.0247601191,0.143,0.9414603363,0.8159333151,0.0521449974,0.0011524443,0.0052174381,5.6,0.0,0.160179125,8.4,0.196,8728.3652887,76.71107396
50005,VT,Caledonia County,40.799673603,27.213514629,64229.0,4.6653100915,0.0234011435,0.16,0.9366031947,0.8485672129,0.0534115602,0.0007893958,0.0043123162,5.3,1.0,0.1473053892,8.5,0.332,8884.7040528,76.732193029
50007,VT,Chittenden County,29.056345428,13.903283443,96142.0,4.4881925869,0.0156376301,0.062,0.9550092356,0.9179336485,0.0435561929,0.0017469576,0.0081012031,6.8,0.0,0.1650891481,8.9,0.262,5479.6549422,80.809171131
50011,VT,Franklin County,29.189138987,20.5958444,85765.0,3.9782559648,0.0184821491,0.107,0.9297253409,0.8852333588,0.0489299587,0.0006756085,0.0030199631,6.3,0.0,0.1347313237,8.8,0.454,7299.448879,77.570663543
50015,VT,Lamoille County,33.523730933,16.20896778,72811.0,4.0030503442,0.0248370497,0.111,0.935276812,0.8976715686,0.0577283879,0.0008803491,0.005295472,5.4,1.0,0.1740535549,9.1,0.404,6109.0822754,79.180358508
50017,VT,Orange County,36.271309394,24.880594436,73771.0,3.7891837757,0.0202711106,0.114,0.9474208596,0.8662236122,0.0489004112,0.0008124302,0.0041412016,5.6,0.0,0.1332256762,8.7,0.426,7382.1791263,79.073806932
50019,VT,Orleans County,35.318905358,20.355248109,59906.0,4.1309634551,0.0344827586,0.176,0.9188211986,0.8809261301,0.0531951303,0.0007260582,0.0031981393,5.5,0.0,0.1565255732,8.3,0.32,8961.1349145,76.200411028
50021,VT,Rutland County,50.917351626,18.151485624,62634.0,4.857776775,0.0240365515,0.124,0.9372891887,0.8419129205,0.0528212637,0.0007261805,0.0038990559,7.6,1.0,0.1606,8.2,0.294,9134.353341,76.532311803
50023,VT,Washington County,36.446213799,17.654838762,79916.0,4.3930799941,0.0197891088,0.081,0.9573009656,0.9032739264,0.0463729495,0.0009671664,0.0065345349,5.7,1.0,0.1241296996,8.4,0.337,7123.5276585,78.977415544
50025,VT,Windham County,52.259475763,17.295278768,64436.0,4.3410130442,0.0231766762,0.111,0.9481719801,0.7904883011,0.0530514438,0.0008895639,0.0084192664,6.7,1.0,0.1695048467,8.3,0.281,8005.1578107,78.556427656
50027,VT,Windsor County,56.033526727,25.116519218,77932.0,4.8004313983,0.0182044972,0.1,0.9489633174,0.8817191332,0.0513052768,0.0010997319,0.0059551471,5.9,1.0,0.151241535,9.0,0.352,8663.249318,77.924869142
51001,VA,Accomack County,25.335697998,15.753973881,56039.0,4.2156937946,0.0352425626,0.241,0.8277007629,0.8268074395,0.1094390101,0.0003609457,0.0013538313,6.4,1.0,0.1279151943,8.6,0.251,12238.668872,73.816273415
51003,VA,Albemarle County,14.466183083,13.532721027,102750.0,4.3398762197,0.026410805,0.087,0.9444900577,0.9126575537,0.0654436991,0.0013916413,0.0023254608,6.9,0.0,0.126320678,9.0,0.269,5377.8156871,81.45895265
51005,VA,Alleghany County,31.445128251,26.649720462,58215.0,5.0179254302,0.034971499,0.194,0.9006913891,0.8259694851,0.0647183553,0.0004003737,0.0003425831,6.5,1.0,0.0858704137,7.7,0.266,12094.58716,73.136732359
51007,VA,Amelia County,30.198555502,19.688096998,71112.0,3.3217429577,0.0303030303,0.141,0.8556149733,0.7895931883,0.1049083832,7.53693e-05,0.0006676558,6.7,0.0,0.1454720617,8.5,0.714,11735.487791,73.565568745
51009,VA,Amherst County,31.736292566,25.540737269,61499.0,4.9652321065,0.0318581712,0.162,0.885746252,0.8135726657,0.0778515641,0.0002238353,0.0006370238,7.0,0.0,0.0968899522,8.5,0.323,10404.105075,75.492672689
51011,VA,Appomattox County,20.348363992,21.29854371,64701.0,4.3510535098,0.0364338946,0.158,0.9204711547,0.8005485296,0.0880517504,0.0001223017,0.0005929791,6.9,0.0,0.0881164107,8.6,0.453,7982.0197276,77.184930516
51013,VA,Arlington County,12.304054398,6.2861564525,138416.0,,0.0213972338,0.08,0.9542507808,0.944911683,0.0480822018,0.0007726483,0.0028783492,6.7,0.0,0.1594996805,9.3,0.395,3512.7283918,83.939740145
51015,VA,Augusta County,14.644378497,21.950043165,72831.0,3.7610667427,0.0249708758,0.103,0.9080070216,0.8615063308,0.0737386356,0.0005286026,0.0008434828,6.8,0.0,0.0910307898,8.4,0.318,8022.1987469,77.956656939
51019,VA,Bedford County,31.147472902,18.22146869,72742.0,4.0087126209,0.0290264577,0.121,0.9227830181,0.8637531347,0.0759534531,0.0007487739,0.00125115,7.4,0.0,0.0839789278,9.0,0.391,8448.7686979,76.956424951
51023,VA,Botetourt County,29.517681091,16.587841504,84395.0,3.5148330485,0.0254429052,0.076,0.9439341525,0.8749332316,0.0527665527,0.0005610347,0.0005860806,7.0,0.0,0.0829827916,8.2,0.336,7860.6106179,77.589841139
51025,VA,Brunswick County,50.106476262,10.971562226,51441.0,4.7817423744,0.0459903702,0.267,0.7941127557,0.7749608764,0.0944974899,0.000250941,0.0008889453,6.6,0.0,0.0948348857,7.9,0.472,12611.117387,72.691033068
51027,VA,Buchanan County,58.547029993,19.709033807,43446.0,4.8004655803,0.0442092154,0.264,0.7751697765,0.7352741124,0.0987405917,0.0002523214,0.0005239168,6.7,1.0,0.1061827957,6.6,0.451,16804.084812,69.36607957
51029,VA,Buckingham County,27.398868818,16.609215149,57701.0,4.2933028919,0.039233439,0.226,0.8473096287,0.7279775652,0.1029850746,0.000118015,0.0006478973,6.9,1.0,0.1572052402,8.3,0.642,11284.701569,74.843526516
51031,VA,Campbell County,19.284427222,15.29134637,69570.0,4.057801737,0.0328464362,0.178,0.9053892216,0.8340126812,0.0740984068,0.0001441649,0.000307581,7.3,0.0,0.0856372218,8.8,0.31,8566.2558224,76.463670565
51033,VA,Caroline County,43.547993075,16.19557974,80562.0,3.9460290046,0.0310268562,0.12,0.8933070686,0.8470890411,0.0799922825,9.57488e-05,0.0004595588,6.9,0.0,0.1,9.2,0.617,10346.656169,74.924689796
51035,VA,Carroll County,22.658011306,17.713673081,53694.0,4.4454696519,0.037485538,0.222,0.8525885559,0.8166973505,0.0987240384,0.000929496,0.0005814152,6.6,0.0,0.0907216495,8.1,0.383,10357.710058,74.553168482
51037,VA,Charlotte County,57.565552773,28.863639813,50878.0,6.9534914018,0.0348053892,0.322,0.8142414861,0.7266825362,0.0853588296,0.000524109,0.0007939308,6.9,0.0,0.1422366992,6.5,0.525,13862.392622,71.744410134
51041,VA,Chesterfield County,30.884795199,14.36008425,99401.0,3.7619913854,0.0287088036,0.085,0.9288815036,0.9390128179,0.0699768674,0.0008066083,0.0026727381,5.6,0.0,0.1148077655,8.8,0.404,7543.7325114,77.793324905
51043,VA,Clarke County,29.037950367,15.36138469,101205.0,3.7040119926,0.0250699924,0.079,0.9278703287,0.8964784994,0.078286055,0.0003359989,0.0009052114,6.8,1.0,0.144112478,9.4,0.537,7634.2160208,77.277988744
51047,VA,Culpeper County,36.522105159,16.193407339,90465.0,3.8821397035,0.027504011,0.119,0.8809563525,0.9063172622,0.0888944449,0.000335846,0.0021465083,6.9,0.0,0.1399095534,9.1,0.512,8349.2236914,77.014031672
51049,VA,Cumberland County,34.059945504,24.47410081,55713.0,3.6298784978,0.0351022094,0.22,0.8859613009,0.788742515,0.0763275839,0.0003098853,0.0007086455,6.7,0.0,0.1065162907,7.4,0.605,9215.3761116,76.567585126
51051,VA,Dickenson County,64.919451791,33.330221237,48157.0,5.1599436322,0.0435908502,0.232,0.8160463992,0.7706839251,0.0847254176,0.0002175963,0.0008797654,6.7,1.0,0.1103139013,,0.484,13594.869664,71.912071586
51053,VA,Dinwiddie County,33.034060476,15.96102809,83334.0,4.1615803506,0.0325329202,0.172,0.9127159947,0.8473194591,0.0714639528,0.0001433075,0.0002469746,7.0,0.0,0.1139240506,8.3,0.517,10647.269303,74.661648743
51057,VA,Essex County,49.772911093,25.859187407,62679.0,5.829340417,0.0366261666,0.208,0.8574201061,0.7816196542,0.0986180905,0.0003783221,0.000660502,6.2,0.0,0.1848837209,6.9,0.463,12685.258772,73.041388168
51059,VA,Fairfax County,10.528163859,8.6531437298,141353.0,,0.0248182009,0.073,0.9323144717,0.9625481325,0.0760920566,0.0011134314,0.0027446014,7.9,0.0,0.1439040803,9.5,0.465,3771.4595479,84.536552014
51061,VA,Fauquier County,23.198689956,12.413989776,111254.0,3.7926461204,0.0252539613,0.066,0.9189976575,0.9111779487,0.0703986292,0.0004470636,0.0013437105,7.1,0.0,0.1160188457,9.5,0.58,6682.5290614,79.045083386
51063,VA,Floyd County,23.42319322,25.279608999,61164.0,4.673755711,0.0261437908,0.152,0.9155955441,0.8064370582,0.0761275008,0.0003212129,0.0011480324,6.4,0.0,0.1097834205,8.1,0.524,8542.3032392,76.377302391
51065,VA,Fluvanna County,21.607605877,14.415432918,86462.0,3.5883496462,0.0253872927,0.093,0.9384953591,0.9091795922,0.0588908493,0.0002164268,0.0011243061,6.9,0.0,0.0886773547,9.4,0.598,6850.4533872,79.69255427
51067,VA,Franklin County,39.716209629,14.777961036,63692.0,4.6251740054,0.0298452469,0.159,0.9056956815,0.8087528909,0.078564862,0.0003458444,0.0012241444,7.1,1.0,0.1114136601,7.9,0.521,10173.610147,75.660396237
51069,VA,Frederick County,22.509084023,13.60854856,92108.0,3.6647027903,0.0248635878,0.083,0.8912311971,0.8877045838,0.0820405494,0.0004481578,0.0010208971,7.2,0.0,0.1035905271,8.8,0.395,6971.9515369,78.454873015
51071,VA,Giles County,30.194452273,24.211911935,63384.0,3.8710578298,0.028841551,0.15,0.912004614,0.805436549,0.0713950211,0.0004830335,0.0004253509,6.6,0.0,0.0996336996,8.9,0.485,12049.244716,72.222818463
51073,VA,Gloucester County,30.166952534,10.942173686,79016.0,3.5783828584,0.0264851115,0.11,0.9119813747,0.8884918271,0.0799603555,0.0004607233,0.0022218339,6.3,1.0,0.09375,9.0,0.594,8639.405868,76.073874132
51075,VA,Goochland County,19.729573315,20.201285948,122002.0,3.9095090202,0.0285175776,0.082,0.950149346,0.9216019175,0.0394240476,0.0007062147,0.0011766004,7.0,0.0,0.0877842411,9.5,0.489,6389.7868972,80.187474873
51079,VA,Greene County,25.720991544,16.878436887,83927.0,3.5579561696,0.0250637988,0.115,0.8986254296,0.9091253792,0.087928814,0.0002384586,0.0011736538,6.6,1.0,0.102853351,8.4,0.482,6742.9091934,78.321247926
51081,VA,Greensville County,35.35338656,,53908.0,3.7834178228,0.0374680009,0.269,0.7911702873,0.83538163,0.0585292646,0.0003497421,0.0008982305,6.6,0.0,0.1177394035,9.2,0.378,12862.495638,71.413277771
51083,VA,Halifax County,47.517695392,16.365900213,50813.0,5.4730687831,0.0396694215,0.273,0.816195949,0.6624734879,0.0878175306,0.0003853222,0.0012562814,7.3,0.0,0.1303221029,7.6,0.343,13970.746503,72.078176027
51085,VA,Hanover County,27.944459635,18.730423996,111485.0,3.7960593705,0.0250886811,0.058,0.9434518847,0.9118347139,0.0556093328,0.0007257869,0.0022777447,7.4,0.0,0.0948896056,9.3,0.385,6976.1923699,77.873921062
51087,VA,Henrico County,33.856595844,11.562968901,85877.0,4.2173303632,0.0289326297,0.123,0.9301948398,0.9179713715,0.0678240724,0.0010493054,0.00421496,7.2,0.0,0.1426037066,9.0,0.252,7786.6712262,77.167415297
51089,VA,Henry County,84.406133069,18.914677091,51959.0,4.564429749,0.0346889952,0.249,0.8322936077,0.7463785787,0.0841062855,0.0004577297,0.000241439,7.4,0.0,0.114550329,6.8,0.261,15807.413831,70.858714606
51093,VA,Isle of Wight County,25.607320279,17.789773877,88536.0,4.7505011895,0.0282510989,0.097,0.9217634165,0.8460391547,0.0621424776,0.0004073527,0.0006877748,6.6,1.0,0.1105210753,8.8,0.491,8260.2773865,76.831863508
51095,VA,James City County,17.176875736,12.005933552,109735.0,3.7427976119,0.0280816155,0.084,0.9523177681,0.944148512,0.0596429239,0.0011141434,0.0044159992,6.5,0.0,0.1181512605,8.5,0.361,5815.5039949,81.105494217
51097,VA,King and Queen County,54.128530656,30.156061011,66578.0,4.8424531637,0.0266465561,0.184,0.9001915709,0.7356076759,0.0947616245,0.0003002101,,6.3,0.0,0.1711229947,8.1,0.61,13003.960601,73.666291586
51099,VA,King George County,29.011435341,18.468051462,101323.0,3.5450683089,0.0262857909,0.075,0.9111929388,0.911005366,0.0635755459,0.0002182691,0.0007350882,6.5,1.0,0.1005823187,9.4,0.506,7990.8970648,77.615314885
51101,VA,King William County,36.82969947,15.340990929,88124.0,3.9428602407,0.0270791075,0.086,0.935655995,0.7731553057,0.0708811006,0.0003301965,0.0006831319,6.7,0.0,0.0915228807,9.2,0.684,9661.5180059,75.23763437
51105,VA,Lee County,22.320432124,22.22539949,44110.0,5.580865054,0.0380004795,0.285,0.8231751385,0.694529955,0.0829908005,0.0003184279,0.0016095654,7.1,0.0,0.1437234688,6.8,0.34,13058.542062,71.932803274
51107,VA,Loudoun County,8.8111841218,8.3630790378,173655.0,,0.0251383677,0.04,0.9413372212,0.9665395567,0.0558961619,0.0007600703,0.002133623,6.3,0.0,0.1025867787,9.9,0.47,3355.3557844,83.821644551
51109,VA,Louisa County,35.014005602,18.575144683,79459.0,4.0933610504,0.0265566463,0.132,0.8922442417,0.8274932615,0.0823223845,0.0001029654,0.0005361016,6.9,1.0,0.1085271318,9.0,0.638,9533.2654623,75.918636702
51117,VA,Mecklenburg County,31.716519932,19.924796995,53288.0,5.7947882736,0.0356344118,0.208,0.8598745669,0.7175065323,0.0940095176,0.0005620206,0.0013051423,7.0,0.0,0.1477676808,7.4,0.353,12700.35691,73.009420205
51121,VA,Montgomery County,17.24260343,13.790355566,67620.0,6.2524038462,0.0280893651,0.127,0.9566579449,0.9109743813,0.0606242738,0.0007210098,0.0035574565,6.8,0.0,0.1733502181,8.1,0.175,6129.7766074,78.740877664
51127,VA,New Kent County,31.710578925,7.8567491187,115854.0,3.2419989257,0.0255997659,0.069,0.9459747546,0.889639141,0.0747997784,0.0002929238,0.0014540445,6.7,0.0,0.1083684527,10.0,0.558,7504.8511491,77.310786937
51131,VA,Northampton County,39.261876718,15.744385639,53822.0,6.670449341,0.0354170356,0.27,0.8681463575,0.8289621581,0.0990364679,0.0010757137,0.0012478163,6.1,0.0,0.1049149338,8.4,0.298,13341.581758,73.246239494
51133,VA,Northumberland County,38.461538462,24.104353338,69662.0,4.6243104743,0.0426100909,0.227,0.9039393301,0.8005886681,0.097926718,0.0008313243,0.0002421112,6.0,0.0,0.1326829268,8.7,0.469,10386.15688,76.169270308
51135,VA,Nottoway County,30.229093343,15.059171035,58168.0,4.8048811171,0.0296627387,0.233,0.8575591664,0.7186817189,0.0936750876,0.0003847634,0.001220609,6.8,1.0,0.1186440678,6.3,0.387,11495.936966,72.573167688
51137,VA,Orange County,40.753406453,15.381111947,82738.0,3.8386717127,0.0302996422,0.121,0.9129979819,0.915729188,0.0788793103,0.0004571367,0.0007777259,6.9,1.0,0.1156048676,7.8,0.586,10005.742142,75.230621673
51139,VA,Page County,33.571128829,23.469971449,57960.0,4.2038857497,0.0345342983,0.172,0.8389859738,0.7885161426,0.089939605,0.0002520267,0.0005475759,6.5,0.0,0.122928915,,0.483,11040.892857,73.888480093
51141,VA,Patrick County,51.196480716,32.824632802,51200.0,4.9805523488,0.0349774559,0.193,0.8440574218,0.800949083,0.082081202,0.0002272469,0.0006853618,6.8,0.0,0.1009055627,8.1,0.51,13654.882522,72.196510043
51143,VA,Pittsylvania County,29.481460055,22.987974809,54627.0,4.7125149409,0.0307642696,0.167,0.8575978263,0.7580887427,0.0870844637,8.33722e-05,0.0003021604,7.6,1.0,0.1232515711,7.8,0.365,11015.342883,74.942969201
51145,VA,Powhatan County,34.49279424,16.023548672,100814.0,3.6667853529,0.0265381569,0.067,0.9152549587,0.905120617,0.0632420844,0.0005459918,0.0005606603,7.1,0.0,0.0508395522,9.7,0.591,7780.3669637,77.888630833
51147,VA,Prince Edward County,20.937710312,14.523890263,55264.0,6.1421227375,0.0413806629,0.285,0.879876161,0.7515873016,0.0839831175,0.0006383367,0.002993333,6.7,0.0,0.1862262825,7.9,0.313,10738.39958,74.009770162
51149,VA,Prince George County,24.859663192,13.198878187,82207.0,3.2397900033,0.0338535112,0.114,0.9056938857,0.9209781412,0.0642493409,0.0001632463,0.0015161764,6.9,0.0,0.1224979984,8.7,0.405,7210.1198249,78.869646486
51153,VA,Prince William County,18.590854682,9.0436713754,128758.0,3.5796074843,0.0273813308,0.083,0.9022042357,0.9624213338,0.0993340861,0.000441718,0.0017563925,7.6,0.0,0.1422685893,9.4,0.64,5612.7676129,80.596432187
51155,VA,Pulaski County,40.433925049,20.941632881,59839.0,4.3612495209,0.0279850746,0.234,0.9072553718,0.7959126929,0.0647042265,0.000325839,0.0005051255,6.8,1.0,0.1083591331,7.9,0.312,11044.192561,73.617296864
51157,VA,Rappahannock County,67.662050611,32.010070272,88237.0,4.5766775364,0.0258370683,0.142,0.9184715619,0.8919958057,0.0957009346,0.0002700149,0.0010790397,6.2,1.0,0.0918918919,8.6,0.586,9336.2642626,78.847837629
51161,VA,Roanoke County,29.85986695,12.891347069,80929.0,4.1043865886,0.0257097052,0.082,0.9378641053,0.8892457495,0.0652409606,0.0012423775,0.003298085,7.2,0.0,0.0885250096,8.9,0.266,7603.7501198,77.522282596
51163,VA,Rockbridge County,17.649394773,20.212859039,64813.0,4.1849478786,0.0273338177,0.149,0.9094812375,0.8343802345,0.0726452906,0.0009275209,4.47267e-05,6.5,0.0,0.0923161968,8.1,0.402,10445.854858,76.186041622
51165,VA,Rockingham County,13.881342286,15.995566115,79332.0,3.7229984842,0.0251680901,0.118,0.8701607484,0.8525649026,0.0925576978,0.0002488329,0.0003234452,6.1,0.0,0.0973068291,8.8,0.269,7167.1792597,78.064471508
51167,VA,Russell County,16.742868182,15.872508877,51459.0,4.7781490144,0.0363215526,0.216,0.833613622,0.6830945559,0.0818422281,0.0003522505,0.0010990305,6.6,0.0,0.0902945437,7.2,0.444,12093.477958,73.077916773
51169,VA,Scott County,26.346785692,25.73718133,46015.0,5.6953672836,0.0322649345,0.225,0.8396880416,0.7389118534,0.0719349593,0.0003268126,0.0015396818,6.8,1.0,0.1167247387,7.0,0.476,11805.834611,73.373362401
51171,VA,Shenandoah County,21.702525725,16.637195019,75129.0,4.3677062912,0.0266953998,0.123,0.8904269041,0.8477674052,0.0859368264,0.0003351806,0.0008180773,6.4,1.0,0.1286817272,8.2,0.457,8072.1919044,76.565025189
51173,VA,Smyth County,37.071987059,24.094596888,52646.0,4.6793716685,0.0319835473,0.195,0.8610727122,0.7920989625,0.0791653607,0.0005088713,0.0022590361,6.3,0.0,0.1134470448,7.5,0.336,14259.323978,70.781805225
51175,VA,Southampton County,18.66577071,13.923590351,65742.0,4.4491155047,0.0255939525,0.177,0.8669172932,0.8338899376,0.0684734954,0.0002221482,,6.4,1.0,0.1103603604,8.9,0.517,10093.206232,75.331440383
51177,VA,Spotsylvania County,39.644320485,12.832334697,109834.0,3.6867101791,0.0300495923,0.094,0.907325958,0.9479615512,0.0798694303,0.0004802472,0.0012367302,7.1,1.0,0.1147147773,9.1,0.507,7823.2625742,77.90463708
51179,VA,Stafford County,24.116173429,12.48723039,130751.0,3.4136136647,0.0293331963,0.069,0.9281045752,0.9640413962,0.0598970256,0.000261069,0.0012815243,7.2,0.0,0.0999595715,9.5,0.537,5975.9985066,79.323247148
51185,VA,Tazewell County,65.682810227,25.554297189,45959.0,5.2950030102,0.0401650442,0.273,0.8731673582,0.8444611623,0.0797312275,0.0004758923,0.0028374233,6.5,0.0,0.1050126904,7.0,0.321,15250.072398,70.531870002
51187,VA,Warren County,48.029957669,20.273435571,89337.0,4.0783793347,0.0285419209,0.104,0.8897407688,0.9195155304,0.0860599559,0.0005864386,0.0012188419,6.5,0.0,0.1366047745,8.2,0.589,9847.2158275,74.729130218
51191,VA,Washington County,24.180348197,17.422743001,57758.0,4.6214146955,0.0294860368,0.157,0.9011883202,0.8081200832,0.0728408711,0.0009135825,0.0024421832,6.6,0.0,0.0874341955,8.2,0.311,11009.9008,74.297646074
51193,VA,Westmoreland County,28.781119586,,66975.0,4.8456391781,0.0326742976,0.21,0.841436737,0.7953667954,0.0986643052,0.0002135497,0.0001577868,6.2,0.0,0.1726984127,,0.578,10259.164687,75.338351879
51195,VA,Wise County,36.94331049,15.545468851,50442.0,4.3240485907,0.0416441737,0.2,0.8032437873,0.7847741017,0.0826318635,0.0002244228,0.0015067948,6.7,0.0,0.1244206774,6.5,0.278,13685.066166,70.832183259
51197,VA,Wythe County,27.087823435,27.733990681,59026.0,4.6446200284,0.0297643654,0.194,0.8959529207,0.8181671507,0.072363887,0.0004258641,0.0026686593,6.4,1.0,0.0931958763,7.5,0.28,12204.79296,72.579749155
51199,VA,York County,14.187415762,13.100812033,101987.0,3.605934124,0.0273788282,0.067,0.9568634809,0.9347702779,0.0604924406,0.0011563139,0.0013953095,6.6,0.0,0.1169751871,9.3,0.292,5165.6984542,80.866609823
51510,VA,Alexandria city,14.287024183,8.0946459889,109902.0,4.229006196,0.0233804095,0.134,0.9285630213,0.9378624799,0.0807591058,0.0008015203,0.0049346132,7.4,,0.1731222634,,0.438,4702.0262508,82.180311001
51520,VA,Bristol city,33.100977452,17.893831841,45240.0,5.8933227073,0.0365302698,0.31,0.895533377,0.7597925481,0.0793159483,0.00064501,0.0013684774,6.0,,0.1477195371,6.4,0.16,12792.80464,71.68576327
51540,VA,Charlottesville city,25.363237798,7.4178710198,72542.0,7.5067585834,0.0243736794,0.179,0.9263886021,0.8995888116,0.0797277589,0.0028463829,0.0119823044,7.0,,0.2040393578,8.0,0.135,6526.4230184,78.305871099
51550,VA,Chesapeake city,24.774630778,13.305620014,91582.0,4.0133937866,0.029007526,0.123,0.934361957,0.9202368965,0.0682320115,0.0007800405,0.0021033062,6.8,,0.1389028686,9.1,0.393,7790.7649674,76.871938587
51570,VA,Colonial Heights city,48.352302313,17.081216858,70161.0,3.9279128984,0.0312358019,0.154,0.9183431953,0.8738237243,0.0704397394,0.0012586877,0.00255532,7.0,,0.1326188881,8.3,0.345,13353.409051,71.758146736
51590,VA,Danville city,37.807791623,12.954721554,45423.0,5.4290915602,0.0456961234,0.291,0.8501693292,0.7604658652,0.0837422726,0.0011133483,0.0041350957,7.4,,0.1729424422,7.1,0.193,17832.97179,68.316568031
51595,VA,Emporia city,60.957025297,,45894.0,4.5442506723,0.0458675898,0.334,0.7573428493,0.8377647589,0.0844835792,,0.0045762402,6.4,,0.1517857143,8.2,0.276,21097.558635,66.764192362
51600,VA,Fairfax city,23.435346016,26.726649286,119079.0,4.8614845467,0.0243479572,0.071,0.9183044791,0.9632015724,0.0876729144,8.23859e-05,0.0221921731,7.5,,0.1633663366,9.2,0.476,7713.7757,76.056110898
51610,VA,Falls Church city,32.029283917,17.159819409,145755.0,,0.0233825199,0.04,0.9736922296,0.9767057657,0.0385356455,0.0029669496,0.0166155941,7.3,,0.1385435169,,0.355,6198.9043923,78.256738301
51630,VA,Fredericksburg city,54.262491918,14.647144662,75915.0,5.4241498365,0.0340140655,0.194,0.9264810427,0.9196015031,0.0870220462,0.0017626115,0.0086075774,7.0,,0.1816964286,7.9,0.417,10344.901827,74.627977279
51650,VA,Hampton city,33.070150056,13.582399913,67764.0,4.2316161616,0.0372263434,0.187,0.9272043415,0.9145999307,0.0608000727,0.0003702467,0.0038731418,6.0,,0.18541539,8.3,0.266,10726.687521,74.613686128
51660,VA,Harrisonburg city,14.121392626,11.029254032,58597.0,5.1827275049,0.0350282486,0.17,0.8325174023,0.8349200854,0.131702584,0.0013416294,0.0072432559,6.8,,0.2114035088,7.9,0.135,5913.608136,78.243066
51670,VA,Hopewell city,99.303415745,31.86682736,49111.0,5.3561411864,0.0443730549,0.325,0.8770085699,0.8559142068,0.0741310692,0.0003025065,0.0015383263,6.9,,0.2060409924,6.7,0.395,19634.606619,67.300623399
51680,VA,Lynchburg city,32.10246105,12.025755376,58962.0,4.3939487022,0.0422873221,0.225,0.9042347764,0.9223690173,0.0703845289,0.0012656786,0.0075564217,5.4,,0.149447132,7.7,0.113,11250.794513,73.448999816
51683,VA,Manassas city,38.821413575,9.7010790578,92198.0,3.5375103328,0.0249944009,0.189,0.816931485,0.9572680009,0.1396269529,0.0009600075,0.0037942664,7.4,,0.1692477876,9.6,0.533,8307.4600815,76.652205057
51685,VA,Manassas Park city,25.140691176,,92611.0,2.8528715416,0.0255314922,0.136,0.7887815352,0.9403678606,0.1405213429,,,7.3,,0.1968962173,8.4,0.597,6335.2047713,88.913943176
51690,VA,Martinsville city,68.186983862,12.687148523,44547.0,5.2715702574,0.047272081,0.296,0.8607840896,0.8245239366,0.0779601944,,0.005158759,7.2,,0.192749779,6.3,0.197,19660.896455,65.781186288
51700,VA,Newport News city,36.86434105,14.667210097,63911.0,4.2542868948,0.0340244492,0.225,0.9183975275,0.9065806486,0.0712366949,0.0005688375,0.0022226106,6.7,,0.1882007475,8.0,0.301,10685.841516,74.232712214
51710,VA,Norfolk city,43.185485176,13.985276082,61098.0,4.6071650748,0.0337212378,0.252,0.8962102005,0.8732439099,0.0814882994,0.000991114,0.0032780496,6.1,,0.1980080754,7.7,0.273,11579.074586,73.282977119
51730,VA,Petersburg city,112.06036867,21.402025348,46216.0,5.1931545673,0.0544196772,0.315,0.8695291705,0.8308873031,0.0754888242,0.0006581112,0.0059743613,6.9,,0.2302108538,5.4,0.337,24086.456508,64.32283957
51735,VA,Poquoson city,29.401544918,17.397773691,108161.0,3.5692120936,0.0250267053,0.066,0.9716820198,0.9334335409,0.0495827197,0.0007952919,0.0007914523,6.4,,0.0964247021,8.6,0.335,7082.1354303,78.206625093
51740,VA,Portsmouth city,75.871749154,15.810852462,57012.0,4.7657316464,0.0365259561,0.25,0.8921528442,0.8748676849,0.0704340914,0.0006030253,0.0034816567,6.8,,0.2098301128,8.2,0.318,15223.011014,70.464624636
51750,VA,Radford city,27.188689505,,47325.0,8.3549436417,0.0359866796,0.179,0.9323958897,0.8850909091,0.0591120507,0.0005454876,0.0025926581,6.7,,0.2100991885,6.1,0.187,8738.9042666,74.813592435
51760,VA,Richmond city,83.693559519,11.874857634,64903.0,5.7828284992,0.0349739999,0.275,0.8926909577,0.8492339322,0.0856186451,0.0010591163,0.0052345287,7.2,,0.2115462457,7.9,0.219,12129.699111,74.436508826
51770,VA,Roanoke city,91.287148798,22.500052118,51782.0,5.2999852732,0.0319292668,0.263,0.8958870384,0.8403140758,0.0851578411,0.0011025135,0.0044663531,7.1,,0.173389454,7.7,0.2,15725.19799,70.159693009
51775,VA,Salem city,52.468649982,18.307127028,63701.0,4.2357501287,0.0294361839,0.129,0.9421516346,0.8956607495,0.0552897395,0.0013794191,0.0087890625,5.9,,0.129889669,8.4,0.181,10540.99947,73.210714399
51790,VA,Staunton city,15.634160641,10.478530918,59926.0,4.4902284407,0.0262707912,0.165,0.9365716144,0.836650229,0.0722394746,0.0004676357,0.0077947135,6.5,,0.153258427,8.6,0.263,8560.0676486,74.938356885
51800,VA,Suffolk city,29.794487327,12.903112292,81297.0,4.1997804036,0.0308304432,0.149,0.9177025678,0.8896668731,0.0636933284,0.0007692787,0.0017584121,6.7,,0.1419858156,9.2,0.503,9290.4387585,75.38729026
51810,VA,Virginia Beach city,25.430169268,14.812183174,90275.0,3.7434395765,0.0282678269,0.112,0.9466813776,0.9408509455,0.0721517413,0.0007123005,0.0027267778,6.2,,0.1417436245,9.1,0.313,6864.424363,78.733639117
51820,VA,Waynesboro city,30.837457231,30.047337996,56438.0,4.3032296876,0.0292094685,0.19,0.8903527943,0.8753638254,0.0879879232,0.0008425721,0.0019842982,6.6,,0.1910828025,7.4,0.268,11090.004266,73.573244506
51830,VA,Williamsburg city,23.52538603,19.66642278,70270.0,5.4018577272,0.0403306256,0.206,0.9310254048,0.8966418661,0.0782661048,0.0001282874,0.0003786206,6.4,,0.1412133891,8.4,0.218,7519.0077663,78.648431788
51840,VA,Winchester city,41.780069713,13.304654056,63514.0,4.6697570574,0.0284032753,0.219,0.8654022307,0.86370502,0.1054983749,0.0025589991,0.0082195749,6.9,,0.1519963702,7.6,0.213,11478.228112,74.197776085
53003,WA,Asotin County,31.007751938,24.61538579,64789.0,4.7437238494,0.0340641762,0.185,0.9195998292,0.8698876881,0.067863792,0.0006697326,0.005233048,10.7,0.0,0.1114701131,7.8,0.086,9609.8485661,76.694406098
53005,WA,Benton County,20.341935217,16.044948279,83040.0,4.1866868926,0.0454344659,0.129,0.8985679755,0.9175315531,0.0829911135,0.000704678,0.0038751225,16.0,1.0,0.1238390093,8.2,0.223,7204.0593401,77.840331499
53007,WA,Chelan County,21.084057922,18.473337714,74848.0,4.3188007748,0.0426858082,0.13,0.858426315,0.8964152474,0.1280224179,0.0011048891,0.0059252222,10.1,0.0,0.1416454623,8.2,0.221,6380.1700136,79.2911446
53009,WA,Clallam County,38.021026909,23.405826949,67071.0,4.3575054387,0.0524207238,0.163,0.9299065421,0.9147104168,0.092931433,0.0009589689,0.0048958978,6.9,1.0,0.1443436896,7.1,0.214,8714.8283304,77.272649719
53011,WA,Clark County,23.540242668,16.859755658,97240.0,3.7676871739,0.0431972132,0.084,0.9276276285,0.9396184852,0.0688772381,0.0007586957,0.0047164924,13.4,0.0,0.1570788652,8.7,0.323,6422.0728395,78.574991011
53015,WA,Cowlitz County,29.266748494,20.33758935,71996.0,4.3802523063,0.0506738656,0.167,0.8994447793,0.8956207238,0.0748169692,0.0005559341,0.0057148426,10.3,0.0,0.1634132086,7.4,0.347,9700.8564083,75.09348022
53017,WA,Douglas County,9.1290852657,10.841079449,69808.0,3.8525742358,0.0468075333,0.154,0.8253908393,0.8899923606,0.1299941039,0.0002746247,0.0006696728,11.1,0.0,0.140052356,7.2,0.215,5503.5527262,80.674602414
53021,WA,Franklin County,21.767152686,9.2888964371,82542.0,4.0035859181,0.056999586,0.151,0.7660839222,0.9233463837,0.1342343186,0.0002035251,0.001544924,15.1,0.0,0.1746031746,7.6,0.216,6306.851914,78.880955389
53025,WA,Grant County,27.243882586,15.952351243,71374.0,4.0463203047,0.0524673619,0.18,0.8141605769,0.8967306243,0.1295661162,0.0003988155,0.0026490582,15.3,1.0,0.1492150587,7.2,0.257,8460.0811668,76.85429364
53027,WA,Grays Harbor County,47.861671068,20.418305352,65758.0,4.2567060655,0.0632412434,0.191,0.9034124391,0.8872990461,0.0986356085,0.0003643888,0.0050329926,6.8,1.0,0.1386425648,7.4,0.313,10512.582679,74.643201978
53029,WA,Island County,16.918456883,17.161234222,88451.0,3.6235130757,0.0433764766,0.104,0.9588411776,0.9427228461,0.0671524412,0.0004460609,0.0032805128,9.2,1.0,0.1575498575,8.6,0.333,5964.8433964,80.761204667
53031,WA,Jefferson County,27.028650369,33.684308064,77856.0,5.1670348464,0.050219912,0.166,0.9608627895,0.9037509284,0.0790139704,0.0008332093,0.005309367,8.0,0.0,0.1565020975,7.7,0.305,8179.7862501,80.096422307
53033,WA,King County,30.573751706,12.495513431,120672.0,4.9108462455,0.0339570519,0.104,0.9378148186,0.9477192162,0.0573159582,0.0011912241,0.006381583,10.2,1.0,0.1792288681,9.1,0.418,5528.8231324,81.056605929
53035,WA,Kitsap County,20.7329523,16.978244652,98894.0,3.6856044606,0.0411699548,0.097,0.9531370912,0.947960173,0.0707120215,0.0006744096,0.0048765027,7.5,0.0,0.1427482734,8.2,0.325,6098.9477085,79.536640666
53037,WA,Kittitas County,19.300603323,15.039172196,66374.0,4.9665055007,0.0509688835,0.126,0.9305916109,0.8985766032,0.0836510125,0.0005055056,0.0022413642,9.9,0.0,0.2168353756,7.7,0.257,5849.1531809,79.804026773
53039,WA,Klickitat County,17.369655212,18.201703963,69596.0,4.1834887632,0.0505321897,0.17,0.8993284739,0.8593206466,0.0965353693,0.0005623324,0.0019076688,11.4,0.0,0.1500535906,7.9,0.345,7486.1380412,79.437648471
53041,WA,Lewis County,34.54066866,19.716192897,67877.0,4.3788598175,0.0539471421,0.169,0.903646442,0.8627839327,0.0903778322,0.0004620963,0.0064883813,9.3,0.0,0.1526020817,7.7,0.389,9176.6280332,75.597313346
53045,WA,Mason County,44.606749835,23.648516647,75138.0,4.231609908,0.0549415975,0.176,0.9110903894,0.9073818626,0.1045054813,0.0002662131,0.0027928468,6.8,0.0,0.152680885,7.8,0.548,9816.3837942,76.561249931
53047,WA,Okanogan County,37.388710167,24.60095276,58085.0,4.5185754351,0.0547945205,0.223,0.8570215545,0.8641329614,0.157365652,0.000820941,0.0035688141,15.1,0.0,0.1521346963,7.3,0.241,9893.2484795,76.052597479
53049,WA,Pacific County,32.373847561,19.466983014,61773.0,4.944804269,0.0601732615,0.18,0.9091874668,0.8939295343,0.099445774,0.0002087857,0.0051239669,6.8,0.0,0.1346153846,7.7,0.308,10076.13933,76.090536298
53051,WA,Pend Oreille County,35.537444621,36.723408836,63611.0,4.1619956554,0.0600349718,0.217,0.9431930449,0.855549837,0.0772616137,0.0005761198,0.0033423856,12.6,0.0,0.1343943413,7.1,0.446,13768.398164,72.885785817
53053,WA,Pierce County,33.935940221,16.981354185,97493.0,3.8212202881,0.0469247841,0.114,0.9246917037,0.9381958305,0.0662410988,0.0007172888,0.0060385745,9.5,1.0,0.1632139774,8.3,0.458,7855.1274144,77.386202216
53057,WA,Skagit County,30.560479188,17.656955006,90432.0,4.140288735,0.0461565946,0.125,0.9083383246,0.9235412865,0.0854102022,0.0008186938,0.0056765867,8.0,0.0,0.160862683,8.0,0.35,6898.3541541,78.53004371
53061,WA,Snohomish County,29.432766297,14.078712689,106067.0,4.0267485555,0.0347384098,0.103,0.9307595983,0.9381415858,0.0674084454,0.0005338676,0.0046273443,10.7,0.0,0.1604944384,9.0,0.48,6059.2200521,79.264669049
53063,WA,Spokane County,30.973764667,18.25555146,73380.0,4.3562051028,0.0424412726,0.126,0.9451195422,0.9125991875,0.0619440332,0.0008698996,0.0063268988,10.4,0.0,0.1488742606,8.2,0.256,8069.8209858,76.89560571
53065,WA,Stevens County,16.195472309,25.047784994,67525.0,4.3529898328,0.0599301683,0.175,0.9202603743,0.8520781752,0.0779322939,0.0006958209,0.0048119254,13.5,1.0,0.1421514819,7.0,0.447,9095.242232,76.877859367
53067,WA,Thurston County,30.309527632,15.009025641,92357.0,3.7183111733,0.0413774693,0.103,0.9447051033,0.935957396,0.0673029476,0.0008725506,0.0056788728,9.0,1.0,0.1538125791,8.2,0.354,7249.4162308,78.308292243
53071,WA,Walla Walla County,21.521112211,15.643215467,71348.0,4.6999425501,0.0415056629,0.168,0.8923902439,0.8877725524,0.0854252611,0.0010050732,0.0038981289,12.9,1.0,0.1565236427,8.2,0.116,7866.569363,77.715419906
53073,WA,Whatcom County,22.157086502,18.138392149,75920.0,4.2016253761,0.0432397183,0.123,0.9376805905,0.928969495,0.0777564738,0.000939558,0.0063211725,5.6,1.0,0.1923440717,8.0,0.242,6158.7320503,79.636309935
53075,WA,Whitman County,11.035091591,16.331401922,59044.0,6.989442947,0.0404361264,0.151,0.960709447,0.8522727273,0.0665928247,0.0006893238,0.001978672,11.7,0.0,0.2543031649,7.4,0.146,5805.0613431,78.072923088
53077,WA,Yakima County,32.944837008,13.852518338,67112.0,4.0071775039,0.057804004,0.211,0.7631699554,0.8888440287,0.1391270624,0.0006171031,0.0040834934,14.5,1.0,0.198558516,7.6,0.198,10200.794951,74.991676812
54001,WV,Barbour County,38.034061615,25.610182756,51353.0,4.0850792814,0.0484433896,0.251,0.8858147937,0.8250723897,0.0757458516,0.000323248,0.0012355313,6.2,0.0,0.0928632846,7.5,0.417,12789.289782,72.048230912
54003,WV,Berkeley County,77.313309539,18.003061607,78995.0,3.7300136799,0.0340399614,0.135,0.9057157875,0.9099910902,0.0717941206,0.0004204047,0.002076412,7.5,1.0,0.1165670367,8.2,0.411,11451.372816,73.25304764
54005,WV,Boone County,108.94450146,17.404338978,48034.0,5.5348195009,0.0420515649,0.253,0.8477777778,0.8630605523,0.0688932709,0.0003284535,0.0004374028,7.0,0.0,0.0959079284,7.8,0.532,17744.283107,68.870466508
54007,WV,Braxton County,68.180626213,23.132788485,50038.0,3.8327198943,0.0506329114,0.243,0.8367878459,0.7825903233,0.0817133816,0.0004899159,0.0009866798,6.4,0.0,0.0772626932,7.0,0.476,12079.215653,73.540831923
54009,WV,Brooke County,68.653027599,13.25099554,49187.0,4.2049943793,0.0501810657,0.175,0.9241832496,0.8293949348,0.0565954218,0.0002258356,0.00046788,8.2,0.0,0.0733944954,8.2,0.355,11823.267382,73.082235547
54011,WV,Cabell County,131.77934521,17.350638737,55031.0,5.9191199915,0.0366380872,0.239,0.9001576881,0.840206449,0.0781141218,0.0016806183,0.0038552594,6.8,0.0,0.151142132,7.8,0.262,17385.204007,69.468349412
54015,WV,Clay County,83.170457853,24.470709384,45291.0,5.3323223814,0.0580666447,0.305,0.8408716352,0.8344594595,0.0724256857,,0.0010278813,6.6,0.0,0.1174438687,6.3,0.447,16179.52407,69.324251984
54019,WV,Fayette County,99.608153051,14.965138635,49739.0,4.8311675718,0.0440816327,0.224,0.8606867603,0.8090508411,0.0781271314,0.0004007313,0.0008957821,6.8,1.0,0.1054625829,7.1,0.434,15972.817173,69.797626924
54023,WV,Grant County,47.816861421,,53187.0,4.3846024894,0.0375679684,0.205,0.9039339006,0.8260971055,0.0859574468,0.0006373486,0.0013735006,5.6,0.0,0.0735826297,8.4,0.314,11644.396393,74.33346122
54025,WV,Greenbrier County,76.487993398,21.32387328,47309.0,4.6790188391,0.0367535467,0.217,0.8729672694,0.8222977566,0.0857259714,0.0015026987,0.0015552583,6.5,1.0,0.1039402174,7.2,0.384,14044.725917,71.3649125
54027,WV,Hampshire County,60.034305317,16.300903243,63290.0,5.5890052356,0.0284304933,0.194,0.8867494588,0.8065597319,0.0820754176,0.0002574886,0.000972557,5.7,0.0,0.0973451327,7.2,0.679,11950.451527,74.446561502
54029,WV,Hancock County,62.061616647,13.472898661,58478.0,4.6044482325,0.057792663,0.172,0.8990713817,0.8879062912,0.0709405709,0.000593244,0.0018475751,7.1,1.0,0.0973520249,6.7,0.361,12479.419751,72.641665697
54031,WV,Hardy County,47.636060498,29.115757406,52212.0,4.1194159857,0.043403078,0.164,0.8657554765,0.817058724,0.0803040015,0.0001412429,0.0007718757,5.5,1.0,0.0914581536,7.8,0.34,13699.950173,72.662276677
54033,WV,Harrison County,63.470141107,25.794997156,58897.0,4.7940145698,0.0326332132,0.156,0.8880053157,0.8415449654,0.0768000936,0.0012584794,0.0033725769,6.6,1.0,0.1058170685,8.3,0.245,11897.428587,73.079225788
54035,WV,Jackson County,57.20619257,21.111143368,52503.0,4.6227608874,0.0415977506,0.196,0.8939263897,0.791199081,0.0708888584,0.0003605163,0.000942268,7.6,0.0,0.113258427,7.4,0.432,11780.402233,73.211578695
54037,WV,Jefferson County,54.908914119,18.139169885,92747.0,4.3752385201,0.0268490863,0.1,0.8999220235,0.9122759123,0.0644170497,0.000582491,0.0013715356,7.4,1.0,0.1188563327,8.9,0.579,9061.566215,75.862407405
54039,WV,Kanawha County,104.3947746,18.798366792,56633.0,5.0898235372,0.0360414202,0.187,0.9074615777,0.8618597505,0.0751565147,0.0012981029,0.0031806871,7.1,0.0,0.1183047322,7.5,0.238,14978.728745,70.964359577
54041,WV,Lewis County,50.541808184,28.814992058,52827.0,5.5739558727,0.0459733162,0.202,0.883575363,0.8102305476,0.0717420917,0.0004143973,0.0021818182,6.6,0.0,0.1148648649,7.8,0.444,14631.727045,70.32740195
54043,WV,Lincoln County,98.218744798,26.461485169,47435.0,5.6844789483,0.0485409253,0.232,0.818169132,0.8219178082,0.0722868587,0.0004968697,0.0007613827,7.4,1.0,0.1121134021,7.6,0.544,17816.784261,68.694793577
54045,WV,Logan County,164.36104643,20.362090469,48745.0,5.6188031446,0.0415197461,0.233,0.8264678959,0.8882704098,0.0836760386,0.0004074086,0.0012975638,7.0,1.0,0.1187399031,7.0,0.311,22019.521597,66.16952092
54047,WV,McDowell County,180.69227729,33.059761689,35161.0,5.7641460905,0.064229249,0.369,0.7590091717,0.8153917335,0.1042638241,0.0002722867,0.0004587419,6.6,1.0,0.099766173,6.5,0.588,24028.99595,65.092720417
54049,WV,Marion County,61.936098621,16.420117809,62449.0,4.2293264538,0.0403402964,0.2,0.9222962504,0.8873067712,0.0699839854,0.0004821342,0.0014335119,7.0,0.0,0.1050257732,8.0,0.384,11152.675027,73.499769399
54051,WV,Marshall County,41.124819384,26.708446417,59661.0,5.2949756888,0.0497300586,0.192,0.9270541082,0.8372968212,0.0626903669,0.0003652665,0.0002720626,7.6,1.0,0.0893310754,8.0,0.386,10486.481623,74.33517093
54053,WV,Mason County,94.127490457,25.275329897,52054.0,4.2460621016,0.0455263678,0.231,0.8710153644,0.8252115553,0.0644197952,0.0004770044,0.0003634161,7.9,0.0,0.0775733466,7.7,0.415,15003.953868,71.136413946
54055,WV,Mercer County,118.1448979,15.24248474,47084.0,4.5316821081,0.0440428315,0.256,0.8660577659,0.8440175316,0.0793934386,0.00050764,0.0016535474,6.6,1.0,0.1091942358,6.7,0.306,18111.875048,68.684768823
54057,WV,Mineral County,43.513936892,18.671768777,59085.0,4.9600033089,0.040931835,0.171,0.9330773169,0.8858665171,0.0536387217,0.0002978739,0.0008560688,6.1,1.0,0.0757430489,8.2,0.288,10865.98431,73.550202576
54059,WV,Mingo County,119.65737133,14.767348102,38358.0,7.0559809006,0.0530795419,0.314,0.764546851,0.8376789082,0.0952487548,0.0001304064,0.0024065749,7.1,1.0,0.1273326015,6.2,0.548,22436.805673,65.779653621
54061,WV,Monongalia County,42.177614622,13.060397474,62330.0,6.3354242899,0.0310493083,0.129,0.9403634929,0.8971844638,0.0621527087,0.0013347495,0.0038990698,6.3,0.0,0.1620073327,8.1,0.251,7458.5559143,77.607705425
54063,WV,Monroe County,68.679504451,19.407868582,47797.0,4.0899357602,0.030033557,0.205,0.8785026027,0.7983530405,0.0809482194,0.0004054492,0.0007268616,6.5,0.0,0.0522803115,6.6,0.64,14123.245194,72.248965725
54065,WV,Morgan County,62.828421293,22.471039648,61802.0,3.3735530877,0.0313637965,0.159,0.878721309,0.8126473443,0.0757262206,0.0005226177,0.0007932461,6.7,0.0,0.0884255931,8.7,0.59,13254.400417,73.099539435
54067,WV,Nicholas County,52.072627612,28.444202127,48515.0,4.7666493849,0.0464186563,0.228,0.8802989737,0.8270974466,0.0786019124,0.0008641975,0.0014067607,6.5,1.0,0.0872933884,7.8,0.382,14496.766485,71.683338466
54069,WV,Ohio County,73.952011575,19.737923119,59882.0,5.6178791727,0.0381328402,0.173,0.9260249856,0.8386278403,0.0655244572,0.0013165454,0.0040054377,6.7,1.0,0.1114932645,7.9,0.249,11927.345923,73.22486087
54075,WV,Pocahontas County,67.085953878,28.184168104,43632.0,4.2460969597,0.0450204638,0.248,0.8383872043,0.7128072445,0.0985967504,0.000510139,0.000643915,5.8,1.0,0.1065292096,5.9,0.336,15349.157402,72.206215271
54077,WV,Preston County,36.306544991,23.571910817,54881.0,4.523771214,0.0387747189,0.219,0.8582719876,0.8410564976,0.0840427763,0.0003783689,0.0003812429,6.3,1.0,0.0895283773,7.7,0.48,11315.316059,74.044676683
54079,WV,Putnam County,45.107584518,17.870563803,72073.0,4.2481583255,0.0328338229,0.115,0.9314643279,0.8665056007,0.0595808252,0.0010478519,0.0010884449,7.8,0.0,0.0919592299,8.9,0.407,9065.2665786,75.440201026
54081,WV,Raleigh County,137.99510869,21.219416867,53456.0,5.7497494329,0.0366963337,0.21,0.8551597895,0.7515656183,0.0785512439,0.0007726613,0.002943778,6.8,1.0,0.1571499917,6.1,0.245,16995.711938,69.480244834
54083,WV,Randolph County,27.448593558,31.108265412,50868.0,5.3925125628,0.0475704195,0.246,0.8777200549,0.8023110255,0.0741300271,0.0007552327,0.0013162706,5.8,0.0,0.0938897168,8.1,0.218,10398.314008,74.319902945
54089,WV,Summers County,113.52937919,18.790184489,44218.0,4.3018420318,0.0387561965,0.293,0.8293181329,0.7076667359,0.0827361564,0.0002519315,0.0016406183,6.6,0.0,0.1154618474,6.8,0.557,18193.19234,69.408530904
54091,WV,Taylor County,48.452546787,24.592752355,57821.0,4.8158832449,0.0370464028,0.177,0.8635200924,0.8323281062,0.0747760717,0.0002425418,0.0006712228,6.7,0.0,0.0686498856,,0.387,10943.449772,73.634362586
54095,WV,Tyler County,44.228217603,25.986796011,58892.0,5.1844782609,0.059348199,0.271,0.9158121072,0.8378292606,0.0559440559,0.0002452483,0.0002525571,7.1,0.0,0.0535405872,8.3,0.527,10212.149987,74.750934587
54097,WV,Upshur County,34.851463064,17.484769652,53380.0,5.4634096484,0.0462039487,0.246,0.8843146836,0.8345848978,0.0743717455,0.0005884578,0.0011050193,6.2,0.0,0.1213541667,8.0,0.375,10984.046447,74.741656488
54099,WV,Wayne County,114.23626136,15.548982496,51532.0,5.1698872409,0.0411742035,0.215,0.8529199451,0.8135048232,0.0792069106,0.0004675568,0.0024412249,7.9,1.0,0.1018646409,7.0,0.362,16601.379681,70.355872854
54103,WV,Wetzel County,60.326225666,23.179894289,56296.0,4.4124784892,0.0586505726,0.236,0.8991232391,0.7942616034,0.0633848432,0.0004234298,0.0013678906,7.1,1.0,0.0820695807,6.4,0.428,15540.627995,70.186594034
54107,WV,Wood County,53.62101944,21.008881284,56353.0,4.789869154,0.0410350593,0.187,0.9051976574,0.8485968745,0.0781744447,0.0008609968,0.0020348697,7.0,1.0,0.094548552,7.6,0.171,11835.551593,73.358277084
54109,WV,Wyoming County,119.93322637,23.671331654,47212.0,4.5848012079,0.0428591179,0.259,0.780362776,0.7474135756,0.0923028191,0.0002850221,0.0005918035,6.6,1.0,0.1122514432,7.1,0.481,17892.878912,68.675045021
55001,WI,Adams County,28.754452947,25.643146766,57944.0,4.0312263095,0.0509609423,0.205,0.889820996,0.8275050797,0.0850457477,9.58084e-05,0.0007459555,7.8,1.0,0.1286283438,8.0,0.438,11056.414804,75.932958939
55003,WI,Ashland County,54.666638632,23.753375131,52158.0,5.2039657375,0.0374501992,0.169,0.9518449031,0.8032715058,0.0738215488,0.0017383746,0.0041047329,5.2,1.0,0.118490566,7.3,0.162,12409.809994,74.005555442
55005,WI,Barron County,11.539682082,21.65893776,66507.0,3.9554993252,0.0356843341,0.113,0.9172736265,0.8344975272,0.074597908,0.0010060147,0.0010249183,6.7,0.0,0.1204533474,8.4,0.228,7672.7792303,77.645535394
55007,WI,Bayfield County,24.911770812,33.247607687,64339.0,3.9630541085,0.04536862,0.159,0.9616798311,0.8828732243,0.0805535841,0.0004289216,0.0023853539,5.6,0.0,0.1256793478,7.8,0.305,7971.2007325,79.385057575
55009,WI,Brown County,21.013706159,14.013038838,77645.0,3.8597205567,0.0271261563,0.105,0.9328688556,0.9096582251,0.066141804,0.0006936433,0.0026195854,7.3,1.0,0.1148742693,8.6,0.163,6167.4786704,78.727876589
55013,WI,Burnett County,20.268763808,19.920875058,67061.0,4.7144770006,0.0459025246,0.223,0.927854645,0.8309580923,0.0754470126,0.0001791687,0.0011116312,5.7,0.0,0.1158798283,8.5,0.37,8122.0564843,79.176721975
55015,WI,Calumet County,12.864549162,8.922846909,86890.0,3.5859382378,0.0236987184,0.052,0.9475914907,0.9179022646,0.0419374842,0.0001522678,0.0003383522,8.2,0.0,0.0933300757,9.4,0.277,4552.9895699,81.220724035
55017,WI,Chippewa County,15.624291237,19.387803937,76637.0,3.9347883793,0.0351894139,0.11,0.9348077206,0.8901644898,0.0644177699,0.0007178644,0.00101538,7.7,0.0,0.1153329495,8.6,0.264,6527.4732671,78.831804053
55019,WI,Clark County,12.481158251,18.144686698,66994.0,3.6744585031,0.0277011494,0.159,0.8254513389,0.7790734321,0.2003236701,0.000201462,0.0006326566,7.5,1.0,0.1354249404,8.4,0.306,7843.1707641,76.817915527
55021,WI,Columbia County,28.104548922,18.921379708,79582.0,3.7249839104,0.0260119157,0.092,0.9382795392,0.8773059304,0.0611921507,0.0003932431,0.0014287928,8.4,1.0,0.1147199667,9.0,0.421,6231.1845623,78.544100885
55025,WI,Dane County,26.770503772,12.442847963,84190.0,4.3076332361,0.0226456243,0.077,0.9627956743,0.9261768727,0.0456428367,0.0012802531,0.0050804123,8.4,1.0,0.1369923952,9.0,0.237,5426.9866046,80.769546102
55027,WI,Dodge County,29.441628198,14.92165886,73861.0,3.5232809296,0.0261807087,0.095,0.9245098344,0.888475212,0.0593647967,0.0005710255,0.0013487323,7.6,1.0,0.108245962,9.1,0.335,7420.8274515,76.727974453
55029,WI,Door County,12.389619751,23.245558341,74247.0,3.9440990039,0.0303399615,0.101,0.9659378693,0.8850246922,0.0731624264,0.0006914946,0.0012760945,7.0,0.0,0.1219691403,9.0,0.182,5837.0913677,80.227428057
55031,WI,Douglas County,30.291785625,18.189880019,73372.0,4.4304452306,0.043485801,0.121,0.946328037,0.8704808149,0.0566995275,0.0002488519,0.0018299295,5.7,1.0,0.120593692,7.9,0.286,8763.2466265,76.412014051
55033,WI,Dunn County,8.7815587267,15.312048598,71215.0,4.3134183442,0.0338196014,0.106,0.9444896803,0.8821463527,0.0561025293,0.0007464817,0.0022710399,7.4,0.0,0.1351664255,8.5,0.308,5951.5118518,79.821351916
55035,WI,Eau Claire County,17.579713011,16.351975793,72806.0,3.7400327074,0.0270532513,0.104,0.9600815082,0.9021058228,0.0560688416,0.0014184797,0.0041148068,7.7,1.0,0.1242406194,8.4,0.143,6237.4073371,78.748994752
55039,WI,Fond du Lac County,24.75088396,16.69684277,73485.0,3.6946265115,0.0265909293,0.107,0.9301034743,0.8909010601,0.0561671145,0.0004791016,0.0017604956,8.1,0.0,0.0855278766,8.6,0.258,7377.1472899,77.849193071
55041,WI,Forest County,43.479836226,,59190.0,4.3023711382,0.0483911832,0.209,0.9072886297,0.8342611336,0.0950132783,,0.0017158177,5.7,0.0,0.1161202186,7.3,0.333,11728.465515,74.114015369
55043,WI,Grant County,11.657502574,11.02943397,63246.0,3.8947746571,0.0290949888,0.155,0.9288521771,0.8448752072,0.0864560686,0.0004221838,0.0017701181,8.2,1.0,0.1059418458,8.8,0.271,7008.7050313,78.020845347
55045,WI,Green County,15.397574429,17.934427346,78114.0,3.8499115827,0.0243695898,0.096,0.93867372,0.8700108912,0.0634203137,0.0007299665,0.0015155206,9.1,1.0,0.1059129305,9.2,0.377,5851.6219097,79.193219655
55047,WI,Green Lake County,22.665062678,13.903183139,64516.0,4.1082447158,0.0341118957,0.147,0.9151019807,0.8311433133,0.0868364741,0.0008320766,0.0010339123,7.9,0.0,0.114589856,8.6,0.348,8058.3686569,76.867891876
55053,WI,Jackson County,36.748845607,22.260910033,61023.0,4.1485560538,0.0389075539,0.177,0.9244123932,0.8415467187,0.0708882223,0.0008995786,0.0017262047,7.7,0.0,0.1371069182,7.7,0.357,9145.020118,76.41603539
55055,WI,Jefferson County,19.549195551,12.75946614,82356.0,3.7327098334,0.0275588847,0.098,0.9288352416,0.8957190538,0.0609978452,0.0003884958,0.0011896015,9.0,1.0,0.1012994684,9.2,0.403,7008.2727876,78.037468907
55057,WI,Juneau County,26.062351072,17.391564963,63587.0,3.9595371693,0.0319047269,0.162,0.8966685203,0.8238673214,0.0734834111,0.000746213,0.0022185455,7.9,0.0,0.1099855282,7.7,0.34,8838.6203734,76.03598122
55059,WI,Kenosha County,32.39698155,14.19484983,75699.0,4.2394000169,0.0343950574,0.156,0.9145675318,0.9175082433,0.0649976136,0.0004919043,0.0017672908,7.1,1.0,0.1471726755,8.1,0.371,7666.3471914,76.73401789
55063,WI,La Crosse County,28.394144125,16.126291345,71260.0,4.1787163639,0.0256471324,0.096,0.9647529255,0.8882733514,0.0507299653,0.0013949665,0.0039257673,7.7,0.0,0.1367805665,8.8,0.177,6574.5072046,78.857685737
55067,WI,Langlade County,20.625644551,20.23104845,57907.0,4.063256965,0.0355517017,0.185,0.8978457262,0.8699744364,0.0761005416,0.0008204287,0.0011337868,6.7,0.0,0.0862581797,7.7,0.275,8311.0936034,76.703692373
55071,WI,Manitowoc County,24.023128474,16.686437756,69652.0,3.8004341711,0.0300230947,0.114,0.9234744178,0.8768875061,0.0596814646,0.0004662291,0.0014754522,7.7,1.0,0.0912874982,8.5,0.217,7253.6176,78.003617118
55073,WI,Marathon County,16.050622691,15.855027486,74505.0,3.7909895141,0.0274241883,0.123,0.9308802055,0.8877498989,0.0678887484,0.000944438,0.0024312469,7.8,1.0,0.093472074,8.8,0.176,6974.4173344,78.402559565
55075,WI,Marinette County,19.335347432,26.001667571,62650.0,3.649768541,0.0400398825,0.159,0.9313979113,0.8575107296,0.0660812716,0.0005731343,0.0016149717,7.0,1.0,0.089397656,8.2,0.224,8697.0127235,76.023390232
55077,WI,Marquette County,21.206209178,23.796339636,67207.0,3.9728572392,0.0373663188,0.162,0.9190125962,0.8747275105,0.0678846653,0.0001899696,0.0008208107,7.8,0.0,0.1158445441,8.8,0.42,10606.482136,74.876625102
55078,WI,Menominee County,122.77470841,64.08573492,49791.0,3.5972653822,0.0613861386,0.455,0.9528035498,0.873502994,0.0393103448,0.0009326183,0.0033128254,6.8,0.0,0.244,6.5,0.177,27936.538589,62.955563474
55079,WI,Milwaukee County,63.150670407,13.239728738,63304.0,4.8614321412,0.0376525338,0.233,0.8957536565,0.8751895663,0.0772210815,0.0007704252,0.0039041481,9.1,0.0,0.187459666,8.5,0.256,11225.871111,74.340074598
55081,WI,Monroe County,22.320785692,18.324522907,63372.0,3.8135964227,0.0267928834,0.172,0.9084554462,0.8505935773,0.0854737519,0.0006278007,0.0025134883,8.0,1.0,0.1212292078,8.3,0.257,7458.2809039,76.905849539
55083,WI,Oconto County,16.187847187,15.722255823,69599.0,3.762832618,0.0326217896,0.106,0.9310652921,0.8779636539,0.0623506693,0.000304909,0.0005279698,7.2,0.0,0.0847094801,9.1,0.448,6794.052866,78.480861838
55085,WI,Oneida County,13.366363102,17.350979206,66650.0,4.3307897368,0.0344164055,0.122,0.9573388717,0.8781898402,0.0685666018,0.0007057163,0.0029561032,6.2,1.0,0.0858505564,8.9,0.22,6918.3967273,77.928377428
55087,WI,Outagamie County,15.896918094,14.972731249,86098.0,3.6399002494,0.0258032233,0.064,0.9475325349,0.9204546926,0.0520702437,0.000903182,0.0029497914,7.5,0.0,0.083921155,9.0,0.219,6072.4450496,79.0206435
55089,WI,Ozaukee County,15.605209963,8.5438353534,98394.0,4.2999342597,0.0260379872,0.037,0.9782628761,0.9295397977,0.0409964254,0.0015027514,0.0030708324,6.5,0.0,0.0950121984,9.2,0.351,4855.0731002,81.037064517
55093,WI,Pierce County,15.647126014,14.017599003,95522.0,3.8798539167,0.0348126708,0.071,0.9566910333,0.9096098953,0.0504969351,0.0003757015,0.0008134616,7.4,0.0,0.1078184111,9.1,0.449,5140.3524188,79.787843544
55095,WI,Polk County,11.116545867,18.252225188,71613.0,3.6541565227,0.0412845858,0.122,0.9360293675,0.866057677,0.0713675943,0.0007924105,0.002163367,6.7,0.0,0.1067615658,9.0,0.439,7642.128706,77.751527616
55097,WI,Portage County,12.251552649,12.603583343,71295.0,3.7610619469,0.0296948543,0.104,0.9481957532,0.9174989877,0.0633952399,0.0004541068,0.0016614102,7.8,0.0,0.1027892562,9.0,0.222,5998.9783221,79.319816019
55101,WI,Racine County,29.734395389,14.556668529,74555.0,4.0552870786,0.0355180593,0.15,0.9158463987,0.8997206386,0.0716241543,0.0004317,0.0017598023,9.0,1.0,0.1291118421,8.8,0.346,9277.332445,75.831468032
55103,WI,Richland County,23.273855702,17.736659523,60639.0,4.1674290942,0.0301689917,0.161,0.9208732349,0.7932293861,0.0792854904,0.000755287,0.0015118916,8.0,0.0,0.1278825996,6.9,0.305,7313.2506994,78.478652867
55105,WI,Rock County,42.927623213,17.081455379,73656.0,3.778732047,0.0338885438,0.149,0.9261464684,0.8911510532,0.0662741411,0.000511008,0.0022827159,9.3,1.0,0.1141147963,7.9,0.321,8626.1828092,76.310749147
55107,WI,Rusk County,23.623349318,20.67847826,58513.0,4.1410386392,0.0372807018,0.208,0.9231508165,0.8344783512,0.0792888035,0.0004956454,0.0007070636,6.5,1.0,0.1261335532,7.4,0.344,9153.4874955,76.329843746
55109,WI,St. Croix County,11.311457446,12.145689062,103731.0,3.4499425082,0.0352614038,0.054,0.9632516018,0.9161970105,0.0479196841,0.0005260721,0.0018912188,7.3,0.0,0.0837925675,9.4,0.423,4918.6212574,79.764712155
55111,WI,Sauk County,29.09306207,18.615465883,79349.0,3.6843303437,0.0264679211,0.116,0.9335941722,0.8823701003,0.0758966124,0.0010046121,0.0020175971,7.4,0.0,0.1145251397,9.0,0.312,7554.4995697,77.67151954
55113,WI,Sawyer County,61.620047055,29.408652957,59053.0,4.6219532416,0.042201382,0.188,0.928767321,0.8401783619,0.0883464567,0.0007652364,0.0032341527,5.9,0.0,0.1166456494,7.5,0.246,11331.271394,74.895853621
55115,WI,Shawano County,17.138520048,16.135120261,67562.0,3.7877511654,0.0299863255,0.147,0.9293909974,0.8473431669,0.0763486009,0.0005384371,0.0017757669,7.4,1.0,0.0968320383,8.7,0.33,7117.6071514,77.574552943
55117,WI,Sheboygan County,26.508716522,14.240342274,73970.0,3.522067054,0.0246294403,0.118,0.9354189402,0.9043013798,0.0543663224,0.0006114805,0.0018088865,7.7,0.0,0.1006153846,9.2,0.153,6925.656231,78.105228936
55123,WI,Vernon County,15.080356758,20.094563546,69389.0,4.14724501,0.0281911755,0.183,0.9047389481,0.7903331692,0.1244027023,0.0010350962,0.001732435,8.1,1.0,0.1457541191,8.4,0.396,7508.3828186,77.767369066
55125,WI,Vilas County,27.283562372,18.31718172,63779.0,3.8780127258,0.0394950751,0.166,0.961348461,0.8610319139,0.0919751521,0.0007227891,0.001046682,5.0,1.0,0.1127962085,8.7,0.217,10459.484927,76.461805099
55127,WI,Walworth County,22.142649273,15.871997953,76573.0,4.0919082865,0.0292480758,0.105,0.9251482699,0.8756157926,0.0777505281,0.0004307156,0.0014930733,9.1,0.0,0.126487387,8.3,0.338,7248.4055847,78.042463953
55131,WI,Washington County,23.097046496,12.607171667,93830.0,3.4972488942,0.0255070444,0.058,0.9559195238,0.9224354662,0.0434215532,0.0005831966,0.001483701,8.7,0.0,0.0740973031,9.3,0.409,5783.7977311,79.56033856
55133,WI,Waukesha County,22.931998871,11.313722057,99168.0,3.9437974789,0.0264533705,0.044,0.9714047,0.9330775226,0.0389537026,0.0014018143,0.0031459726,8.8,1.0,0.1103631047,9.3,0.298,5179.2479578,80.33807272
55135,WI,Waupaca County,10.408399578,19.521855628,68545.0,4.1518130703,0.0304131448,0.153,0.9203352074,0.8588014647,0.0654926249,0.0005817336,0.0010702888,7.7,0.0,0.1030439684,8.9,0.379,7172.9353369,76.464766633
55137,WI,Waushara County,13.48563106,20.252746308,70336.0,3.9857205847,0.0347500668,0.144,0.9009080771,0.8376076648,0.0883093114,0.0002819397,0.0015641293,7.7,0.0,0.1168437026,8.5,0.443,8260.5958125,77.607972688
55139,WI,Winnebago County,22.76388597,14.857392229,70720.0,3.8928252722,0.0265997383,0.114,0.945131455,0.8979960533,0.0569563293,0.0007866079,0.0029929834,8.3,1.0,0.1049499405,8.4,0.179,7250.0551955,77.933126777
55141,WI,Wood County,21.303309265,18.516289715,67068.0,4.0418034434,0.0353815837,0.125,0.9349776208,0.8861686807,0.0583539582,0.0013770757,0.0019881253,7.8,0.0,0.1017615602,8.3,0.242,7716.2697842,77.068580189
56001,WY,Albany County,12.217577603,26.776608066,59633.0,5.457951375,0.0260108883,0.12,0.9694574369,0.8956589801,0.1368558382,0.0007977026,0.0061688057,6.4,0.0,0.2179206993,7.1,0.096,6761.6523053,78.535386946
56005,WY,Campbell County,14.985549649,26.356046836,89749.0,4.0225380971,0.0266820849,0.095,0.9187907913,0.9242686951,0.1467582675,0.0005603328,0.0024632616,5.4,1.0,0.1067481094,7.9,0.169,8294.3268506,76.540719529
56007,WY,Carbon County,25.055806114,36.645581654,67773.0,4.3906276782,0.0295091009,0.13,0.9122910521,0.9124893798,0.1695714032,0.0005461124,0.0028603321,4.6,1.0,0.101095198,6.3,0.167,9503.6275549,75.774670843
56009,WY,Converse County,31.505986137,26.605305758,77224.0,4.0816101214,0.0233735878,0.132,0.9374671018,0.814438409,0.132398893,0.0005851375,0.0025345789,4.5,0.0,0.0585625555,8.2,0.277,7553.229231,77.238739694
56013,WY,Fremont County,33.862433862,33.243381717,64170.0,3.9405001341,0.0338273027,0.181,0.9352989971,0.8668467252,0.1845385687,0.0008135042,0.0028130102,7.3,1.0,0.1352657005,7.5,0.185,16822.716855,70.518910676
56021,WY,Laramie County,22.503069352,28.376178503,75131.0,4.1994842189,0.029679478,0.122,0.9447580353,0.9081006047,0.1203302899,0.0006345241,0.0048621564,4.4,1.0,0.1170421156,7.3,0.126,8712.5427474,76.004391337
56023,WY,Lincoln County,19.650869551,27.643959623,88037.0,3.8521212121,0.0288981926,0.082,0.9464311994,0.8621697154,0.1678485577,0.0006450653,0.0013888889,5.2,1.0,0.1123899797,8.3,0.27,7434.5406091,79.054795103
56025,WY,Natrona County,19.168982919,30.930933505,73110.0,4.1000367782,0.0316398162,0.119,0.9375252729,0.9089079165,0.1319505128,0.0007164855,0.0050036902,4.9,1.0,0.118584342,7.5,0.111,9915.1666612,74.873567706
56029,WY,Park County,16.674633436,29.385765584,70330.0,4.5079798754,0.0286221997,0.118,0.9581045541,0.9029516655,0.1407797306,0.0012953368,0.0040344884,4.5,0.0,0.1043236811,7.7,0.181,7530.130243,78.126106662
56037,WY,Sweetwater County,31.043046358,34.648606721,76442.0,4.5250230371,0.0333810676,0.115,0.9253116531,0.8910039732,0.1317914093,0.0004325467,0.0024970302,3.6,1.0,0.107855763,7.7,0.195,10209.647523,74.630018279
56041,WY,Uinta County,29.238816153,31.432008986,79086.0,3.6720764533,0.0317722076,0.114,0.94606708,0.9080090921,0.1365229583,0.0005815362,0.0038081465,,1.0,0.0905537459,8.5,0.172,10947.02974,74.946118673
